ISO-10303-21;
HEADER;
FILE_DESCRIPTION(('FreeCAD Model'),'2;1');
FILE_NAME('Open CASCADE Shape Model','2026-10-06T20:35:11',('FreeCAD'),(
    'FreeCAD'),'Open CASCADE STEP processor 8.0','FreeCAD','Unknown');
FILE_SCHEMA(('AUTOMOTIVE_DESIGN { 1 0 10303 214 1 1 1 1 }'));
ENDSEC;
DATA;
#1 = APPLICATION_PROTOCOL_DEFINITION('international standard',
  'automotive_design',2000,#2);
#2 = APPLICATION_CONTEXT(
  'core data for automotive mechanical design processes');
#3 = SHAPE_DEFINITION_REPRESENTATION(#4,#10);
#4 = PRODUCT_DEFINITION_SHAPE('','',#5);
#5 = PRODUCT_DEFINITION('design','',#6,#9);
#6 = PRODUCT_DEFINITION_FORMATION('','',#7);
#7 = PRODUCT('Open CASCADE STEP translator 8.0 41',
  'Open CASCADE STEP translator 8.0 41','',(#8));
#8 = PRODUCT_CONTEXT('',#2,'mechanical');
#9 = PRODUCT_DEFINITION_CONTEXT('part definition',#2,'design');
#10 = ADVANCED_BREP_SHAPE_REPRESENTATION('',(#11,#15),#3080);
#11 = AXIS2_PLACEMENT_3D('',#12,#13,#14);
#12 = CARTESIAN_POINT('',(0.,0.,0.));
#13 = DIRECTION('',(0.,0.,1.));
#14 = DIRECTION('',(1.,0.,-0.));
#15 = MANIFOLD_SOLID_BREP('',#16);
#16 = CLOSED_SHELL('',(#17,#57,#90,#140,#223,#378,#395,#442,#467,#484,
    #606,#664,#737,#756,#773,#785,#824,#920,#952,#997,#1028,#1053,#1077,
    #1102,#1126,#1168,#1192,#1227,#1244,#1326,#1384,#1396,#1413,#1430,
    #1447,#1459,#1488,#1511,#1534,#1557,#1574,#1598,#1667,#1683,#1700,
    #1717,#1759,#1783,#1802,#1844,#1877,#1903,#1934,#1987,#2004,#2039,
    #2055,#2067,#2096,#2119,#2142,#2159,#2250,#2348,#2440,#2453,#2470,
    #2482,#2507,#2525,#2581,#2598,#2626,#2643,#2655,#2672,#2684,#2713,
    #2736,#2759,#2776,#2792,#2808,#2824,#2836,#2865,#2888,#2911,#2928,
    #2957,#2980,#3003,#3026,#3043,#3055,#3067));
#17 = ADVANCED_FACE('',(#18),#52,.T.);
#18 = FACE_BOUND('',#19,.F.);
#19 = EDGE_LOOP('',(#20,#30,#38,#46));
#20 = ORIENTED_EDGE('',*,*,#21,.T.);
#21 = EDGE_CURVE('',#22,#24,#26,.T.);
#22 = VERTEX_POINT('',#23);
#23 = CARTESIAN_POINT('',(-37.7,115.7,-0.6));
#24 = VERTEX_POINT('',#25);
#25 = CARTESIAN_POINT('',(-37.7,115.7,3.));
#26 = LINE('',#27,#28);
#27 = CARTESIAN_POINT('',(-37.7,115.7,-0.6));
#28 = VECTOR('',#29,1.);
#29 = DIRECTION('',(0.,1.110223024625E-15,1.));
#30 = ORIENTED_EDGE('',*,*,#31,.T.);
#31 = EDGE_CURVE('',#24,#32,#34,.T.);
#32 = VERTEX_POINT('',#33);
#33 = CARTESIAN_POINT('',(47.7,115.7,3.));
#34 = LINE('',#35,#36);
#35 = CARTESIAN_POINT('',(-37.7,115.7,3.));
#36 = VECTOR('',#37,1.);
#37 = DIRECTION('',(1.,0.,0.));
#38 = ORIENTED_EDGE('',*,*,#39,.F.);
#39 = EDGE_CURVE('',#40,#32,#42,.T.);
#40 = VERTEX_POINT('',#41);
#41 = CARTESIAN_POINT('',(47.7,115.7,-0.6));
#42 = LINE('',#43,#44);
#43 = CARTESIAN_POINT('',(47.7,115.7,-0.6));
#44 = VECTOR('',#45,1.);
#45 = DIRECTION('',(0.,1.110223024625E-15,1.));
#46 = ORIENTED_EDGE('',*,*,#47,.F.);
#47 = EDGE_CURVE('',#22,#40,#48,.T.);
#48 = LINE('',#49,#50);
#49 = CARTESIAN_POINT('',(-37.7,115.7,-0.6));
#50 = VECTOR('',#51,1.);
#51 = DIRECTION('',(1.,0.,0.));
#52 = PLANE('',#53);
#53 = AXIS2_PLACEMENT_3D('',#54,#55,#56);
#54 = CARTESIAN_POINT('',(-37.7,115.7,-0.6));
#55 = DIRECTION('',(0.,-1.,1.110223024625E-15));
#56 = DIRECTION('',(-1.,0.,0.));
#57 = ADVANCED_FACE('',(#58),#85,.F.);
#58 = FACE_BOUND('',#59,.F.);
#59 = EDGE_LOOP('',(#60,#70,#77,#78));
#60 = ORIENTED_EDGE('',*,*,#61,.T.);
#61 = EDGE_CURVE('',#62,#64,#66,.T.);
#62 = VERTEX_POINT('',#63);
#63 = CARTESIAN_POINT('',(-41.7,111.7,-0.6));
#64 = VERTEX_POINT('',#65);
#65 = CARTESIAN_POINT('',(-41.7,111.7,3.));
#66 = LINE('',#67,#68);
#67 = CARTESIAN_POINT('',(-41.7,111.7,-0.6));
#68 = VECTOR('',#69,1.);
#69 = DIRECTION('',(0.,1.110223024625E-15,1.));
#70 = ORIENTED_EDGE('',*,*,#71,.T.);
#71 = EDGE_CURVE('',#64,#24,#72,.T.);
#72 = CIRCLE('',#73,4.);
#73 = AXIS2_PLACEMENT_3D('',#74,#75,#76);
#74 = CARTESIAN_POINT('',(-37.7,111.7,3.));
#75 = DIRECTION('',(0.,-1.110223024625E-15,-1.));
#76 = DIRECTION('',(1.,0.,0.));
#77 = ORIENTED_EDGE('',*,*,#21,.F.);
#78 = ORIENTED_EDGE('',*,*,#79,.F.);
#79 = EDGE_CURVE('',#62,#22,#80,.T.);
#80 = CIRCLE('',#81,4.);
#81 = AXIS2_PLACEMENT_3D('',#82,#83,#84);
#82 = CARTESIAN_POINT('',(-37.7,111.7,-0.6));
#83 = DIRECTION('',(0.,-1.110223024625E-15,-1.));
#84 = DIRECTION('',(1.,0.,0.));
#85 = CYLINDRICAL_SURFACE('',#86,4.);
#86 = AXIS2_PLACEMENT_3D('',#87,#88,#89);
#87 = CARTESIAN_POINT('',(-37.7,111.7,-0.6));
#88 = DIRECTION('',(-0.,-1.110223024625E-15,-1.));
#89 = DIRECTION('',(1.,0.,0.));
#90 = ADVANCED_FACE('',(#91),#135,.F.);
#91 = FACE_BOUND('',#92,.F.);
#92 = EDGE_LOOP('',(#93,#102,#103,#112,#120,#129));
#93 = ORIENTED_EDGE('',*,*,#94,.F.);
#94 = EDGE_CURVE('',#40,#95,#97,.T.);
#95 = VERTEX_POINT('',#96);
#96 = CARTESIAN_POINT('',(51.5,112.94899959968,-0.6));
#97 = CIRCLE('',#98,4.);
#98 = AXIS2_PLACEMENT_3D('',#99,#100,#101);
#99 = CARTESIAN_POINT('',(47.7,111.7,-0.6));
#100 = DIRECTION('',(0.,-1.110223024625E-15,-1.));
#101 = DIRECTION('',(1.,0.,0.));
#102 = ORIENTED_EDGE('',*,*,#39,.T.);
#103 = ORIENTED_EDGE('',*,*,#104,.T.);
#104 = EDGE_CURVE('',#32,#105,#107,.T.);
#105 = VERTEX_POINT('',#106);
#106 = CARTESIAN_POINT('',(51.7,111.7,3.));
#107 = CIRCLE('',#108,4.);
#108 = AXIS2_PLACEMENT_3D('',#109,#110,#111);
#109 = CARTESIAN_POINT('',(47.7,111.7,3.));
#110 = DIRECTION('',(0.,-1.110223024625E-15,-1.));
#111 = DIRECTION('',(1.,0.,0.));
#112 = ORIENTED_EDGE('',*,*,#113,.F.);
#113 = EDGE_CURVE('',#114,#105,#116,.T.);
#114 = VERTEX_POINT('',#115);
#115 = CARTESIAN_POINT('',(51.7,111.7,2.13162820728E-14));
#116 = LINE('',#117,#118);
#117 = CARTESIAN_POINT('',(51.7,111.7,-0.6));
#118 = VECTOR('',#119,1.);
#119 = DIRECTION('',(0.,1.110223024625E-15,1.));
#120 = ORIENTED_EDGE('',*,*,#121,.T.);
#121 = EDGE_CURVE('',#114,#122,#124,.T.);
#122 = VERTEX_POINT('',#123);
#123 = CARTESIAN_POINT('',(51.5,112.94899959968,7.105427357601E-15));
#124 = CIRCLE('',#125,4.);
#125 = AXIS2_PLACEMENT_3D('',#126,#127,#128);
#126 = CARTESIAN_POINT('',(47.7,111.7,2.337574578348E-14));
#127 = DIRECTION('',(-0.,1.110223024625E-15,1.));
#128 = DIRECTION('',(1.,0.,0.));
#129 = ORIENTED_EDGE('',*,*,#130,.T.);
#130 = EDGE_CURVE('',#122,#95,#131,.T.);
#131 = LINE('',#132,#133);
#132 = CARTESIAN_POINT('',(51.5,112.94899959968,-0.6));
#133 = VECTOR('',#134,1.);
#134 = DIRECTION('',(-0.,-1.110223024625E-15,-1.));
#135 = CYLINDRICAL_SURFACE('',#136,4.);
#136 = AXIS2_PLACEMENT_3D('',#137,#138,#139);
#137 = CARTESIAN_POINT('',(47.7,111.7,-0.6));
#138 = DIRECTION('',(-0.,-1.110223024625E-15,-1.));
#139 = DIRECTION('',(1.,0.,0.));
#140 = ADVANCED_FACE('',(#141),#218,.F.);
#141 = FACE_BOUND('',#142,.T.);
#142 = EDGE_LOOP('',(#143,#144,#145,#153,#162,#170,#179,#187,#195,#203,
    #211,#217));
#143 = ORIENTED_EDGE('',*,*,#47,.F.);
#144 = ORIENTED_EDGE('',*,*,#79,.F.);
#145 = ORIENTED_EDGE('',*,*,#146,.F.);
#146 = EDGE_CURVE('',#147,#62,#149,.T.);
#147 = VERTEX_POINT('',#148);
#148 = CARTESIAN_POINT('',(-41.7,48.3,-0.6));
#149 = LINE('',#150,#151);
#150 = CARTESIAN_POINT('',(-41.7,48.3,-0.6));
#151 = VECTOR('',#152,1.);
#152 = DIRECTION('',(0.,1.,-1.110223024625E-15));
#153 = ORIENTED_EDGE('',*,*,#154,.F.);
#154 = EDGE_CURVE('',#155,#147,#157,.T.);
#155 = VERTEX_POINT('',#156);
#156 = CARTESIAN_POINT('',(-37.7,44.3,-0.6));
#157 = CIRCLE('',#158,4.);
#158 = AXIS2_PLACEMENT_3D('',#159,#160,#161);
#159 = CARTESIAN_POINT('',(-37.7,48.3,-0.6));
#160 = DIRECTION('',(0.,-1.110223024625E-15,-1.));
#161 = DIRECTION('',(1.,0.,0.));
#162 = ORIENTED_EDGE('',*,*,#163,.F.);
#163 = EDGE_CURVE('',#164,#155,#166,.T.);
#164 = VERTEX_POINT('',#165);
#165 = CARTESIAN_POINT('',(47.7,44.3,-0.6));
#166 = LINE('',#167,#168);
#167 = CARTESIAN_POINT('',(47.7,44.3,-0.6));
#168 = VECTOR('',#169,1.);
#169 = DIRECTION('',(-1.,0.,0.));
#170 = ORIENTED_EDGE('',*,*,#171,.F.);
#171 = EDGE_CURVE('',#172,#164,#174,.T.);
#172 = VERTEX_POINT('',#173);
#173 = CARTESIAN_POINT('',(51.5,47.05100040032,-0.6));
#174 = CIRCLE('',#175,4.);
#175 = AXIS2_PLACEMENT_3D('',#176,#177,#178);
#176 = CARTESIAN_POINT('',(47.7,48.3,-0.6));
#177 = DIRECTION('',(0.,-1.110223024625E-15,-1.));
#178 = DIRECTION('',(1.,0.,0.));
#179 = ORIENTED_EDGE('',*,*,#180,.F.);
#180 = EDGE_CURVE('',#181,#172,#183,.T.);
#181 = VERTEX_POINT('',#182);
#182 = CARTESIAN_POINT('',(51.5,41.5,-0.6));
#183 = LINE('',#184,#185);
#184 = CARTESIAN_POINT('',(51.5,79.875,-0.6));
#185 = VECTOR('',#186,1.);
#186 = DIRECTION('',(0.,1.,-1.110223024625E-15));
#187 = ORIENTED_EDGE('',*,*,#188,.F.);
#188 = EDGE_CURVE('',#189,#181,#191,.T.);
#189 = VERTEX_POINT('',#190);
#190 = CARTESIAN_POINT('',(-51.47100850144,41.5,-0.6));
#191 = LINE('',#192,#193);
#192 = CARTESIAN_POINT('',(-0.610062171524,41.5,-0.6));
#193 = VECTOR('',#194,1.);
#194 = DIRECTION('',(1.,0.,0.));
#195 = ORIENTED_EDGE('',*,*,#196,.F.);
#196 = EDGE_CURVE('',#197,#189,#199,.T.);
#197 = VERTEX_POINT('',#198);
#198 = CARTESIAN_POINT('',(-51.47100850144,116.75,-0.6));
#199 = LINE('',#200,#201);
#200 = CARTESIAN_POINT('',(-51.47100850144,119.75,-0.6));
#201 = VECTOR('',#202,1.);
#202 = DIRECTION('',(0.,-1.,9.992007221626E-16));
#203 = ORIENTED_EDGE('',*,*,#204,.T.);
#204 = EDGE_CURVE('',#197,#205,#207,.T.);
#205 = VERTEX_POINT('',#206);
#206 = CARTESIAN_POINT('',(51.5,116.75,-0.6));
#207 = LINE('',#208,#209);
#208 = CARTESIAN_POINT('',(-0.610062171524,116.75,-0.6));
#209 = VECTOR('',#210,1.);
#210 = DIRECTION('',(1.,0.,0.));
#211 = ORIENTED_EDGE('',*,*,#212,.F.);
#212 = EDGE_CURVE('',#95,#205,#213,.T.);
#213 = LINE('',#214,#215);
#214 = CARTESIAN_POINT('',(51.5,79.875,-0.6));
#215 = VECTOR('',#216,1.);
#216 = DIRECTION('',(0.,1.,-1.110223024625E-15));
#217 = ORIENTED_EDGE('',*,*,#94,.F.);
#218 = PLANE('',#219);
#219 = AXIS2_PLACEMENT_3D('',#220,#221,#222);
#220 = CARTESIAN_POINT('',(3.381676614069,40.,-0.6));
#221 = DIRECTION('',(0.,1.110223024625E-15,1.));
#222 = DIRECTION('',(-1.,-0.,0.));
#223 = ADVANCED_FACE('',(#224,#258,#303),#373,.T.);
#224 = FACE_BOUND('',#225,.F.);
#225 = EDGE_LOOP('',(#226,#236,#244,#252));
#226 = ORIENTED_EDGE('',*,*,#227,.T.);
#227 = EDGE_CURVE('',#228,#230,#232,.T.);
#228 = VERTEX_POINT('',#229);
#229 = CARTESIAN_POINT('',(61.5,-39.75,3.));
#230 = VERTEX_POINT('',#231);
#231 = CARTESIAN_POINT('',(-58.94495749276,-39.75,3.));
#232 = LINE('',#233,#234);
#233 = CARTESIAN_POINT('',(-55.94495749276,-39.75,3.));
#234 = VECTOR('',#235,1.);
#235 = DIRECTION('',(-1.,-0.,0.));
#236 = ORIENTED_EDGE('',*,*,#237,.F.);
#237 = EDGE_CURVE('',#238,#230,#240,.T.);
#238 = VERTEX_POINT('',#239);
#239 = CARTESIAN_POINT('',(-58.94495749276,119.75,3.));
#240 = LINE('',#241,#242);
#241 = CARTESIAN_POINT('',(-58.94495749276,119.75,3.));
#242 = VECTOR('',#243,1.);
#243 = DIRECTION('',(0.,-1.,1.221245327088E-15));
#244 = ORIENTED_EDGE('',*,*,#245,.T.);
#245 = EDGE_CURVE('',#238,#246,#248,.T.);
#246 = VERTEX_POINT('',#247);
#247 = CARTESIAN_POINT('',(61.5,119.75,3.));
#248 = LINE('',#249,#250);
#249 = CARTESIAN_POINT('',(-58.47100850146,119.75,3.));
#250 = VECTOR('',#251,1.);
#251 = DIRECTION('',(1.,0.,0.));
#252 = ORIENTED_EDGE('',*,*,#253,.T.);
#253 = EDGE_CURVE('',#246,#228,#254,.T.);
#254 = LINE('',#255,#256);
#255 = CARTESIAN_POINT('',(61.5,119.75,3.));
#256 = VECTOR('',#257,1.);
#257 = DIRECTION('',(4.454813390345E-17,-1.,1.110223024625E-15));
#258 = FACE_BOUND('',#259,.F.);
#259 = EDGE_LOOP('',(#260,#261,#262,#270,#279,#287,#296,#302));
#260 = ORIENTED_EDGE('',*,*,#31,.F.);
#261 = ORIENTED_EDGE('',*,*,#71,.F.);
#262 = ORIENTED_EDGE('',*,*,#263,.F.);
#263 = EDGE_CURVE('',#264,#64,#266,.T.);
#264 = VERTEX_POINT('',#265);
#265 = CARTESIAN_POINT('',(-41.7,48.3,3.));
#266 = LINE('',#267,#268);
#267 = CARTESIAN_POINT('',(-41.7,48.3,3.));
#268 = VECTOR('',#269,1.);
#269 = DIRECTION('',(0.,1.,-1.110223024625E-15));
#270 = ORIENTED_EDGE('',*,*,#271,.F.);
#271 = EDGE_CURVE('',#272,#264,#274,.T.);
#272 = VERTEX_POINT('',#273);
#273 = CARTESIAN_POINT('',(-37.7,44.3,3.));
#274 = CIRCLE('',#275,4.);
#275 = AXIS2_PLACEMENT_3D('',#276,#277,#278);
#276 = CARTESIAN_POINT('',(-37.7,48.3,3.));
#277 = DIRECTION('',(0.,-1.110223024625E-15,-1.));
#278 = DIRECTION('',(1.,0.,0.));
#279 = ORIENTED_EDGE('',*,*,#280,.F.);
#280 = EDGE_CURVE('',#281,#272,#283,.T.);
#281 = VERTEX_POINT('',#282);
#282 = CARTESIAN_POINT('',(47.7,44.3,3.));
#283 = LINE('',#284,#285);
#284 = CARTESIAN_POINT('',(47.7,44.3,3.));
#285 = VECTOR('',#286,1.);
#286 = DIRECTION('',(-1.,0.,0.));
#287 = ORIENTED_EDGE('',*,*,#288,.F.);
#288 = EDGE_CURVE('',#289,#281,#291,.T.);
#289 = VERTEX_POINT('',#290);
#290 = CARTESIAN_POINT('',(51.7,48.3,3.));
#291 = CIRCLE('',#292,4.);
#292 = AXIS2_PLACEMENT_3D('',#293,#294,#295);
#293 = CARTESIAN_POINT('',(47.7,48.3,3.));
#294 = DIRECTION('',(0.,-1.110223024625E-15,-1.));
#295 = DIRECTION('',(1.,0.,0.));
#296 = ORIENTED_EDGE('',*,*,#297,.F.);
#297 = EDGE_CURVE('',#105,#289,#298,.T.);
#298 = LINE('',#299,#300);
#299 = CARTESIAN_POINT('',(51.7,111.7,3.));
#300 = VECTOR('',#301,1.);
#301 = DIRECTION('',(0.,-1.,1.110223024625E-15));
#302 = ORIENTED_EDGE('',*,*,#104,.F.);
#303 = FACE_BOUND('',#304,.F.);
#304 = EDGE_LOOP('',(#305,#315,#324,#332,#341,#349,#358,#366));
#305 = ORIENTED_EDGE('',*,*,#306,.F.);
#306 = EDGE_CURVE('',#307,#309,#311,.T.);
#307 = VERTEX_POINT('',#308);
#308 = CARTESIAN_POINT('',(-37.7,35.7,3.));
#309 = VERTEX_POINT('',#310);
#310 = CARTESIAN_POINT('',(47.7,35.7,3.));
#311 = LINE('',#312,#313);
#312 = CARTESIAN_POINT('',(-37.7,35.7,3.));
#313 = VECTOR('',#314,1.);
#314 = DIRECTION('',(1.,0.,0.));
#315 = ORIENTED_EDGE('',*,*,#316,.F.);
#316 = EDGE_CURVE('',#317,#307,#319,.T.);
#317 = VERTEX_POINT('',#318);
#318 = CARTESIAN_POINT('',(-41.7,31.7,3.));
#319 = CIRCLE('',#320,4.);
#320 = AXIS2_PLACEMENT_3D('',#321,#322,#323);
#321 = CARTESIAN_POINT('',(-37.7,31.7,3.));
#322 = DIRECTION('',(0.,-1.110223024625E-15,-1.));
#323 = DIRECTION('',(1.,0.,0.));
#324 = ORIENTED_EDGE('',*,*,#325,.F.);
#325 = EDGE_CURVE('',#326,#317,#328,.T.);
#326 = VERTEX_POINT('',#327);
#327 = CARTESIAN_POINT('',(-41.7,-31.7,3.));
#328 = LINE('',#329,#330);
#329 = CARTESIAN_POINT('',(-41.7,-31.7,3.));
#330 = VECTOR('',#331,1.);
#331 = DIRECTION('',(0.,1.,-1.110223024625E-15));
#332 = ORIENTED_EDGE('',*,*,#333,.F.);
#333 = EDGE_CURVE('',#334,#326,#336,.T.);
#334 = VERTEX_POINT('',#335);
#335 = CARTESIAN_POINT('',(-37.7,-35.7,3.));
#336 = CIRCLE('',#337,4.);
#337 = AXIS2_PLACEMENT_3D('',#338,#339,#340);
#338 = CARTESIAN_POINT('',(-37.7,-31.7,3.));
#339 = DIRECTION('',(0.,-1.110223024625E-15,-1.));
#340 = DIRECTION('',(1.,0.,0.));
#341 = ORIENTED_EDGE('',*,*,#342,.F.);
#342 = EDGE_CURVE('',#343,#334,#345,.T.);
#343 = VERTEX_POINT('',#344);
#344 = CARTESIAN_POINT('',(47.7,-35.7,3.));
#345 = LINE('',#346,#347);
#346 = CARTESIAN_POINT('',(47.7,-35.7,3.));
#347 = VECTOR('',#348,1.);
#348 = DIRECTION('',(-1.,0.,0.));
#349 = ORIENTED_EDGE('',*,*,#350,.F.);
#350 = EDGE_CURVE('',#351,#343,#353,.T.);
#351 = VERTEX_POINT('',#352);
#352 = CARTESIAN_POINT('',(51.7,-31.7,3.));
#353 = CIRCLE('',#354,4.);
#354 = AXIS2_PLACEMENT_3D('',#355,#356,#357);
#355 = CARTESIAN_POINT('',(47.7,-31.7,3.));
#356 = DIRECTION('',(0.,-1.110223024625E-15,-1.));
#357 = DIRECTION('',(1.,0.,0.));
#358 = ORIENTED_EDGE('',*,*,#359,.F.);
#359 = EDGE_CURVE('',#360,#351,#362,.T.);
#360 = VERTEX_POINT('',#361);
#361 = CARTESIAN_POINT('',(51.7,31.7,3.));
#362 = LINE('',#363,#364);
#363 = CARTESIAN_POINT('',(51.7,31.7,3.));
#364 = VECTOR('',#365,1.);
#365 = DIRECTION('',(0.,-1.,1.110223024625E-15));
#366 = ORIENTED_EDGE('',*,*,#367,.F.);
#367 = EDGE_CURVE('',#309,#360,#368,.T.);
#368 = CIRCLE('',#369,4.);
#369 = AXIS2_PLACEMENT_3D('',#370,#371,#372);
#370 = CARTESIAN_POINT('',(47.7,31.7,3.));
#371 = DIRECTION('',(0.,-1.110223024625E-15,-1.));
#372 = DIRECTION('',(1.,0.,0.));
#373 = PLANE('',#374);
#374 = AXIS2_PLACEMENT_3D('',#375,#376,#377);
#375 = CARTESIAN_POINT('',(1.277521253619,40.,3.));
#376 = DIRECTION('',(0.,1.110223024625E-15,1.));
#377 = DIRECTION('',(0.,-1.,1.110223024625E-15));
#378 = ADVANCED_FACE('',(#379),#390,.T.);
#379 = FACE_BOUND('',#380,.F.);
#380 = EDGE_LOOP('',(#381,#387,#388,#389));
#381 = ORIENTED_EDGE('',*,*,#382,.T.);
#382 = EDGE_CURVE('',#147,#264,#383,.T.);
#383 = LINE('',#384,#385);
#384 = CARTESIAN_POINT('',(-41.7,48.3,-0.6));
#385 = VECTOR('',#386,1.);
#386 = DIRECTION('',(0.,1.110223024625E-15,1.));
#387 = ORIENTED_EDGE('',*,*,#263,.T.);
#388 = ORIENTED_EDGE('',*,*,#61,.F.);
#389 = ORIENTED_EDGE('',*,*,#146,.F.);
#390 = PLANE('',#391);
#391 = AXIS2_PLACEMENT_3D('',#392,#393,#394);
#392 = CARTESIAN_POINT('',(-41.7,48.3,-0.6));
#393 = DIRECTION('',(1.,0.,0.));
#394 = DIRECTION('',(0.,-1.,1.110223024625E-15));
#395 = ADVANCED_FACE('',(#396),#437,.F.);
#396 = FACE_BOUND('',#397,.T.);
#397 = EDGE_LOOP('',(#398,#399,#407,#415,#421,#422,#430,#436));
#398 = ORIENTED_EDGE('',*,*,#212,.T.);
#399 = ORIENTED_EDGE('',*,*,#400,.T.);
#400 = EDGE_CURVE('',#205,#401,#403,.T.);
#401 = VERTEX_POINT('',#402);
#402 = CARTESIAN_POINT('',(51.5,116.75,-1.));
#403 = LINE('',#404,#405);
#404 = CARTESIAN_POINT('',(51.5,116.75,-13.97997541352));
#405 = VECTOR('',#406,1.);
#406 = DIRECTION('',(-0.,-1.33226762955E-15,-1.));
#407 = ORIENTED_EDGE('',*,*,#408,.T.);
#408 = EDGE_CURVE('',#401,#409,#411,.T.);
#409 = VERTEX_POINT('',#410);
#410 = CARTESIAN_POINT('',(51.5,41.5,-1.));
#411 = LINE('',#412,#413);
#412 = CARTESIAN_POINT('',(51.5,119.75,-1.));
#413 = VECTOR('',#414,1.);
#414 = DIRECTION('',(0.,-1.,1.443289932013E-15));
#415 = ORIENTED_EDGE('',*,*,#416,.F.);
#416 = EDGE_CURVE('',#181,#409,#417,.T.);
#417 = LINE('',#418,#419);
#418 = CARTESIAN_POINT('',(51.5,41.5,-13.97997541352));
#419 = VECTOR('',#420,1.);
#420 = DIRECTION('',(-0.,-1.221245327088E-15,-1.));
#421 = ORIENTED_EDGE('',*,*,#180,.T.);
#422 = ORIENTED_EDGE('',*,*,#423,.F.);
#423 = EDGE_CURVE('',#424,#172,#426,.T.);
#424 = VERTEX_POINT('',#425);
#425 = CARTESIAN_POINT('',(51.5,47.05100040032,1.06581410364E-13));
#426 = LINE('',#427,#428);
#427 = CARTESIAN_POINT('',(51.5,47.05100040032,-0.6));
#428 = VECTOR('',#429,1.);
#429 = DIRECTION('',(-0.,-1.110223024625E-15,-1.));
#430 = ORIENTED_EDGE('',*,*,#431,.F.);
#431 = EDGE_CURVE('',#122,#424,#432,.T.);
#432 = LINE('',#433,#434);
#433 = CARTESIAN_POINT('',(51.5,119.75,0.));
#434 = VECTOR('',#435,1.);
#435 = DIRECTION('',(0.,-1.,1.443289932013E-15));
#436 = ORIENTED_EDGE('',*,*,#130,.T.);
#437 = PLANE('',#438);
#438 = AXIS2_PLACEMENT_3D('',#439,#440,#441);
#439 = CARTESIAN_POINT('',(51.5,119.75,-1.));
#440 = DIRECTION('',(1.,0.,0.));
#441 = DIRECTION('',(0.,-1.443289932013E-15,-1.));
#442 = ADVANCED_FACE('',(#443),#462,.T.);
#443 = FACE_BOUND('',#444,.F.);
#444 = EDGE_LOOP('',(#445,#446,#447,#455));
#445 = ORIENTED_EDGE('',*,*,#431,.F.);
#446 = ORIENTED_EDGE('',*,*,#121,.F.);
#447 = ORIENTED_EDGE('',*,*,#448,.F.);
#448 = EDGE_CURVE('',#449,#114,#451,.T.);
#449 = VERTEX_POINT('',#450);
#450 = CARTESIAN_POINT('',(51.7,48.3,1.06581410364E-13));
#451 = LINE('',#452,#453);
#452 = CARTESIAN_POINT('',(51.7,75.85,7.111684378387E-14));
#453 = VECTOR('',#454,1.);
#454 = DIRECTION('',(0.,1.,-1.33226762955E-15));
#455 = ORIENTED_EDGE('',*,*,#456,.F.);
#456 = EDGE_CURVE('',#424,#449,#457,.T.);
#457 = CIRCLE('',#458,4.);
#458 = AXIS2_PLACEMENT_3D('',#459,#460,#461);
#459 = CARTESIAN_POINT('',(47.7,48.3,1.07797104576E-13));
#460 = DIRECTION('',(-0.,1.110223024625E-15,1.));
#461 = DIRECTION('',(1.,0.,0.));
#462 = PLANE('',#463);
#463 = AXIS2_PLACEMENT_3D('',#464,#465,#466);
#464 = CARTESIAN_POINT('',(1.475,40.,1.188579417843E-13));
#465 = DIRECTION('',(0.,1.33226762955E-15,1.));
#466 = DIRECTION('',(0.,-1.,1.33226762955E-15));
#467 = ADVANCED_FACE('',(#468),#479,.T.);
#468 = FACE_BOUND('',#469,.F.);
#469 = EDGE_LOOP('',(#470,#471,#472,#473));
#470 = ORIENTED_EDGE('',*,*,#448,.T.);
#471 = ORIENTED_EDGE('',*,*,#113,.T.);
#472 = ORIENTED_EDGE('',*,*,#297,.T.);
#473 = ORIENTED_EDGE('',*,*,#474,.F.);
#474 = EDGE_CURVE('',#449,#289,#475,.T.);
#475 = LINE('',#476,#477);
#476 = CARTESIAN_POINT('',(51.7,48.3,-0.6));
#477 = VECTOR('',#478,1.);
#478 = DIRECTION('',(0.,1.110223024625E-15,1.));
#479 = PLANE('',#480);
#480 = AXIS2_PLACEMENT_3D('',#481,#482,#483);
#481 = CARTESIAN_POINT('',(51.7,111.7,-0.6));
#482 = DIRECTION('',(-1.,-0.,0.));
#483 = DIRECTION('',(0.,1.,-1.110223024625E-15));
#484 = ADVANCED_FACE('',(#485,#559),#601,.T.);
#485 = FACE_BOUND('',#486,.F.);
#486 = EDGE_LOOP('',(#487,#497,#503,#504,#505,#513,#521,#529,#537,#545,
    #553));
#487 = ORIENTED_EDGE('',*,*,#488,.F.);
#488 = EDGE_CURVE('',#489,#491,#493,.T.);
#489 = VERTEX_POINT('',#490);
#490 = CARTESIAN_POINT('',(-54.98113874298,116.75,-4.320930232558));
#491 = VERTEX_POINT('',#492);
#492 = CARTESIAN_POINT('',(-46.26849892008,116.75,-70.5));
#493 = LINE('',#494,#495);
#494 = CARTESIAN_POINT('',(-48.73080783166,116.75,-51.79690695809));
#495 = VECTOR('',#496,1.);
#496 = DIRECTION('',(0.13052619222,-1.320869895292E-15,-0.991444861374)
  );
#497 = ORIENTED_EDGE('',*,*,#498,.T.);
#498 = EDGE_CURVE('',#489,#197,#499,.T.);
#499 = LINE('',#500,#501);
#500 = CARTESIAN_POINT('',(-47.01508881873,116.75,4.123518821339));
#501 = VECTOR('',#502,1.);
#502 = DIRECTION('',(0.686201674044,9.69106586209E-16,0.727411343422));
#503 = ORIENTED_EDGE('',*,*,#204,.T.);
#504 = ORIENTED_EDGE('',*,*,#400,.T.);
#505 = ORIENTED_EDGE('',*,*,#506,.T.);
#506 = EDGE_CURVE('',#401,#507,#509,.T.);
#507 = VERTEX_POINT('',#508);
#508 = CARTESIAN_POINT('',(53.3,116.75,-1.));
#509 = LINE('',#510,#511);
#510 = CARTESIAN_POINT('',(24.349099521441,116.75,-1.));
#511 = VECTOR('',#512,1.);
#512 = DIRECTION('',(1.,0.,0.));
#513 = ORIENTED_EDGE('',*,*,#514,.T.);
#514 = EDGE_CURVE('',#507,#515,#517,.T.);
#515 = VERTEX_POINT('',#516);
#516 = CARTESIAN_POINT('',(53.5,116.75,-0.8));
#517 = LINE('',#518,#519);
#518 = CARTESIAN_POINT('',(32.434562053957,116.75,-21.86543794604));
#519 = VECTOR('',#520,1.);
#520 = DIRECTION('',(0.707106781187,9.420554752103E-16,0.707106781187));
#521 = ORIENTED_EDGE('',*,*,#522,.T.);
#522 = EDGE_CURVE('',#515,#523,#525,.T.);
#523 = VERTEX_POINT('',#524);
#524 = CARTESIAN_POINT('',(58.5,116.75,-0.8));
#525 = LINE('',#526,#527);
#526 = CARTESIAN_POINT('',(26.949099521441,116.75,-0.8));
#527 = VECTOR('',#528,1.);
#528 = DIRECTION('',(1.,-1.774937036747E-31,-1.33226762955E-16));
#529 = ORIENTED_EDGE('',*,*,#530,.T.);
#530 = EDGE_CURVE('',#523,#531,#533,.T.);
#531 = VERTEX_POINT('',#532);
#532 = CARTESIAN_POINT('',(58.5,116.75,-18.));
#533 = LINE('',#534,#535);
#534 = CARTESIAN_POINT('',(58.5,116.75,-22.47997541352));
#535 = VECTOR('',#536,1.);
#536 = DIRECTION('',(-0.,-1.33226762955E-15,-1.));
#537 = ORIENTED_EDGE('',*,*,#538,.T.);
#538 = EDGE_CURVE('',#531,#539,#541,.T.);
#539 = VERTEX_POINT('',#540);
#540 = CARTESIAN_POINT('',(61.5,116.75,-18.));
#541 = LINE('',#542,#543);
#542 = CARTESIAN_POINT('',(28.449099521441,116.75,-18.));
#543 = VECTOR('',#544,1.);
#544 = DIRECTION('',(1.,0.,0.));
#545 = ORIENTED_EDGE('',*,*,#546,.T.);
#546 = EDGE_CURVE('',#539,#547,#549,.T.);
#547 = VERTEX_POINT('',#548);
#548 = CARTESIAN_POINT('',(-19.31849892008,116.75,-70.5));
#549 = LINE('',#550,#551);
#550 = CARTESIAN_POINT('',(61.5,116.75,-18.));
#551 = VECTOR('',#552,1.);
#552 = DIRECTION('',(-0.838595422435,-8.467189439282E-16,-0.54475473148)
  );
#553 = ORIENTED_EDGE('',*,*,#554,.T.);
#554 = EDGE_CURVE('',#547,#491,#555,.T.);
#555 = LINE('',#556,#557);
#556 = CARTESIAN_POINT('',(-19.31849892008,116.75,-70.5));
#557 = VECTOR('',#558,1.);
#558 = DIRECTION('',(-1.,-0.,0.));
#559 = FACE_BOUND('',#560,.F.);
#560 = EDGE_LOOP('',(#561,#571,#579,#587,#595));
#561 = ORIENTED_EDGE('',*,*,#562,.T.);
#562 = EDGE_CURVE('',#563,#565,#567,.T.);
#563 = VERTEX_POINT('',#564);
#564 = CARTESIAN_POINT('',(-40.26849892008,116.75,-6.6));
#565 = VERTEX_POINT('',#566);
#566 = CARTESIAN_POINT('',(-40.26849892008,116.75,-64.5));
#567 = LINE('',#568,#569);
#568 = CARTESIAN_POINT('',(-40.26849892008,116.75,-6.6));
#569 = VECTOR('',#570,1.);
#570 = DIRECTION('',(-0.,-6.661338147751E-16,-1.));
#571 = ORIENTED_EDGE('',*,*,#572,.T.);
#572 = EDGE_CURVE('',#565,#573,#575,.T.);
#573 = VERTEX_POINT('',#574);
#574 = CARTESIAN_POINT('',(-21.153194735,116.75,-64.5));
#575 = LINE('',#576,#577);
#576 = CARTESIAN_POINT('',(-40.26849892008,116.75,-64.5));
#577 = VECTOR('',#578,1.);
#578 = DIRECTION('',(1.,0.,0.));
#579 = ORIENTED_EDGE('',*,*,#580,.T.);
#580 = EDGE_CURVE('',#573,#581,#583,.T.);
#581 = VERTEX_POINT('',#582);
#582 = CARTESIAN_POINT('',(52.5,116.75,-14.81010907112));
#583 = LINE('',#584,#585);
#584 = CARTESIAN_POINT('',(-21.153194735,116.75,-64.5));
#585 = VECTOR('',#586,1.);
#586 = DIRECTION('',(0.828984431452,3.725497779089E-16,0.559271680323));
#587 = ORIENTED_EDGE('',*,*,#588,.T.);
#588 = EDGE_CURVE('',#581,#589,#591,.T.);
#589 = VERTEX_POINT('',#590);
#590 = CARTESIAN_POINT('',(52.5,116.75,-6.6));
#591 = LINE('',#592,#593);
#592 = CARTESIAN_POINT('',(52.5,116.75,-14.81010907112));
#593 = VECTOR('',#594,1.);
#594 = DIRECTION('',(-8.654485946587E-16,6.661338147751E-16,1.));
#595 = ORIENTED_EDGE('',*,*,#596,.T.);
#596 = EDGE_CURVE('',#589,#563,#597,.T.);
#597 = LINE('',#598,#599);
#598 = CARTESIAN_POINT('',(52.5,116.75,-6.6));
#599 = VECTOR('',#600,1.);
#600 = DIRECTION('',(-1.,-0.,0.));
#601 = PLANE('',#602);
#602 = AXIS2_PLACEMENT_3D('',#603,#604,#605);
#603 = CARTESIAN_POINT('',(-4.601800957117,116.75,-26.95995082705));
#604 = DIRECTION('',(0.,-1.,1.33226762955E-15));
#605 = DIRECTION('',(0.,-1.33226762955E-15,-1.));
#606 = ADVANCED_FACE('',(#607),#659,.F.);
#607 = FACE_BOUND('',#608,.T.);
#608 = EDGE_LOOP('',(#609,#610,#611,#619,#627,#636,#644,#653));
#609 = ORIENTED_EDGE('',*,*,#498,.T.);
#610 = ORIENTED_EDGE('',*,*,#196,.T.);
#611 = ORIENTED_EDGE('',*,*,#612,.F.);
#612 = EDGE_CURVE('',#613,#189,#615,.T.);
#613 = VERTEX_POINT('',#614);
#614 = CARTESIAN_POINT('',(-54.98113874298,41.5,-4.320930232558));
#615 = LINE('',#616,#617);
#616 = CARTESIAN_POINT('',(-47.01508881873,41.5,4.123518821339));
#617 = VECTOR('',#618,1.);
#618 = DIRECTION('',(0.686201674044,8.883477040249E-16,0.727411343422));
#619 = ORIENTED_EDGE('',*,*,#620,.T.);
#620 = EDGE_CURVE('',#613,#621,#623,.T.);
#621 = VERTEX_POINT('',#622);
#622 = CARTESIAN_POINT('',(-54.98113874298,90.588414951967,
    -4.320930232558));
#623 = LINE('',#624,#625);
#624 = CARTESIAN_POINT('',(-54.98113874298,119.75,-4.320930232558));
#625 = VECTOR('',#626,1.);
#626 = DIRECTION('',(-5.130533921651E-17,1.,-1.053587190654E-15));
#627 = ORIENTED_EDGE('',*,*,#628,.T.);
#628 = EDGE_CURVE('',#621,#629,#631,.T.);
#629 = VERTEX_POINT('',#630);
#630 = CARTESIAN_POINT('',(-53.75526865833,93.409688112969,
    -3.021440827532));
#631 = HYPERBOLA('',#632,13.998141227612,11.972535788548);
#632 = AXIS2_PLACEMENT_3D('',#633,#634,#635);
#633 = CARTESIAN_POINT('',(-42.8859393773,99.75,8.500643296544));
#634 = DIRECTION('',(0.727411343422,-6.856532082539E-16,-0.686201674044)
  );
#635 = DIRECTION('',(-0.686201674044,-8.530304128488E-16,-0.727411343422
    ));
#636 = ORIENTED_EDGE('',*,*,#637,.F.);
#637 = EDGE_CURVE('',#638,#629,#640,.T.);
#638 = VERTEX_POINT('',#639);
#639 = CARTESIAN_POINT('',(-53.75526865833,106.09031188703,
    -3.021440827532));
#640 = LINE('',#641,#642);
#641 = CARTESIAN_POINT('',(-53.75526865833,109.75,-3.021440827532));
#642 = VECTOR('',#643,1.);
#643 = DIRECTION('',(8.659897596952E-17,-1.,1.091000377908E-15));
#644 = ORIENTED_EDGE('',*,*,#645,.T.);
#645 = EDGE_CURVE('',#638,#646,#648,.T.);
#646 = VERTEX_POINT('',#647);
#647 = CARTESIAN_POINT('',(-54.98113874298,108.91158504803,
    -4.320930232558));
#648 = HYPERBOLA('',#649,13.998141227612,11.972535788548);
#649 = AXIS2_PLACEMENT_3D('',#650,#651,#652);
#650 = CARTESIAN_POINT('',(-42.8859393773,99.75,8.500643296544));
#651 = DIRECTION('',(0.727411343422,-6.856532082539E-16,-0.686201674044)
  );
#652 = DIRECTION('',(-0.686201674044,-8.530304128488E-16,-0.727411343422
    ));
#653 = ORIENTED_EDGE('',*,*,#654,.T.);
#654 = EDGE_CURVE('',#646,#489,#655,.T.);
#655 = LINE('',#656,#657);
#656 = CARTESIAN_POINT('',(-54.98113874298,119.75,-4.320930232558));
#657 = VECTOR('',#658,1.);
#658 = DIRECTION('',(-5.130533921651E-17,1.,-1.053587190654E-15));
#659 = PLANE('',#660);
#660 = AXIS2_PLACEMENT_3D('',#661,#662,#663);
#661 = CARTESIAN_POINT('',(-51.47100850144,119.75,-0.6));
#662 = DIRECTION('',(-0.727411343422,6.856532082539E-16,0.686201674044)
  );
#663 = DIRECTION('',(0.686201674044,7.268299396568E-16,0.727411343422));
#664 = ADVANCED_FACE('',(#665),#732,.F.);
#665 = FACE_BOUND('',#666,.T.);
#666 = EDGE_LOOP('',(#667,#675,#676,#677,#678,#686,#694,#702,#710,#718,
    #726));
#667 = ORIENTED_EDGE('',*,*,#668,.F.);
#668 = EDGE_CURVE('',#613,#669,#671,.T.);
#669 = VERTEX_POINT('',#670);
#670 = CARTESIAN_POINT('',(-46.26849892008,41.5,-70.5));
#671 = LINE('',#672,#673);
#672 = CARTESIAN_POINT('',(-48.73080783166,41.5,-51.79690695809));
#673 = VECTOR('',#674,1.);
#674 = DIRECTION('',(0.13052619222,-1.210797404018E-15,-0.991444861374)
  );
#675 = ORIENTED_EDGE('',*,*,#612,.T.);
#676 = ORIENTED_EDGE('',*,*,#188,.T.);
#677 = ORIENTED_EDGE('',*,*,#416,.T.);
#678 = ORIENTED_EDGE('',*,*,#679,.T.);
#679 = EDGE_CURVE('',#409,#680,#682,.T.);
#680 = VERTEX_POINT('',#681);
#681 = CARTESIAN_POINT('',(53.3,41.5,-1.));
#682 = LINE('',#683,#684);
#683 = CARTESIAN_POINT('',(24.349099521441,41.5,-1.));
#684 = VECTOR('',#685,1.);
#685 = DIRECTION('',(1.,0.,0.));
#686 = ORIENTED_EDGE('',*,*,#687,.T.);
#687 = EDGE_CURVE('',#680,#688,#690,.T.);
#688 = VERTEX_POINT('',#689);
#689 = CARTESIAN_POINT('',(53.5,41.5,-0.8));
#690 = LINE('',#691,#692);
#691 = CARTESIAN_POINT('',(32.434562053957,41.5,-21.86543794604));
#692 = VECTOR('',#693,1.);
#693 = DIRECTION('',(0.707106781187,8.635508522761E-16,0.707106781187));
#694 = ORIENTED_EDGE('',*,*,#695,.T.);
#695 = EDGE_CURVE('',#688,#696,#698,.T.);
#696 = VERTEX_POINT('',#697);
#697 = CARTESIAN_POINT('',(58.5,41.5,-0.8));
#698 = LINE('',#699,#700);
#699 = CARTESIAN_POINT('',(26.949099521441,41.5,-0.8));
#700 = VECTOR('',#701,1.);
#701 = DIRECTION('',(1.,-1.627025617018E-31,-1.33226762955E-16));
#702 = ORIENTED_EDGE('',*,*,#703,.T.);
#703 = EDGE_CURVE('',#696,#704,#706,.T.);
#704 = VERTEX_POINT('',#705);
#705 = CARTESIAN_POINT('',(58.5,41.5,-18.));
#706 = LINE('',#707,#708);
#707 = CARTESIAN_POINT('',(58.5,41.5,-22.47997541352));
#708 = VECTOR('',#709,1.);
#709 = DIRECTION('',(-0.,-1.221245327088E-15,-1.));
#710 = ORIENTED_EDGE('',*,*,#711,.T.);
#711 = EDGE_CURVE('',#704,#712,#714,.T.);
#712 = VERTEX_POINT('',#713);
#713 = CARTESIAN_POINT('',(61.5,41.5,-18.));
#714 = LINE('',#715,#716);
#715 = CARTESIAN_POINT('',(28.449099521441,41.5,-18.));
#716 = VECTOR('',#717,1.);
#717 = DIRECTION('',(1.,0.,0.));
#718 = ORIENTED_EDGE('',*,*,#719,.T.);
#719 = EDGE_CURVE('',#712,#720,#722,.T.);
#720 = VERTEX_POINT('',#721);
#721 = CARTESIAN_POINT('',(-19.31849892008,41.5,-70.5));
#722 = LINE('',#723,#724);
#723 = CARTESIAN_POINT('',(61.5,41.5,-18.));
#724 = VECTOR('',#725,1.);
#725 = DIRECTION('',(-0.838595422435,-7.862390193619E-16,-0.54475473148)
  );
#726 = ORIENTED_EDGE('',*,*,#727,.T.);
#727 = EDGE_CURVE('',#720,#669,#728,.T.);
#728 = LINE('',#729,#730);
#729 = CARTESIAN_POINT('',(-19.31849892008,41.5,-70.5));
#730 = VECTOR('',#731,1.);
#731 = DIRECTION('',(-1.,-0.,0.));
#732 = PLANE('',#733);
#733 = AXIS2_PLACEMENT_3D('',#734,#735,#736);
#734 = CARTESIAN_POINT('',(-4.601800957117,41.5,-26.95995082705));
#735 = DIRECTION('',(0.,-1.,1.221245327088E-15));
#736 = DIRECTION('',(0.,-1.221245327088E-15,-1.));
#737 = ADVANCED_FACE('',(#738),#751,.F.);
#738 = FACE_BOUND('',#739,.F.);
#739 = EDGE_LOOP('',(#740,#741,#742,#743,#749,#750));
#740 = ORIENTED_EDGE('',*,*,#456,.T.);
#741 = ORIENTED_EDGE('',*,*,#474,.T.);
#742 = ORIENTED_EDGE('',*,*,#288,.T.);
#743 = ORIENTED_EDGE('',*,*,#744,.F.);
#744 = EDGE_CURVE('',#164,#281,#745,.T.);
#745 = LINE('',#746,#747);
#746 = CARTESIAN_POINT('',(47.7,44.3,-0.6));
#747 = VECTOR('',#748,1.);
#748 = DIRECTION('',(0.,1.110223024625E-15,1.));
#749 = ORIENTED_EDGE('',*,*,#171,.F.);
#750 = ORIENTED_EDGE('',*,*,#423,.F.);
#751 = CYLINDRICAL_SURFACE('',#752,4.);
#752 = AXIS2_PLACEMENT_3D('',#753,#754,#755);
#753 = CARTESIAN_POINT('',(47.7,48.3,-0.6));
#754 = DIRECTION('',(-0.,-1.110223024625E-15,-1.));
#755 = DIRECTION('',(1.,0.,0.));
#756 = ADVANCED_FACE('',(#757),#768,.T.);
#757 = FACE_BOUND('',#758,.F.);
#758 = EDGE_LOOP('',(#759,#760,#761,#767));
#759 = ORIENTED_EDGE('',*,*,#744,.T.);
#760 = ORIENTED_EDGE('',*,*,#280,.T.);
#761 = ORIENTED_EDGE('',*,*,#762,.F.);
#762 = EDGE_CURVE('',#155,#272,#763,.T.);
#763 = LINE('',#764,#765);
#764 = CARTESIAN_POINT('',(-37.7,44.3,-0.6));
#765 = VECTOR('',#766,1.);
#766 = DIRECTION('',(0.,1.110223024625E-15,1.));
#767 = ORIENTED_EDGE('',*,*,#163,.F.);
#768 = PLANE('',#769);
#769 = AXIS2_PLACEMENT_3D('',#770,#771,#772);
#770 = CARTESIAN_POINT('',(47.7,44.3,-0.6));
#771 = DIRECTION('',(0.,1.,-1.110223024625E-15));
#772 = DIRECTION('',(1.,0.,0.));
#773 = ADVANCED_FACE('',(#774),#780,.F.);
#774 = FACE_BOUND('',#775,.F.);
#775 = EDGE_LOOP('',(#776,#777,#778,#779));
#776 = ORIENTED_EDGE('',*,*,#762,.T.);
#777 = ORIENTED_EDGE('',*,*,#271,.T.);
#778 = ORIENTED_EDGE('',*,*,#382,.F.);
#779 = ORIENTED_EDGE('',*,*,#154,.F.);
#780 = CYLINDRICAL_SURFACE('',#781,4.);
#781 = AXIS2_PLACEMENT_3D('',#782,#783,#784);
#782 = CARTESIAN_POINT('',(-37.7,48.3,-0.6));
#783 = DIRECTION('',(-0.,-1.110223024625E-15,-1.));
#784 = DIRECTION('',(1.,0.,0.));
#785 = ADVANCED_FACE('',(#786),#819,.T.);
#786 = FACE_BOUND('',#787,.F.);
#787 = EDGE_LOOP('',(#788,#796,#804,#812,#818));
#788 = ORIENTED_EDGE('',*,*,#789,.T.);
#789 = EDGE_CURVE('',#228,#790,#792,.T.);
#790 = VERTEX_POINT('',#791);
#791 = CARTESIAN_POINT('',(61.5,-39.75,-18.));
#792 = LINE('',#793,#794);
#793 = CARTESIAN_POINT('',(61.5,-39.75,2.475797344914E-13));
#794 = VECTOR('',#795,1.);
#795 = DIRECTION('',(-0.,-1.443289932013E-15,-1.));
#796 = ORIENTED_EDGE('',*,*,#797,.T.);
#797 = EDGE_CURVE('',#790,#798,#800,.T.);
#798 = VERTEX_POINT('',#799);
#799 = CARTESIAN_POINT('',(-19.31849892008,-39.75,-70.5));
#800 = LINE('',#801,#802);
#801 = CARTESIAN_POINT('',(61.5,-39.75,-18.));
#802 = VECTOR('',#803,1.);
#803 = DIRECTION('',(-0.838595422435,-7.862390193619E-16,-0.54475473148)
  );
#804 = ORIENTED_EDGE('',*,*,#805,.T.);
#805 = EDGE_CURVE('',#798,#806,#808,.T.);
#806 = VERTEX_POINT('',#807);
#807 = CARTESIAN_POINT('',(-49.26849892008,-39.75,-70.5));
#808 = LINE('',#809,#810);
#809 = CARTESIAN_POINT('',(-19.31849892008,-39.75,-70.5));
#810 = VECTOR('',#811,1.);
#811 = DIRECTION('',(-1.,-0.,0.));
#812 = ORIENTED_EDGE('',*,*,#813,.F.);
#813 = EDGE_CURVE('',#230,#806,#814,.T.);
#814 = LINE('',#815,#816);
#815 = CARTESIAN_POINT('',(-58.94495749276,-39.75,3.));
#816 = VECTOR('',#817,1.);
#817 = DIRECTION('',(0.13052619222,-1.210797404018E-15,-0.991444861374)
  );
#818 = ORIENTED_EDGE('',*,*,#227,.F.);
#819 = PLANE('',#820);
#820 = AXIS2_PLACEMENT_3D('',#821,#822,#823);
#821 = CARTESIAN_POINT('',(-4.563540187244,-39.75,-25.37037829543));
#822 = DIRECTION('',(0.,-1.,1.270212413339E-15));
#823 = DIRECTION('',(0.,1.270212413339E-15,1.));
#824 = ADVANCED_FACE('',(#825,#843,#879),#915,.T.);
#825 = FACE_BOUND('',#826,.F.);
#826 = EDGE_LOOP('',(#827,#835,#841,#842));
#827 = ORIENTED_EDGE('',*,*,#828,.F.);
#828 = EDGE_CURVE('',#829,#806,#831,.T.);
#829 = VERTEX_POINT('',#830);
#830 = CARTESIAN_POINT('',(-49.26849892008,119.75,-70.5));
#831 = LINE('',#832,#833);
#832 = CARTESIAN_POINT('',(-49.26849892008,-36.75,-70.5));
#833 = VECTOR('',#834,1.);
#834 = DIRECTION('',(0.,-1.,1.443289932013E-15));
#835 = ORIENTED_EDGE('',*,*,#836,.T.);
#836 = EDGE_CURVE('',#829,#238,#837,.T.);
#837 = LINE('',#838,#839);
#838 = CARTESIAN_POINT('',(-49.26849892008,119.75,-70.5));
#839 = VECTOR('',#840,1.);
#840 = DIRECTION('',(-0.13052619222,1.541014877841E-15,0.991444861374));
#841 = ORIENTED_EDGE('',*,*,#237,.T.);
#842 = ORIENTED_EDGE('',*,*,#813,.T.);
#843 = FACE_BOUND('',#844,.F.);
#844 = EDGE_LOOP('',(#845,#856,#865,#873));
#845 = ORIENTED_EDGE('',*,*,#846,.F.);
#846 = EDGE_CURVE('',#847,#849,#851,.T.);
#847 = VERTEX_POINT('',#848);
#848 = CARTESIAN_POINT('',(-57.44052736613,102.75,-8.427281321677));
#849 = VERTEX_POINT('',#850);
#850 = CARTESIAN_POINT('',(-57.15582206377,97.690312153567,
    -10.58983279298));
#851 = CIRCLE('',#852,3.);
#852 = AXIS2_PLACEMENT_3D('',#853,#854,#855);
#853 = CARTESIAN_POINT('',(-57.44052736613,99.75,-8.427281321677));
#854 = DIRECTION('',(0.991444861374,2.672779902357E-16,0.13052619222));
#855 = DIRECTION('',(-1.681392619741E-16,1.,-7.705517279377E-16));
#856 = ORIENTED_EDGE('',*,*,#857,.F.);
#857 = EDGE_CURVE('',#858,#847,#860,.T.);
#858 = VERTEX_POINT('',#859);
#859 = CARTESIAN_POINT('',(-57.15582206377,101.80968784643,
    -10.58983279298));
#860 = CIRCLE('',#861,3.);
#861 = AXIS2_PLACEMENT_3D('',#862,#863,#864);
#862 = CARTESIAN_POINT('',(-57.44052736613,99.75,-8.427281321677));
#863 = DIRECTION('',(0.991444861374,2.672779902357E-16,0.13052619222));
#864 = DIRECTION('',(-1.681392619741E-16,1.,-7.705517279377E-16));
#865 = ORIENTED_EDGE('',*,*,#866,.F.);
#866 = EDGE_CURVE('',#867,#858,#869,.T.);
#867 = VERTEX_POINT('',#868);
#868 = CARTESIAN_POINT('',(-56.80094902425,99.75,-13.2853611424));
#869 = LINE('',#870,#871);
#870 = CARTESIAN_POINT('',(-54.28348994901,85.138634007831,
    -32.40736126678));
#871 = VECTOR('',#872,1.);
#872 = DIRECTION('',(-0.104041402947,0.603857687995,0.790272914329));
#873 = ORIENTED_EDGE('',*,*,#874,.F.);
#874 = EDGE_CURVE('',#849,#867,#875,.T.);
#875 = LINE('',#876,#877);
#876 = CARTESIAN_POINT('',(-57.82198724395,93.823880577933,
    -5.529805885866));
#877 = VECTOR('',#878,1.);
#878 = DIRECTION('',(0.104041402947,0.603857687995,-0.790272914329));
#879 = FACE_BOUND('',#880,.F.);
#880 = EDGE_LOOP('',(#881,#892,#901,#909));
#881 = ORIENTED_EDGE('',*,*,#882,.F.);
#882 = EDGE_CURVE('',#883,#885,#887,.T.);
#883 = VERTEX_POINT('',#884);
#884 = CARTESIAN_POINT('',(-57.44052736613,19.25,-8.427281321677));
#885 = VERTEX_POINT('',#886);
#886 = CARTESIAN_POINT('',(-57.15582206377,14.190312153567,
    -10.58983279298));
#887 = CIRCLE('',#888,3.);
#888 = AXIS2_PLACEMENT_3D('',#889,#890,#891);
#889 = CARTESIAN_POINT('',(-57.44052736613,16.25,-8.427281321677));
#890 = DIRECTION('',(0.991444861374,2.672779902357E-16,0.13052619222));
#891 = DIRECTION('',(-1.681392619741E-16,1.,-7.705517279377E-16));
#892 = ORIENTED_EDGE('',*,*,#893,.F.);
#893 = EDGE_CURVE('',#894,#883,#896,.T.);
#894 = VERTEX_POINT('',#895);
#895 = CARTESIAN_POINT('',(-57.15582206377,18.309687846433,
    -10.58983279298));
#896 = CIRCLE('',#897,3.);
#897 = AXIS2_PLACEMENT_3D('',#898,#899,#900);
#898 = CARTESIAN_POINT('',(-57.44052736613,16.25,-8.427281321677));
#899 = DIRECTION('',(0.991444861374,2.672779902357E-16,0.13052619222));
#900 = DIRECTION('',(-1.681392619741E-16,1.,-7.705517279377E-16));
#901 = ORIENTED_EDGE('',*,*,#902,.F.);
#902 = EDGE_CURVE('',#903,#894,#905,.T.);
#903 = VERTEX_POINT('',#904);
#904 = CARTESIAN_POINT('',(-56.80094902425,16.25,-13.2853611424));
#905 = LINE('',#906,#907);
#906 = CARTESIAN_POINT('',(-56.9064838424,16.862525489745,
    -12.48374461337));
#907 = VECTOR('',#908,1.);
#908 = DIRECTION('',(-0.104041402947,0.603857687995,0.790272914329));
#909 = ORIENTED_EDGE('',*,*,#910,.F.);
#910 = EDGE_CURVE('',#885,#903,#911,.T.);
#911 = LINE('',#912,#913);
#912 = CARTESIAN_POINT('',(-55.19899335055,25.547772059846,
    -25.45342253927));
#913 = VECTOR('',#914,1.);
#914 = DIRECTION('',(0.104041402947,0.603857687995,-0.790272914329));
#915 = PLANE('',#916);
#916 = AXIS2_PLACEMENT_3D('',#917,#918,#919);
#917 = CARTESIAN_POINT('',(-54.10672820642,40.,-33.75));
#918 = DIRECTION('',(-0.991444861374,-1.449131839194E-16,-0.13052619222)
  );
#919 = DIRECTION('',(0.13052619222,-1.100724912744E-15,-0.991444861374)
  );
#920 = ADVANCED_FACE('',(#921),#947,.T.);
#921 = FACE_BOUND('',#922,.F.);
#922 = EDGE_LOOP('',(#923,#924,#932,#940,#946));
#923 = ORIENTED_EDGE('',*,*,#836,.F.);
#924 = ORIENTED_EDGE('',*,*,#925,.F.);
#925 = EDGE_CURVE('',#926,#829,#928,.T.);
#926 = VERTEX_POINT('',#927);
#927 = CARTESIAN_POINT('',(-19.31849892008,119.75,-70.5));
#928 = LINE('',#929,#930);
#929 = CARTESIAN_POINT('',(-19.31849892008,119.75,-70.5));
#930 = VECTOR('',#931,1.);
#931 = DIRECTION('',(-1.,-0.,0.));
#932 = ORIENTED_EDGE('',*,*,#933,.F.);
#933 = EDGE_CURVE('',#934,#926,#936,.T.);
#934 = VERTEX_POINT('',#935);
#935 = CARTESIAN_POINT('',(61.5,119.75,-18.));
#936 = LINE('',#937,#938);
#937 = CARTESIAN_POINT('',(61.5,119.75,-18.));
#938 = VECTOR('',#939,1.);
#939 = DIRECTION('',(-0.838595422435,-8.467189439282E-16,-0.54475473148)
  );
#940 = ORIENTED_EDGE('',*,*,#941,.F.);
#941 = EDGE_CURVE('',#246,#934,#942,.T.);
#942 = LINE('',#943,#944);
#943 = CARTESIAN_POINT('',(61.5,119.75,0.));
#944 = VECTOR('',#945,1.);
#945 = DIRECTION('',(-0.,-1.554312234475E-15,-1.));
#946 = ORIENTED_EDGE('',*,*,#245,.F.);
#947 = PLANE('',#948);
#948 = AXIS2_PLACEMENT_3D('',#949,#950,#951);
#949 = CARTESIAN_POINT('',(-4.563540187244,119.75,-25.37037829543));
#950 = DIRECTION('',(0.,1.,-1.541643661721E-15));
#951 = DIRECTION('',(0.,-1.541643661721E-15,-1.));
#952 = ADVANCED_FACE('',(#953),#992,.T.);
#953 = FACE_BOUND('',#954,.F.);
#954 = EDGE_LOOP('',(#955,#956,#957,#963,#969,#977,#985,#991));
#955 = ORIENTED_EDGE('',*,*,#253,.F.);
#956 = ORIENTED_EDGE('',*,*,#941,.T.);
#957 = ORIENTED_EDGE('',*,*,#958,.T.);
#958 = EDGE_CURVE('',#934,#539,#959,.T.);
#959 = LINE('',#960,#961);
#960 = CARTESIAN_POINT('',(61.5,119.75,-18.));
#961 = VECTOR('',#962,1.);
#962 = DIRECTION('',(0.,-1.,1.554312234475E-15));
#963 = ORIENTED_EDGE('',*,*,#964,.T.);
#964 = EDGE_CURVE('',#539,#712,#965,.T.);
#965 = LINE('',#966,#967);
#966 = CARTESIAN_POINT('',(61.5,119.75,-18.));
#967 = VECTOR('',#968,1.);
#968 = DIRECTION('',(0.,-1.,1.443289932013E-15));
#969 = ORIENTED_EDGE('',*,*,#970,.T.);
#970 = EDGE_CURVE('',#712,#971,#973,.T.);
#971 = VERTEX_POINT('',#972);
#972 = CARTESIAN_POINT('',(61.5,38.5,-18.));
#973 = LINE('',#974,#975);
#974 = CARTESIAN_POINT('',(61.5,41.5,-18.));
#975 = VECTOR('',#976,1.);
#976 = DIRECTION('',(0.,-1.,1.443289932013E-15));
#977 = ORIENTED_EDGE('',*,*,#978,.T.);
#978 = EDGE_CURVE('',#971,#979,#981,.T.);
#979 = VERTEX_POINT('',#980);
#980 = CARTESIAN_POINT('',(61.5,-36.75,-18.));
#981 = LINE('',#982,#983);
#982 = CARTESIAN_POINT('',(61.5,119.75,-18.));
#983 = VECTOR('',#984,1.);
#984 = DIRECTION('',(0.,-1.,1.443289932013E-15));
#985 = ORIENTED_EDGE('',*,*,#986,.T.);
#986 = EDGE_CURVE('',#979,#790,#987,.T.);
#987 = LINE('',#988,#989);
#988 = CARTESIAN_POINT('',(61.5,-36.75,-18.));
#989 = VECTOR('',#990,1.);
#990 = DIRECTION('',(0.,-1.,1.443289932013E-15));
#991 = ORIENTED_EDGE('',*,*,#789,.F.);
#992 = PLANE('',#993);
#993 = AXIS2_PLACEMENT_3D('',#994,#995,#996);
#994 = CARTESIAN_POINT('',(61.5,40.,-7.5));
#995 = DIRECTION('',(1.,0.,0.));
#996 = DIRECTION('',(0.,1.,-1.221245327088E-15));
#997 = ADVANCED_FACE('',(#998),#1023,.T.);
#998 = FACE_BOUND('',#999,.F.);
#999 = EDGE_LOOP('',(#1000,#1008,#1009,#1017));
#1000 = ORIENTED_EDGE('',*,*,#1001,.T.);
#1001 = EDGE_CURVE('',#1002,#307,#1004,.T.);
#1002 = VERTEX_POINT('',#1003);
#1003 = CARTESIAN_POINT('',(-37.7,35.7,-0.6));
#1004 = LINE('',#1005,#1006);
#1005 = CARTESIAN_POINT('',(-37.7,35.7,-0.6));
#1006 = VECTOR('',#1007,1.);
#1007 = DIRECTION('',(0.,1.110223024625E-15,1.));
#1008 = ORIENTED_EDGE('',*,*,#306,.T.);
#1009 = ORIENTED_EDGE('',*,*,#1010,.F.);
#1010 = EDGE_CURVE('',#1011,#309,#1013,.T.);
#1011 = VERTEX_POINT('',#1012);
#1012 = CARTESIAN_POINT('',(47.7,35.7,-0.6));
#1013 = LINE('',#1014,#1015);
#1014 = CARTESIAN_POINT('',(47.7,35.7,-0.6));
#1015 = VECTOR('',#1016,1.);
#1016 = DIRECTION('',(0.,1.110223024625E-15,1.));
#1017 = ORIENTED_EDGE('',*,*,#1018,.F.);
#1018 = EDGE_CURVE('',#1002,#1011,#1019,.T.);
#1019 = LINE('',#1020,#1021);
#1020 = CARTESIAN_POINT('',(-37.7,35.7,-0.6));
#1021 = VECTOR('',#1022,1.);
#1022 = DIRECTION('',(1.,0.,0.));
#1023 = PLANE('',#1024);
#1024 = AXIS2_PLACEMENT_3D('',#1025,#1026,#1027);
#1025 = CARTESIAN_POINT('',(-37.7,35.7,-0.6));
#1026 = DIRECTION('',(0.,-1.,1.110223024625E-15));
#1027 = DIRECTION('',(-1.,0.,0.));
#1028 = ADVANCED_FACE('',(#1029),#1048,.F.);
#1029 = FACE_BOUND('',#1030,.F.);
#1030 = EDGE_LOOP('',(#1031,#1039,#1040,#1041));
#1031 = ORIENTED_EDGE('',*,*,#1032,.T.);
#1032 = EDGE_CURVE('',#1033,#317,#1035,.T.);
#1033 = VERTEX_POINT('',#1034);
#1034 = CARTESIAN_POINT('',(-41.7,31.7,-0.6));
#1035 = LINE('',#1036,#1037);
#1036 = CARTESIAN_POINT('',(-41.7,31.7,-0.6));
#1037 = VECTOR('',#1038,1.);
#1038 = DIRECTION('',(0.,1.110223024625E-15,1.));
#1039 = ORIENTED_EDGE('',*,*,#316,.T.);
#1040 = ORIENTED_EDGE('',*,*,#1001,.F.);
#1041 = ORIENTED_EDGE('',*,*,#1042,.F.);
#1042 = EDGE_CURVE('',#1033,#1002,#1043,.T.);
#1043 = CIRCLE('',#1044,4.);
#1044 = AXIS2_PLACEMENT_3D('',#1045,#1046,#1047);
#1045 = CARTESIAN_POINT('',(-37.7,31.7,-0.6));
#1046 = DIRECTION('',(0.,-1.110223024625E-15,-1.));
#1047 = DIRECTION('',(1.,0.,0.));
#1048 = CYLINDRICAL_SURFACE('',#1049,4.);
#1049 = AXIS2_PLACEMENT_3D('',#1050,#1051,#1052);
#1050 = CARTESIAN_POINT('',(-37.7,31.7,-0.6));
#1051 = DIRECTION('',(-0.,-1.110223024625E-15,-1.));
#1052 = DIRECTION('',(1.,0.,0.));
#1053 = ADVANCED_FACE('',(#1054),#1072,.T.);
#1054 = FACE_BOUND('',#1055,.F.);
#1055 = EDGE_LOOP('',(#1056,#1064,#1065,#1066));
#1056 = ORIENTED_EDGE('',*,*,#1057,.T.);
#1057 = EDGE_CURVE('',#1058,#326,#1060,.T.);
#1058 = VERTEX_POINT('',#1059);
#1059 = CARTESIAN_POINT('',(-41.7,-31.7,-0.6));
#1060 = LINE('',#1061,#1062);
#1061 = CARTESIAN_POINT('',(-41.7,-31.7,-0.6));
#1062 = VECTOR('',#1063,1.);
#1063 = DIRECTION('',(0.,1.110223024625E-15,1.));
#1064 = ORIENTED_EDGE('',*,*,#325,.T.);
#1065 = ORIENTED_EDGE('',*,*,#1032,.F.);
#1066 = ORIENTED_EDGE('',*,*,#1067,.F.);
#1067 = EDGE_CURVE('',#1058,#1033,#1068,.T.);
#1068 = LINE('',#1069,#1070);
#1069 = CARTESIAN_POINT('',(-41.7,-31.7,-0.6));
#1070 = VECTOR('',#1071,1.);
#1071 = DIRECTION('',(0.,1.,-1.110223024625E-15));
#1072 = PLANE('',#1073);
#1073 = AXIS2_PLACEMENT_3D('',#1074,#1075,#1076);
#1074 = CARTESIAN_POINT('',(-41.7,-31.7,-0.6));
#1075 = DIRECTION('',(1.,0.,0.));
#1076 = DIRECTION('',(0.,-1.,1.110223024625E-15));
#1077 = ADVANCED_FACE('',(#1078),#1097,.F.);
#1078 = FACE_BOUND('',#1079,.F.);
#1079 = EDGE_LOOP('',(#1080,#1088,#1089,#1090));
#1080 = ORIENTED_EDGE('',*,*,#1081,.T.);
#1081 = EDGE_CURVE('',#1082,#334,#1084,.T.);
#1082 = VERTEX_POINT('',#1083);
#1083 = CARTESIAN_POINT('',(-37.7,-35.7,-0.6));
#1084 = LINE('',#1085,#1086);
#1085 = CARTESIAN_POINT('',(-37.7,-35.7,-0.6));
#1086 = VECTOR('',#1087,1.);
#1087 = DIRECTION('',(0.,1.110223024625E-15,1.));
#1088 = ORIENTED_EDGE('',*,*,#333,.T.);
#1089 = ORIENTED_EDGE('',*,*,#1057,.F.);
#1090 = ORIENTED_EDGE('',*,*,#1091,.F.);
#1091 = EDGE_CURVE('',#1082,#1058,#1092,.T.);
#1092 = CIRCLE('',#1093,4.);
#1093 = AXIS2_PLACEMENT_3D('',#1094,#1095,#1096);
#1094 = CARTESIAN_POINT('',(-37.7,-31.7,-0.6));
#1095 = DIRECTION('',(0.,-1.110223024625E-15,-1.));
#1096 = DIRECTION('',(1.,0.,0.));
#1097 = CYLINDRICAL_SURFACE('',#1098,4.);
#1098 = AXIS2_PLACEMENT_3D('',#1099,#1100,#1101);
#1099 = CARTESIAN_POINT('',(-37.7,-31.7,-0.6));
#1100 = DIRECTION('',(-0.,-1.110223024625E-15,-1.));
#1101 = DIRECTION('',(1.,0.,0.));
#1102 = ADVANCED_FACE('',(#1103),#1121,.T.);
#1103 = FACE_BOUND('',#1104,.F.);
#1104 = EDGE_LOOP('',(#1105,#1113,#1114,#1115));
#1105 = ORIENTED_EDGE('',*,*,#1106,.T.);
#1106 = EDGE_CURVE('',#1107,#343,#1109,.T.);
#1107 = VERTEX_POINT('',#1108);
#1108 = CARTESIAN_POINT('',(47.7,-35.7,-0.6));
#1109 = LINE('',#1110,#1111);
#1110 = CARTESIAN_POINT('',(47.7,-35.7,-0.6));
#1111 = VECTOR('',#1112,1.);
#1112 = DIRECTION('',(0.,1.110223024625E-15,1.));
#1113 = ORIENTED_EDGE('',*,*,#342,.T.);
#1114 = ORIENTED_EDGE('',*,*,#1081,.F.);
#1115 = ORIENTED_EDGE('',*,*,#1116,.F.);
#1116 = EDGE_CURVE('',#1107,#1082,#1117,.T.);
#1117 = LINE('',#1118,#1119);
#1118 = CARTESIAN_POINT('',(47.7,-35.7,-0.6));
#1119 = VECTOR('',#1120,1.);
#1120 = DIRECTION('',(-1.,0.,0.));
#1121 = PLANE('',#1122);
#1122 = AXIS2_PLACEMENT_3D('',#1123,#1124,#1125);
#1123 = CARTESIAN_POINT('',(47.7,-35.7,-0.6));
#1124 = DIRECTION('',(0.,1.,-1.110223024625E-15));
#1125 = DIRECTION('',(1.,0.,0.));
#1126 = ADVANCED_FACE('',(#1127),#1163,.F.);
#1127 = FACE_BOUND('',#1128,.F.);
#1128 = EDGE_LOOP('',(#1129,#1140,#1146,#1147,#1148,#1157));
#1129 = ORIENTED_EDGE('',*,*,#1130,.T.);
#1130 = EDGE_CURVE('',#1131,#1133,#1135,.T.);
#1131 = VERTEX_POINT('',#1132);
#1132 = CARTESIAN_POINT('',(51.5,-32.94899959968,2.202682480856E-13));
#1133 = VERTEX_POINT('',#1134);
#1134 = CARTESIAN_POINT('',(51.7,-31.7,2.202682480856E-13));
#1135 = CIRCLE('',#1136,4.);
#1136 = AXIS2_PLACEMENT_3D('',#1137,#1138,#1139);
#1137 = CARTESIAN_POINT('',(47.7,-31.7,2.1437851494E-13));
#1138 = DIRECTION('',(-0.,1.110223024625E-15,1.));
#1139 = DIRECTION('',(1.,0.,0.));
#1140 = ORIENTED_EDGE('',*,*,#1141,.T.);
#1141 = EDGE_CURVE('',#1133,#351,#1142,.T.);
#1142 = LINE('',#1143,#1144);
#1143 = CARTESIAN_POINT('',(51.7,-31.7,-0.6));
#1144 = VECTOR('',#1145,1.);
#1145 = DIRECTION('',(0.,1.110223024625E-15,1.));
#1146 = ORIENTED_EDGE('',*,*,#350,.T.);
#1147 = ORIENTED_EDGE('',*,*,#1106,.F.);
#1148 = ORIENTED_EDGE('',*,*,#1149,.F.);
#1149 = EDGE_CURVE('',#1150,#1107,#1152,.T.);
#1150 = VERTEX_POINT('',#1151);
#1151 = CARTESIAN_POINT('',(51.5,-32.94899959968,-0.6));
#1152 = CIRCLE('',#1153,4.);
#1153 = AXIS2_PLACEMENT_3D('',#1154,#1155,#1156);
#1154 = CARTESIAN_POINT('',(47.7,-31.7,-0.6));
#1155 = DIRECTION('',(0.,-1.110223024625E-15,-1.));
#1156 = DIRECTION('',(1.,0.,0.));
#1157 = ORIENTED_EDGE('',*,*,#1158,.F.);
#1158 = EDGE_CURVE('',#1131,#1150,#1159,.T.);
#1159 = LINE('',#1160,#1161);
#1160 = CARTESIAN_POINT('',(51.5,-32.94899959968,-0.6));
#1161 = VECTOR('',#1162,1.);
#1162 = DIRECTION('',(-0.,-1.110223024625E-15,-1.));
#1163 = CYLINDRICAL_SURFACE('',#1164,4.);
#1164 = AXIS2_PLACEMENT_3D('',#1165,#1166,#1167);
#1165 = CARTESIAN_POINT('',(47.7,-31.7,-0.6));
#1166 = DIRECTION('',(-0.,-1.110223024625E-15,-1.));
#1167 = DIRECTION('',(1.,0.,0.));
#1168 = ADVANCED_FACE('',(#1169),#1187,.T.);
#1169 = FACE_BOUND('',#1170,.F.);
#1170 = EDGE_LOOP('',(#1171,#1179,#1185,#1186));
#1171 = ORIENTED_EDGE('',*,*,#1172,.T.);
#1172 = EDGE_CURVE('',#1133,#1173,#1175,.T.);
#1173 = VERTEX_POINT('',#1174);
#1174 = CARTESIAN_POINT('',(51.7,31.7,1.278976924368E-13));
#1175 = LINE('',#1176,#1177);
#1176 = CARTESIAN_POINT('',(51.7,35.85,1.244075489659E-13));
#1177 = VECTOR('',#1178,1.);
#1178 = DIRECTION('',(0.,1.,-1.33226762955E-15));
#1179 = ORIENTED_EDGE('',*,*,#1180,.T.);
#1180 = EDGE_CURVE('',#1173,#360,#1181,.T.);
#1181 = LINE('',#1182,#1183);
#1182 = CARTESIAN_POINT('',(51.7,31.7,-0.6));
#1183 = VECTOR('',#1184,1.);
#1184 = DIRECTION('',(0.,1.110223024625E-15,1.));
#1185 = ORIENTED_EDGE('',*,*,#359,.T.);
#1186 = ORIENTED_EDGE('',*,*,#1141,.F.);
#1187 = PLANE('',#1188);
#1188 = AXIS2_PLACEMENT_3D('',#1189,#1190,#1191);
#1189 = CARTESIAN_POINT('',(51.7,31.7,-0.6));
#1190 = DIRECTION('',(-1.,-0.,0.));
#1191 = DIRECTION('',(0.,1.,-1.110223024625E-15));
#1192 = ADVANCED_FACE('',(#1193),#1222,.F.);
#1193 = FACE_BOUND('',#1194,.F.);
#1194 = EDGE_LOOP('',(#1195,#1204,#1205,#1206,#1207,#1216));
#1195 = ORIENTED_EDGE('',*,*,#1196,.F.);
#1196 = EDGE_CURVE('',#1011,#1197,#1199,.T.);
#1197 = VERTEX_POINT('',#1198);
#1198 = CARTESIAN_POINT('',(51.5,32.94899959968,-0.6));
#1199 = CIRCLE('',#1200,4.);
#1200 = AXIS2_PLACEMENT_3D('',#1201,#1202,#1203);
#1201 = CARTESIAN_POINT('',(47.7,31.7,-0.6));
#1202 = DIRECTION('',(0.,-1.110223024625E-15,-1.));
#1203 = DIRECTION('',(1.,0.,0.));
#1204 = ORIENTED_EDGE('',*,*,#1010,.T.);
#1205 = ORIENTED_EDGE('',*,*,#367,.T.);
#1206 = ORIENTED_EDGE('',*,*,#1180,.F.);
#1207 = ORIENTED_EDGE('',*,*,#1208,.T.);
#1208 = EDGE_CURVE('',#1173,#1209,#1211,.T.);
#1209 = VERTEX_POINT('',#1210);
#1210 = CARTESIAN_POINT('',(51.5,32.94899959968,1.278976924368E-13));
#1211 = CIRCLE('',#1212,4.);
#1212 = AXIS2_PLACEMENT_3D('',#1213,#1214,#1215);
#1213 = CARTESIAN_POINT('',(47.7,31.7,1.299571561475E-13));
#1214 = DIRECTION('',(-0.,1.110223024625E-15,1.));
#1215 = DIRECTION('',(1.,0.,0.));
#1216 = ORIENTED_EDGE('',*,*,#1217,.T.);
#1217 = EDGE_CURVE('',#1209,#1197,#1218,.T.);
#1218 = LINE('',#1219,#1220);
#1219 = CARTESIAN_POINT('',(51.5,32.94899959968,-0.6));
#1220 = VECTOR('',#1221,1.);
#1221 = DIRECTION('',(-0.,-1.110223024625E-15,-1.));
#1222 = CYLINDRICAL_SURFACE('',#1223,4.);
#1223 = AXIS2_PLACEMENT_3D('',#1224,#1225,#1226);
#1224 = CARTESIAN_POINT('',(47.7,31.7,-0.6));
#1225 = DIRECTION('',(-0.,-1.110223024625E-15,-1.));
#1226 = DIRECTION('',(1.,0.,0.));
#1227 = ADVANCED_FACE('',(#1228),#1239,.F.);
#1228 = FACE_BOUND('',#1229,.T.);
#1229 = EDGE_LOOP('',(#1230,#1231,#1237,#1238));
#1230 = ORIENTED_EDGE('',*,*,#506,.T.);
#1231 = ORIENTED_EDGE('',*,*,#1232,.T.);
#1232 = EDGE_CURVE('',#507,#680,#1233,.T.);
#1233 = LINE('',#1234,#1235);
#1234 = CARTESIAN_POINT('',(53.3,119.75,-1.));
#1235 = VECTOR('',#1236,1.);
#1236 = DIRECTION('',(0.,-1.,1.443289932013E-15));
#1237 = ORIENTED_EDGE('',*,*,#679,.F.);
#1238 = ORIENTED_EDGE('',*,*,#408,.F.);
#1239 = PLANE('',#1240);
#1240 = AXIS2_PLACEMENT_3D('',#1241,#1242,#1243);
#1241 = CARTESIAN_POINT('',(53.3,119.75,-1.));
#1242 = DIRECTION('',(0.,1.443289932013E-15,1.));
#1243 = DIRECTION('',(1.,0.,0.));
#1244 = ADVANCED_FACE('',(#1245,#1287),#1321,.T.);
#1245 = FACE_BOUND('',#1246,.F.);
#1246 = EDGE_LOOP('',(#1247,#1248,#1249,#1258,#1265,#1272,#1279,#1280,
    #1281));
#1247 = ORIENTED_EDGE('',*,*,#668,.F.);
#1248 = ORIENTED_EDGE('',*,*,#620,.T.);
#1249 = ORIENTED_EDGE('',*,*,#1250,.T.);
#1250 = EDGE_CURVE('',#621,#1251,#1253,.T.);
#1251 = VERTEX_POINT('',#1252);
#1252 = CARTESIAN_POINT('',(-54.02177145702,90.528276619767,
    -11.60804824045));
#1253 = CIRCLE('',#1254,9.899428571429);
#1254 = AXIS2_PLACEMENT_3D('',#1255,#1256,#1257);
#1255 = CARTESIAN_POINT('',(-54.49163862669,99.75,-8.039052754024));
#1256 = DIRECTION('',(0.991444861374,2.282622347642E-16,0.13052619222));
#1257 = DIRECTION('',(1.110223024625E-16,-1.,9.054867952522E-16));
#1258 = ORIENTED_EDGE('',*,*,#1259,.F.);
#1259 = EDGE_CURVE('',#1260,#1251,#1262,.T.);
#1260 = VERTEX_POINT('',#1261);
#1261 = CARTESIAN_POINT('',(-50.93826815609,99.75,-35.02958112014));
#1262 = B_SPLINE_CURVE_WITH_KNOTS('',1,(#1263,#1264),.UNSPECIFIED.,.F.,
  .F.,(2,2),(0.,1.),.PIECEWISE_BEZIER_KNOTS.);
#1263 = CARTESIAN_POINT('',(-50.93826815609,99.75,-35.02958112014));
#1264 = CARTESIAN_POINT('',(-54.02177145702,90.528276619767,
    -11.60804824045));
#1265 = ORIENTED_EDGE('',*,*,#1266,.F.);
#1266 = EDGE_CURVE('',#1267,#1260,#1269,.T.);
#1267 = VERTEX_POINT('',#1268);
#1268 = CARTESIAN_POINT('',(-54.02177145702,108.97172338023,
    -11.60804824045));
#1269 = B_SPLINE_CURVE_WITH_KNOTS('',1,(#1270,#1271),.UNSPECIFIED.,.F.,
  .F.,(2,2),(0.,1.),.PIECEWISE_BEZIER_KNOTS.);
#1270 = CARTESIAN_POINT('',(-54.02177145702,108.97172338023,
    -11.60804824045));
#1271 = CARTESIAN_POINT('',(-50.93826815609,99.75,-35.02958112014));
#1272 = ORIENTED_EDGE('',*,*,#1273,.T.);
#1273 = EDGE_CURVE('',#1267,#646,#1274,.T.);
#1274 = CIRCLE('',#1275,9.899428571429);
#1275 = AXIS2_PLACEMENT_3D('',#1276,#1277,#1278);
#1276 = CARTESIAN_POINT('',(-54.49163862669,99.75,-8.039052754024));
#1277 = DIRECTION('',(0.991444861374,2.282622347642E-16,0.13052619222));
#1278 = DIRECTION('',(1.110223024625E-16,-1.,9.054867952522E-16));
#1279 = ORIENTED_EDGE('',*,*,#654,.T.);
#1280 = ORIENTED_EDGE('',*,*,#488,.T.);
#1281 = ORIENTED_EDGE('',*,*,#1282,.T.);
#1282 = EDGE_CURVE('',#491,#669,#1283,.T.);
#1283 = LINE('',#1284,#1285);
#1284 = CARTESIAN_POINT('',(-46.26849892008,119.75,-70.5));
#1285 = VECTOR('',#1286,1.);
#1286 = DIRECTION('',(0.,-1.,1.443289932013E-15));
#1287 = FACE_BOUND('',#1288,.F.);
#1288 = EDGE_LOOP('',(#1289,#1299,#1307,#1315));
#1289 = ORIENTED_EDGE('',*,*,#1290,.T.);
#1290 = EDGE_CURVE('',#1291,#1293,#1295,.T.);
#1291 = VERTEX_POINT('',#1292);
#1292 = CARTESIAN_POINT('',(-46.98638257404,110.75,-65.04713228301));
#1293 = VERTEX_POINT('',#1294);
#1294 = CARTESIAN_POINT('',(-50.90216834064,110.75,-35.3037864418));
#1295 = LINE('',#1296,#1297);
#1296 = CARTESIAN_POINT('',(-46.98638257404,110.75,-65.04713228301));
#1297 = VECTOR('',#1298,1.);
#1298 = DIRECTION('',(-0.13052619222,1.121320500561E-16,0.991444861374)
  );
#1299 = ORIENTED_EDGE('',*,*,#1300,.T.);
#1300 = EDGE_CURVE('',#1293,#1301,#1303,.T.);
#1301 = VERTEX_POINT('',#1302);
#1302 = CARTESIAN_POINT('',(-50.90216834064,47.5,-35.3037864418));
#1303 = LINE('',#1304,#1305);
#1304 = CARTESIAN_POINT('',(-50.90216834064,110.75,-35.3037864418));
#1305 = VECTOR('',#1306,1.);
#1306 = DIRECTION('',(1.258255520078E-16,-1.,1.283306780146E-16));
#1307 = ORIENTED_EDGE('',*,*,#1308,.T.);
#1308 = EDGE_CURVE('',#1301,#1309,#1311,.T.);
#1309 = VERTEX_POINT('',#1310);
#1310 = CARTESIAN_POINT('',(-46.98638257404,47.5,-65.04713228301));
#1311 = LINE('',#1312,#1313);
#1312 = CARTESIAN_POINT('',(-50.90216834064,47.5,-35.3037864418));
#1313 = VECTOR('',#1314,1.);
#1314 = DIRECTION('',(0.13052619222,-1.121320500561E-16,-0.991444861374)
  );
#1315 = ORIENTED_EDGE('',*,*,#1316,.T.);
#1316 = EDGE_CURVE('',#1309,#1291,#1317,.T.);
#1317 = LINE('',#1318,#1319);
#1318 = CARTESIAN_POINT('',(-46.98638257404,47.5,-65.04713228301));
#1319 = VECTOR('',#1320,1.);
#1320 = DIRECTION('',(-1.258255520078E-16,1.,-1.283306780146E-16));
#1321 = PLANE('',#1322);
#1322 = AXIS2_PLACEMENT_3D('',#1323,#1324,#1325);
#1323 = CARTESIAN_POINT('',(-46.26849892008,119.75,-70.5));
#1324 = DIRECTION('',(0.991444861374,1.883871390952E-16,0.13052619222));
#1325 = DIRECTION('',(0.13052619222,-1.430942386567E-15,-0.991444861374)
  );
#1326 = ADVANCED_FACE('',(#1327),#1379,.T.);
#1327 = FACE_BOUND('',#1328,.F.);
#1328 = EDGE_LOOP('',(#1329,#1330,#1331,#1332,#1340,#1348,#1356,#1364,
    #1370,#1371,#1372,#1373));
#1329 = ORIENTED_EDGE('',*,*,#925,.T.);
#1330 = ORIENTED_EDGE('',*,*,#828,.T.);
#1331 = ORIENTED_EDGE('',*,*,#805,.F.);
#1332 = ORIENTED_EDGE('',*,*,#1333,.F.);
#1333 = EDGE_CURVE('',#1334,#798,#1336,.T.);
#1334 = VERTEX_POINT('',#1335);
#1335 = CARTESIAN_POINT('',(-19.31849892008,-36.75,-70.5));
#1336 = LINE('',#1337,#1338);
#1337 = CARTESIAN_POINT('',(-19.31849892008,-36.75,-70.5));
#1338 = VECTOR('',#1339,1.);
#1339 = DIRECTION('',(0.,-1.,1.443289932013E-15));
#1340 = ORIENTED_EDGE('',*,*,#1341,.T.);
#1341 = EDGE_CURVE('',#1334,#1342,#1344,.T.);
#1342 = VERTEX_POINT('',#1343);
#1343 = CARTESIAN_POINT('',(-46.26849892008,-36.75,-70.5));
#1344 = LINE('',#1345,#1346);
#1345 = CARTESIAN_POINT('',(-19.31849892008,-36.75,-70.5));
#1346 = VECTOR('',#1347,1.);
#1347 = DIRECTION('',(-1.,-0.,0.));
#1348 = ORIENTED_EDGE('',*,*,#1349,.F.);
#1349 = EDGE_CURVE('',#1350,#1342,#1352,.T.);
#1350 = VERTEX_POINT('',#1351);
#1351 = CARTESIAN_POINT('',(-46.26849892008,38.5,-70.5));
#1352 = LINE('',#1353,#1354);
#1353 = CARTESIAN_POINT('',(-46.26849892008,119.75,-70.5));
#1354 = VECTOR('',#1355,1.);
#1355 = DIRECTION('',(0.,-1.,1.443289932013E-15));
#1356 = ORIENTED_EDGE('',*,*,#1357,.F.);
#1357 = EDGE_CURVE('',#1358,#1350,#1360,.T.);
#1358 = VERTEX_POINT('',#1359);
#1359 = CARTESIAN_POINT('',(-19.31849892008,38.5,-70.5));
#1360 = LINE('',#1361,#1362);
#1361 = CARTESIAN_POINT('',(-19.31849892008,38.5,-70.5));
#1362 = VECTOR('',#1363,1.);
#1363 = DIRECTION('',(-1.,-0.,0.));
#1364 = ORIENTED_EDGE('',*,*,#1365,.F.);
#1365 = EDGE_CURVE('',#720,#1358,#1366,.T.);
#1366 = LINE('',#1367,#1368);
#1367 = CARTESIAN_POINT('',(-19.31849892008,41.5,-70.5));
#1368 = VECTOR('',#1369,1.);
#1369 = DIRECTION('',(0.,-1.,1.443289932013E-15));
#1370 = ORIENTED_EDGE('',*,*,#727,.T.);
#1371 = ORIENTED_EDGE('',*,*,#1282,.F.);
#1372 = ORIENTED_EDGE('',*,*,#554,.F.);
#1373 = ORIENTED_EDGE('',*,*,#1374,.F.);
#1374 = EDGE_CURVE('',#926,#547,#1375,.T.);
#1375 = LINE('',#1376,#1377);
#1376 = CARTESIAN_POINT('',(-19.31849892008,119.75,-70.5));
#1377 = VECTOR('',#1378,1.);
#1378 = DIRECTION('',(0.,-1.,1.554312234475E-15));
#1379 = PLANE('',#1380);
#1380 = AXIS2_PLACEMENT_3D('',#1381,#1382,#1383);
#1381 = CARTESIAN_POINT('',(-42.29488581139,40.,-70.5));
#1382 = DIRECTION('',(-0.,-1.33226762955E-15,-1.));
#1383 = DIRECTION('',(0.,1.,-1.33226762955E-15));
#1384 = ADVANCED_FACE('',(#1385),#1391,.F.);
#1385 = FACE_BOUND('',#1386,.T.);
#1386 = EDGE_LOOP('',(#1387,#1388,#1389,#1390));
#1387 = ORIENTED_EDGE('',*,*,#958,.T.);
#1388 = ORIENTED_EDGE('',*,*,#546,.T.);
#1389 = ORIENTED_EDGE('',*,*,#1374,.F.);
#1390 = ORIENTED_EDGE('',*,*,#933,.F.);
#1391 = PLANE('',#1392);
#1392 = AXIS2_PLACEMENT_3D('',#1393,#1394,#1395);
#1393 = CARTESIAN_POINT('',(61.5,119.75,-18.));
#1394 = DIRECTION('',(-0.54475473148,1.303439124866E-15,0.838595422435)
  );
#1395 = DIRECTION('',(0.838595422435,8.467189439282E-16,0.54475473148));
#1396 = ADVANCED_FACE('',(#1397),#1408,.F.);
#1397 = FACE_BOUND('',#1398,.T.);
#1398 = EDGE_LOOP('',(#1399,#1400,#1401,#1402));
#1399 = ORIENTED_EDGE('',*,*,#538,.T.);
#1400 = ORIENTED_EDGE('',*,*,#964,.T.);
#1401 = ORIENTED_EDGE('',*,*,#711,.F.);
#1402 = ORIENTED_EDGE('',*,*,#1403,.F.);
#1403 = EDGE_CURVE('',#531,#704,#1404,.T.);
#1404 = LINE('',#1405,#1406);
#1405 = CARTESIAN_POINT('',(58.5,119.75,-18.));
#1406 = VECTOR('',#1407,1.);
#1407 = DIRECTION('',(0.,-1.,1.443289932013E-15));
#1408 = PLANE('',#1409);
#1409 = AXIS2_PLACEMENT_3D('',#1410,#1411,#1412);
#1410 = CARTESIAN_POINT('',(61.5,119.75,-18.));
#1411 = DIRECTION('',(0.,1.443289932013E-15,1.));
#1412 = DIRECTION('',(1.,0.,0.));
#1413 = ADVANCED_FACE('',(#1414),#1425,.F.);
#1414 = FACE_BOUND('',#1415,.T.);
#1415 = EDGE_LOOP('',(#1416,#1417,#1418,#1419));
#1416 = ORIENTED_EDGE('',*,*,#530,.T.);
#1417 = ORIENTED_EDGE('',*,*,#1403,.T.);
#1418 = ORIENTED_EDGE('',*,*,#703,.F.);
#1419 = ORIENTED_EDGE('',*,*,#1420,.F.);
#1420 = EDGE_CURVE('',#523,#696,#1421,.T.);
#1421 = LINE('',#1422,#1423);
#1422 = CARTESIAN_POINT('',(58.5,119.75,-0.8));
#1423 = VECTOR('',#1424,1.);
#1424 = DIRECTION('',(0.,-1.,1.443289932013E-15));
#1425 = PLANE('',#1426);
#1426 = AXIS2_PLACEMENT_3D('',#1427,#1428,#1429);
#1427 = CARTESIAN_POINT('',(58.5,119.75,-18.));
#1428 = DIRECTION('',(1.,0.,0.));
#1429 = DIRECTION('',(0.,-1.443289932013E-15,-1.));
#1430 = ADVANCED_FACE('',(#1431),#1442,.F.);
#1431 = FACE_BOUND('',#1432,.T.);
#1432 = EDGE_LOOP('',(#1433,#1434,#1440,#1441));
#1433 = ORIENTED_EDGE('',*,*,#514,.T.);
#1434 = ORIENTED_EDGE('',*,*,#1435,.T.);
#1435 = EDGE_CURVE('',#515,#688,#1436,.T.);
#1436 = LINE('',#1437,#1438);
#1437 = CARTESIAN_POINT('',(53.5,119.75,-0.8));
#1438 = VECTOR('',#1439,1.);
#1439 = DIRECTION('',(0.,-1.,1.443289932013E-15));
#1440 = ORIENTED_EDGE('',*,*,#687,.F.);
#1441 = ORIENTED_EDGE('',*,*,#1232,.F.);
#1442 = PLANE('',#1443);
#1443 = AXIS2_PLACEMENT_3D('',#1444,#1445,#1446);
#1444 = CARTESIAN_POINT('',(53.5,119.75,-0.8));
#1445 = DIRECTION('',(-0.707106781187,1.020560098144E-15,0.707106781187)
  );
#1446 = DIRECTION('',(0.707106781187,1.020560098144E-15,0.707106781187)
  );
#1447 = ADVANCED_FACE('',(#1448),#1454,.F.);
#1448 = FACE_BOUND('',#1449,.T.);
#1449 = EDGE_LOOP('',(#1450,#1451,#1452,#1453));
#1450 = ORIENTED_EDGE('',*,*,#522,.T.);
#1451 = ORIENTED_EDGE('',*,*,#1420,.T.);
#1452 = ORIENTED_EDGE('',*,*,#695,.F.);
#1453 = ORIENTED_EDGE('',*,*,#1435,.F.);
#1454 = PLANE('',#1455);
#1455 = AXIS2_PLACEMENT_3D('',#1456,#1457,#1458);
#1456 = CARTESIAN_POINT('',(58.5,119.75,-0.8));
#1457 = DIRECTION('',(1.33226762955E-16,1.443289932013E-15,1.));
#1458 = DIRECTION('',(1.,-1.922848456476E-31,-1.33226762955E-16));
#1459 = ADVANCED_FACE('',(#1460),#1483,.T.);
#1460 = FACE_BOUND('',#1461,.T.);
#1461 = EDGE_LOOP('',(#1462,#1463,#1470,#1478));
#1462 = ORIENTED_EDGE('',*,*,#562,.T.);
#1463 = ORIENTED_EDGE('',*,*,#1464,.T.);
#1464 = EDGE_CURVE('',#565,#1465,#1467,.T.);
#1465 = VERTEX_POINT('',#1466);
#1466 = CARTESIAN_POINT('',(-38.83839460897,117.95,-63.06989568888));
#1467 = B_SPLINE_CURVE_WITH_KNOTS('',1,(#1468,#1469),.UNSPECIFIED.,.F.,
  .F.,(2,2),(0.,1.),.PIECEWISE_BEZIER_KNOTS.);
#1468 = CARTESIAN_POINT('',(-40.26849892008,116.75,-64.5));
#1469 = CARTESIAN_POINT('',(-38.83839460897,117.95,-63.06989568888));
#1470 = ORIENTED_EDGE('',*,*,#1471,.F.);
#1471 = EDGE_CURVE('',#1472,#1465,#1474,.T.);
#1472 = VERTEX_POINT('',#1473);
#1473 = CARTESIAN_POINT('',(-38.83839460897,117.95,-8.030104311113));
#1474 = LINE('',#1475,#1476);
#1475 = CARTESIAN_POINT('',(-38.83839460897,117.95,-6.6));
#1476 = VECTOR('',#1477,1.);
#1477 = DIRECTION('',(-0.,-5.551115123126E-16,-1.));
#1478 = ORIENTED_EDGE('',*,*,#1479,.F.);
#1479 = EDGE_CURVE('',#563,#1472,#1480,.T.);
#1480 = B_SPLINE_CURVE_WITH_KNOTS('',1,(#1481,#1482),.UNSPECIFIED.,.F.,
  .F.,(2,2),(0.,1.),.PIECEWISE_BEZIER_KNOTS.);
#1481 = CARTESIAN_POINT('',(-40.26849892008,116.75,-6.6));
#1482 = CARTESIAN_POINT('',(-38.83839460897,117.95,-8.030104311113));
#1483 = B_SPLINE_SURFACE_WITH_KNOTS('',1,1,(
    (#1484,#1485)
    ,(#1486,#1487
    )),.UNSPECIFIED.,.F.,.F.,.F.,(2,2),(2,2),(0.,57.9),(0.,1.),
  .PIECEWISE_BEZIER_KNOTS.);
#1484 = CARTESIAN_POINT('',(-40.26849892008,116.75,-6.6));
#1485 = CARTESIAN_POINT('',(-38.83839460897,117.95,-8.030104311113));
#1486 = CARTESIAN_POINT('',(-40.26849892008,116.75,-64.5));
#1487 = CARTESIAN_POINT('',(-38.83839460897,117.95,-63.06989568888));
#1488 = ADVANCED_FACE('',(#1489),#1506,.T.);
#1489 = FACE_BOUND('',#1490,.T.);
#1490 = EDGE_LOOP('',(#1491,#1492,#1493,#1501));
#1491 = ORIENTED_EDGE('',*,*,#596,.T.);
#1492 = ORIENTED_EDGE('',*,*,#1479,.T.);
#1493 = ORIENTED_EDGE('',*,*,#1494,.F.);
#1494 = EDGE_CURVE('',#1495,#1472,#1497,.T.);
#1495 = VERTEX_POINT('',#1496);
#1496 = CARTESIAN_POINT('',(51.069895688887,117.95,-8.030104311113));
#1497 = LINE('',#1498,#1499);
#1498 = CARTESIAN_POINT('',(52.5,117.95,-8.030104311113));
#1499 = VECTOR('',#1500,1.);
#1500 = DIRECTION('',(-1.,-0.,0.));
#1501 = ORIENTED_EDGE('',*,*,#1502,.F.);
#1502 = EDGE_CURVE('',#589,#1495,#1503,.T.);
#1503 = B_SPLINE_CURVE_WITH_KNOTS('',1,(#1504,#1505),.UNSPECIFIED.,.F.,
  .F.,(2,2),(0.,1.),.PIECEWISE_BEZIER_KNOTS.);
#1504 = CARTESIAN_POINT('',(52.5,116.75,-6.6));
#1505 = CARTESIAN_POINT('',(51.069895688887,117.95,-8.030104311113));
#1506 = B_SPLINE_SURFACE_WITH_KNOTS('',1,1,(
    (#1507,#1508)
    ,(#1509,#1510
    )),.UNSPECIFIED.,.F.,.F.,.F.,(2,2),(2,2),(0.,92.768498920089),(0.,1.
    ),.PIECEWISE_BEZIER_KNOTS.);
#1507 = CARTESIAN_POINT('',(52.5,116.75,-6.6));
#1508 = CARTESIAN_POINT('',(51.069895688887,117.95,-8.030104311113));
#1509 = CARTESIAN_POINT('',(-40.26849892008,116.75,-6.6));
#1510 = CARTESIAN_POINT('',(-38.83839460897,117.95,-8.030104311113));
#1511 = ADVANCED_FACE('',(#1512),#1529,.T.);
#1512 = FACE_BOUND('',#1513,.T.);
#1513 = EDGE_LOOP('',(#1514,#1515,#1516,#1524));
#1514 = ORIENTED_EDGE('',*,*,#588,.T.);
#1515 = ORIENTED_EDGE('',*,*,#1502,.T.);
#1516 = ORIENTED_EDGE('',*,*,#1517,.F.);
#1517 = EDGE_CURVE('',#1518,#1495,#1520,.T.);
#1518 = VERTEX_POINT('',#1519);
#1519 = CARTESIAN_POINT('',(51.069895688887,117.95,-14.04979627623));
#1520 = LINE('',#1521,#1522);
#1521 = CARTESIAN_POINT('',(51.069895688887,117.95,-14.81010907112));
#1522 = VECTOR('',#1523,1.);
#1523 = DIRECTION('',(-8.654485946587E-16,5.551115123126E-16,1.));
#1524 = ORIENTED_EDGE('',*,*,#1525,.F.);
#1525 = EDGE_CURVE('',#581,#1518,#1526,.T.);
#1526 = B_SPLINE_CURVE_WITH_KNOTS('',1,(#1527,#1528),.UNSPECIFIED.,.F.,
  .F.,(2,2),(0.,1.),.PIECEWISE_BEZIER_KNOTS.);
#1527 = CARTESIAN_POINT('',(52.5,116.75,-14.81010907112));
#1528 = CARTESIAN_POINT('',(51.069895688887,117.95,-14.04979627623));
#1529 = B_SPLINE_SURFACE_WITH_KNOTS('',1,1,(
    (#1530,#1531)
    ,(#1532,#1533
    )),.UNSPECIFIED.,.F.,.F.,.F.,(2,2),(2,2),(0.,8.210109071127),(0.,1.)
  ,.PIECEWISE_BEZIER_KNOTS.);
#1530 = CARTESIAN_POINT('',(52.5,116.75,-14.81010907112));
#1531 = CARTESIAN_POINT('',(51.069895688887,117.95,-14.04979627623));
#1532 = CARTESIAN_POINT('',(52.5,116.75,-6.6));
#1533 = CARTESIAN_POINT('',(51.069895688887,117.95,-8.030104311113));
#1534 = ADVANCED_FACE('',(#1535),#1552,.T.);
#1535 = FACE_BOUND('',#1536,.T.);
#1536 = EDGE_LOOP('',(#1537,#1538,#1539,#1547));
#1537 = ORIENTED_EDGE('',*,*,#580,.T.);
#1538 = ORIENTED_EDGE('',*,*,#1525,.T.);
#1539 = ORIENTED_EDGE('',*,*,#1540,.F.);
#1540 = EDGE_CURVE('',#1541,#1518,#1543,.T.);
#1541 = VERTEX_POINT('',#1542);
#1542 = CARTESIAN_POINT('',(-21.59049580075,117.95,-63.06989568888));
#1543 = LINE('',#1544,#1545);
#1544 = CARTESIAN_POINT('',(-21.95301157611,117.95,-63.31446579073));
#1545 = VECTOR('',#1546,1.);
#1546 = DIRECTION('',(0.828984431452,3.104581482574E-16,0.559271680323)
  );
#1547 = ORIENTED_EDGE('',*,*,#1548,.F.);
#1548 = EDGE_CURVE('',#573,#1541,#1549,.T.);
#1549 = B_SPLINE_CURVE_WITH_KNOTS('',1,(#1550,#1551),.UNSPECIFIED.,.F.,
  .F.,(2,2),(0.,1.),.PIECEWISE_BEZIER_KNOTS.);
#1550 = CARTESIAN_POINT('',(-21.153194735,116.75,-64.5));
#1551 = CARTESIAN_POINT('',(-21.59049580075,117.95,-63.06989568888));
#1552 = B_SPLINE_SURFACE_WITH_KNOTS('',1,1,(
    (#1553,#1554)
    ,(#1555,#1556
    )),.UNSPECIFIED.,.F.,.F.,.F.,(2,2),(2,2),(0.,88.847500556832),(0.,1.
    ),.PIECEWISE_BEZIER_KNOTS.);
#1553 = CARTESIAN_POINT('',(-21.153194735,116.75,-64.5));
#1554 = CARTESIAN_POINT('',(-21.59049580075,117.95,-63.06989568888));
#1555 = CARTESIAN_POINT('',(52.5,116.75,-14.81010907112));
#1556 = CARTESIAN_POINT('',(51.069895688887,117.95,-14.04979627623));
#1557 = ADVANCED_FACE('',(#1558),#1569,.T.);
#1558 = FACE_BOUND('',#1559,.T.);
#1559 = EDGE_LOOP('',(#1560,#1561,#1562,#1568));
#1560 = ORIENTED_EDGE('',*,*,#572,.T.);
#1561 = ORIENTED_EDGE('',*,*,#1548,.T.);
#1562 = ORIENTED_EDGE('',*,*,#1563,.F.);
#1563 = EDGE_CURVE('',#1465,#1541,#1564,.T.);
#1564 = LINE('',#1565,#1566);
#1565 = CARTESIAN_POINT('',(-40.26849892008,117.95,-63.06989568888));
#1566 = VECTOR('',#1567,1.);
#1567 = DIRECTION('',(1.,0.,0.));
#1568 = ORIENTED_EDGE('',*,*,#1464,.F.);
#1569 = B_SPLINE_SURFACE_WITH_KNOTS('',1,1,(
    (#1570,#1571)
    ,(#1572,#1573
    )),.UNSPECIFIED.,.F.,.F.,.F.,(2,2),(2,2),(0.,19.115304185082),(0.,1.
    ),.PIECEWISE_BEZIER_KNOTS.);
#1570 = CARTESIAN_POINT('',(-40.26849892008,116.75,-64.5));
#1571 = CARTESIAN_POINT('',(-38.83839460897,117.95,-63.06989568888));
#1572 = CARTESIAN_POINT('',(-21.153194735,116.75,-64.5));
#1573 = CARTESIAN_POINT('',(-21.59049580075,117.95,-63.06989568888));
#1574 = ADVANCED_FACE('',(#1575),#1593,.T.);
#1575 = FACE_BOUND('',#1576,.F.);
#1576 = EDGE_LOOP('',(#1577,#1584,#1591,#1592));
#1577 = ORIENTED_EDGE('',*,*,#1578,.F.);
#1578 = EDGE_CURVE('',#1579,#1267,#1581,.T.);
#1579 = VERTEX_POINT('',#1580);
#1580 = CARTESIAN_POINT('',(-52.7387749345,107.20232782978,
    -10.74247721088));
#1581 = B_SPLINE_CURVE_WITH_KNOTS('',1,(#1582,#1583),.UNSPECIFIED.,.F.,
  .F.,(2,2),(0.,1.),.PIECEWISE_BEZIER_KNOTS.);
#1582 = CARTESIAN_POINT('',(-52.7387749345,107.20232782978,
    -10.74247721088));
#1583 = CARTESIAN_POINT('',(-54.35988967415,109.43802617872,
    -11.83615901719));
#1584 = ORIENTED_EDGE('',*,*,#1585,.T.);
#1585 = EDGE_CURVE('',#1579,#638,#1586,.T.);
#1586 = CIRCLE('',#1587,8.);
#1587 = AXIS2_PLACEMENT_3D('',#1588,#1589,#1590);
#1588 = CARTESIAN_POINT('',(-53.11848749369,99.75,-7.858273977799));
#1589 = DIRECTION('',(0.991444861374,2.429388404575E-16,0.13052619222));
#1590 = DIRECTION('',(1.258255520078E-16,-1.,9.054867952522E-16));
#1591 = ORIENTED_EDGE('',*,*,#645,.T.);
#1592 = ORIENTED_EDGE('',*,*,#1273,.F.);
#1593 = CONICAL_SURFACE('',#1594,8.,0.940762417249);
#1594 = AXIS2_PLACEMENT_3D('',#1595,#1596,#1597);
#1595 = CARTESIAN_POINT('',(-53.11848749369,99.75,-7.858273977799));
#1596 = DIRECTION('',(-0.991444861374,-2.282622347642E-16,-0.13052619222
    ));
#1597 = DIRECTION('',(1.110223024625E-16,-1.,9.054867952522E-16));
#1598 = ADVANCED_FACE('',(#1599,#1626),#1662,.F.);
#1599 = FACE_BOUND('',#1600,.T.);
#1600 = EDGE_LOOP('',(#1601,#1611,#1617,#1618,#1619));
#1601 = ORIENTED_EDGE('',*,*,#1602,.T.);
#1602 = EDGE_CURVE('',#1603,#1605,#1607,.T.);
#1603 = VERTEX_POINT('',#1604);
#1604 = CARTESIAN_POINT('',(-52.7387749345,92.297672170211,
    -10.74247721088));
#1605 = VERTEX_POINT('',#1606);
#1606 = CARTESIAN_POINT('',(-50.24691126485,99.75,-29.67006092802));
#1607 = LINE('',#1608,#1609);
#1608 = CARTESIAN_POINT('',(-52.7387749345,92.297672170211,
    -10.74247721088));
#1609 = VECTOR('',#1610,1.);
#1610 = DIRECTION('',(0.12159049685,0.363636363636,-0.923571516515));
#1611 = ORIENTED_EDGE('',*,*,#1612,.T.);
#1612 = EDGE_CURVE('',#1605,#1579,#1613,.T.);
#1613 = LINE('',#1614,#1615);
#1614 = CARTESIAN_POINT('',(-50.24691126485,99.75,-29.67006092802));
#1615 = VECTOR('',#1616,1.);
#1616 = DIRECTION('',(-0.12159049685,0.363636363636,0.923571516515));
#1617 = ORIENTED_EDGE('',*,*,#1585,.T.);
#1618 = ORIENTED_EDGE('',*,*,#637,.T.);
#1619 = ORIENTED_EDGE('',*,*,#1620,.T.);
#1620 = EDGE_CURVE('',#629,#1603,#1621,.T.);
#1621 = CIRCLE('',#1622,8.);
#1622 = AXIS2_PLACEMENT_3D('',#1623,#1624,#1625);
#1623 = CARTESIAN_POINT('',(-53.11848749369,99.75,-7.858273977799));
#1624 = DIRECTION('',(0.991444861374,2.429388404575E-16,0.13052619222));
#1625 = DIRECTION('',(1.258255520078E-16,-1.,9.054867952522E-16));
#1626 = FACE_BOUND('',#1627,.T.);
#1627 = EDGE_LOOP('',(#1628,#1639,#1648,#1656));
#1628 = ORIENTED_EDGE('',*,*,#1629,.F.);
#1629 = EDGE_CURVE('',#1630,#1632,#1634,.T.);
#1630 = VERTEX_POINT('',#1631);
#1631 = CARTESIAN_POINT('',(-53.11848749369,104.3,-7.858273977799));
#1632 = VERTEX_POINT('',#1633);
#1633 = CARTESIAN_POINT('',(-52.52564986972,99.478716250895,
    -12.36132279821));
#1634 = CIRCLE('',#1635,4.55);
#1635 = AXIS2_PLACEMENT_3D('',#1636,#1637,#1638);
#1636 = CARTESIAN_POINT('',(-53.11848749369,99.75,-7.858273977799));
#1637 = DIRECTION('',(0.991444861374,2.672779902357E-16,0.13052619222));
#1638 = DIRECTION('',(-1.672697776277E-16,1.,-7.771561172376E-16));
#1639 = ORIENTED_EDGE('',*,*,#1640,.F.);
#1640 = EDGE_CURVE('',#1641,#1630,#1643,.T.);
#1641 = VERTEX_POINT('',#1642);
#1642 = CARTESIAN_POINT('',(-52.52564986972,100.0212837491,
    -12.36132279821));
#1643 = CIRCLE('',#1644,4.55);
#1644 = AXIS2_PLACEMENT_3D('',#1645,#1646,#1647);
#1645 = CARTESIAN_POINT('',(-53.11848749369,99.75,-7.858273977799));
#1646 = DIRECTION('',(0.991444861374,2.672779902357E-16,0.13052619222));
#1647 = DIRECTION('',(-1.672697776277E-16,1.,-7.771561172376E-16));
#1648 = ORIENTED_EDGE('',*,*,#1649,.F.);
#1649 = EDGE_CURVE('',#1650,#1641,#1652,.T.);
#1650 = VERTEX_POINT('',#1651);
#1651 = CARTESIAN_POINT('',(-52.47890915181,99.75,-12.71635379853));
#1652 = LINE('',#1653,#1654);
#1653 = CARTESIAN_POINT('',(-52.89745730313,102.17925904317,
    -9.537164956734));
#1654 = VECTOR('',#1655,1.);
#1655 = DIRECTION('',(-0.104041402947,0.603857687995,0.790272914329));
#1656 = ORIENTED_EDGE('',*,*,#1657,.F.);
#1657 = EDGE_CURVE('',#1632,#1650,#1658,.T.);
#1658 = LINE('',#1659,#1660);
#1659 = CARTESIAN_POINT('',(-52.68208908597,98.570740956826,
    -11.173048978));
#1660 = VECTOR('',#1661,1.);
#1661 = DIRECTION('',(0.104041402947,0.603857687995,-0.790272914329));
#1662 = PLANE('',#1663);
#1663 = AXIS2_PLACEMENT_3D('',#1664,#1665,#1666);
#1664 = CARTESIAN_POINT('',(-53.11848749369,99.75,-7.858273977799));
#1665 = DIRECTION('',(-0.991444861374,-2.282622347642E-16,-0.13052619222
    ));
#1666 = DIRECTION('',(-1.110223024625E-16,1.,-9.054867952522E-16));
#1667 = ADVANCED_FACE('',(#1668),#1678,.T.);
#1668 = FACE_BOUND('',#1669,.F.);
#1669 = EDGE_LOOP('',(#1670,#1671,#1672,#1673));
#1670 = ORIENTED_EDGE('',*,*,#1250,.F.);
#1671 = ORIENTED_EDGE('',*,*,#628,.T.);
#1672 = ORIENTED_EDGE('',*,*,#1620,.T.);
#1673 = ORIENTED_EDGE('',*,*,#1674,.T.);
#1674 = EDGE_CURVE('',#1603,#1251,#1675,.T.);
#1675 = B_SPLINE_CURVE_WITH_KNOTS('',1,(#1676,#1677),.UNSPECIFIED.,.F.,
  .F.,(2,2),(0.,1.),.PIECEWISE_BEZIER_KNOTS.);
#1676 = CARTESIAN_POINT('',(-52.7387749345,92.297672170211,
    -10.74247721088));
#1677 = CARTESIAN_POINT('',(-54.35988967415,90.061973821275,
    -11.83615901719));
#1678 = CONICAL_SURFACE('',#1679,8.,0.940762417249);
#1679 = AXIS2_PLACEMENT_3D('',#1680,#1681,#1682);
#1680 = CARTESIAN_POINT('',(-53.11848749369,99.75,-7.858273977799));
#1681 = DIRECTION('',(-0.991444861374,-2.282622347642E-16,-0.13052619222
    ));
#1682 = DIRECTION('',(1.110223024625E-16,-1.,9.054867952522E-16));
#1683 = ADVANCED_FACE('',(#1684),#1695,.F.);
#1684 = FACE_BOUND('',#1685,.T.);
#1685 = EDGE_LOOP('',(#1686,#1687,#1693,#1694));
#1686 = ORIENTED_EDGE('',*,*,#970,.T.);
#1687 = ORIENTED_EDGE('',*,*,#1688,.T.);
#1688 = EDGE_CURVE('',#971,#1358,#1689,.T.);
#1689 = LINE('',#1690,#1691);
#1690 = CARTESIAN_POINT('',(61.5,38.5,-18.));
#1691 = VECTOR('',#1692,1.);
#1692 = DIRECTION('',(-0.838595422435,-7.862390193619E-16,-0.54475473148
    ));
#1693 = ORIENTED_EDGE('',*,*,#1365,.F.);
#1694 = ORIENTED_EDGE('',*,*,#719,.F.);
#1695 = PLANE('',#1696);
#1696 = AXIS2_PLACEMENT_3D('',#1697,#1698,#1699);
#1697 = CARTESIAN_POINT('',(61.5,41.5,-18.));
#1698 = DIRECTION('',(-0.54475473148,1.210336330233E-15,0.838595422435)
  );
#1699 = DIRECTION('',(0.838595422435,7.862390193619E-16,0.54475473148));
#1700 = ADVANCED_FACE('',(#1701),#1712,.F.);
#1701 = FACE_BOUND('',#1702,.T.);
#1702 = EDGE_LOOP('',(#1703,#1704,#1705,#1706));
#1703 = ORIENTED_EDGE('',*,*,#986,.T.);
#1704 = ORIENTED_EDGE('',*,*,#797,.T.);
#1705 = ORIENTED_EDGE('',*,*,#1333,.F.);
#1706 = ORIENTED_EDGE('',*,*,#1707,.F.);
#1707 = EDGE_CURVE('',#979,#1334,#1708,.T.);
#1708 = LINE('',#1709,#1710);
#1709 = CARTESIAN_POINT('',(61.5,-36.75,-18.));
#1710 = VECTOR('',#1711,1.);
#1711 = DIRECTION('',(-0.838595422435,-7.862390193619E-16,-0.54475473148
    ));
#1712 = PLANE('',#1713);
#1713 = AXIS2_PLACEMENT_3D('',#1714,#1715,#1716);
#1714 = CARTESIAN_POINT('',(61.5,-36.75,-18.));
#1715 = DIRECTION('',(-0.54475473148,1.210336330233E-15,0.838595422435)
  );
#1716 = DIRECTION('',(0.838595422435,7.862390193619E-16,0.54475473148));
#1717 = ADVANCED_FACE('',(#1718),#1754,.F.);
#1718 = FACE_BOUND('',#1719,.F.);
#1719 = EDGE_LOOP('',(#1720,#1731,#1737,#1738,#1739,#1747));
#1720 = ORIENTED_EDGE('',*,*,#1721,.T.);
#1721 = EDGE_CURVE('',#1722,#1724,#1726,.T.);
#1722 = VERTEX_POINT('',#1723);
#1723 = CARTESIAN_POINT('',(-54.65522702882,102.75,-8.06058957574));
#1724 = VERTEX_POINT('',#1725);
#1725 = CARTESIAN_POINT('',(-54.37052172646,101.80968784643,
    -10.22314104705));
#1726 = CIRCLE('',#1727,3.);
#1727 = AXIS2_PLACEMENT_3D('',#1728,#1729,#1730);
#1728 = CARTESIAN_POINT('',(-54.65522702882,99.75,-8.06058957574));
#1729 = DIRECTION('',(-0.991444861374,-2.672779902357E-16,-0.13052619222
    ));
#1730 = DIRECTION('',(-1.681392619741E-16,1.,-7.705517279377E-16));
#1731 = ORIENTED_EDGE('',*,*,#1732,.T.);
#1732 = EDGE_CURVE('',#1724,#858,#1733,.T.);
#1733 = LINE('',#1734,#1735);
#1734 = CARTESIAN_POINT('',(-54.37052172646,101.80968784643,
    -10.22314104705));
#1735 = VECTOR('',#1736,1.);
#1736 = DIRECTION('',(-0.991444861374,-2.672779902357E-16,-0.13052619222
    ));
#1737 = ORIENTED_EDGE('',*,*,#857,.T.);
#1738 = ORIENTED_EDGE('',*,*,#846,.T.);
#1739 = ORIENTED_EDGE('',*,*,#1740,.F.);
#1740 = EDGE_CURVE('',#1741,#849,#1743,.T.);
#1741 = VERTEX_POINT('',#1742);
#1742 = CARTESIAN_POINT('',(-54.37052172646,97.690312153567,
    -10.22314104705));
#1743 = LINE('',#1744,#1745);
#1744 = CARTESIAN_POINT('',(-54.37052172646,97.690312153567,
    -10.22314104705));
#1745 = VECTOR('',#1746,1.);
#1746 = DIRECTION('',(-0.991444861374,-2.672779902357E-16,-0.13052619222
    ));
#1747 = ORIENTED_EDGE('',*,*,#1748,.T.);
#1748 = EDGE_CURVE('',#1741,#1722,#1749,.T.);
#1749 = CIRCLE('',#1750,3.);
#1750 = AXIS2_PLACEMENT_3D('',#1751,#1752,#1753);
#1751 = CARTESIAN_POINT('',(-54.65522702882,99.75,-8.06058957574));
#1752 = DIRECTION('',(-0.991444861374,-2.672779902357E-16,-0.13052619222
    ));
#1753 = DIRECTION('',(-1.681392619741E-16,1.,-7.705517279377E-16));
#1754 = CYLINDRICAL_SURFACE('',#1755,3.);
#1755 = AXIS2_PLACEMENT_3D('',#1756,#1757,#1758);
#1756 = CARTESIAN_POINT('',(-54.65522702882,99.75,-8.06058957574));
#1757 = DIRECTION('',(-0.991444861374,-2.672779902357E-16,-0.13052619222
    ));
#1758 = DIRECTION('',(-1.681392619741E-16,1.,-7.705517279377E-16));
#1759 = ADVANCED_FACE('',(#1760),#1778,.F.);
#1760 = FACE_BOUND('',#1761,.T.);
#1761 = EDGE_LOOP('',(#1762,#1763,#1769,#1770,#1771));
#1762 = ORIENTED_EDGE('',*,*,#1657,.T.);
#1763 = ORIENTED_EDGE('',*,*,#1764,.T.);
#1764 = EDGE_CURVE('',#1650,#867,#1765,.T.);
#1765 = LINE('',#1766,#1767);
#1766 = CARTESIAN_POINT('',(-52.42933690874,99.75,-12.70982748891));
#1767 = VECTOR('',#1768,1.);
#1768 = DIRECTION('',(-0.991444861374,-8.976496751176E-17,-0.13052619222
    ));
#1769 = ORIENTED_EDGE('',*,*,#874,.F.);
#1770 = ORIENTED_EDGE('',*,*,#1740,.F.);
#1771 = ORIENTED_EDGE('',*,*,#1772,.T.);
#1772 = EDGE_CURVE('',#1741,#1632,#1773,.T.);
#1773 = HYPERBOLA('',#1774,2.958902671178,2.958902671178);
#1774 = AXIS2_PLACEMENT_3D('',#1775,#1776,#1777);
#1775 = CARTESIAN_POINT('',(-57.39634313938,97.391481913652,
    -10.22363833207));
#1776 = DIRECTION('',(-7.881924465685E-02,0.797092148154,0.598691601764)
  );
#1777 = DIRECTION('',(0.991444861374,1.745864830202E-16,0.13052619222));
#1778 = PLANE('',#1779);
#1779 = AXIS2_PLACEMENT_3D('',#1780,#1781,#1782);
#1780 = CARTESIAN_POINT('',(-52.42933690874,99.75,-12.70982748891));
#1781 = DIRECTION('',(7.881924465685E-02,-0.797092148154,-0.598691601764
    ));
#1782 = DIRECTION('',(0.104041402947,0.603857687995,-0.790272914329));
#1783 = ADVANCED_FACE('',(#1784),#1797,.F.);
#1784 = FACE_BOUND('',#1785,.T.);
#1785 = EDGE_LOOP('',(#1786,#1787,#1788,#1795,#1796));
#1786 = ORIENTED_EDGE('',*,*,#1764,.F.);
#1787 = ORIENTED_EDGE('',*,*,#1649,.T.);
#1788 = ORIENTED_EDGE('',*,*,#1789,.T.);
#1789 = EDGE_CURVE('',#1641,#1724,#1790,.T.);
#1790 = HYPERBOLA('',#1791,2.958902671178,2.958902671178);
#1791 = AXIS2_PLACEMENT_3D('',#1792,#1793,#1794);
#1792 = CARTESIAN_POINT('',(-57.39634313938,102.10851808634,
    -10.22363833207));
#1793 = DIRECTION('',(-7.881924465685E-02,-0.797092148154,0.598691601764
    ));
#1794 = DIRECTION('',(0.991444861374,1.183883319684E-16,0.13052619222));
#1795 = ORIENTED_EDGE('',*,*,#1732,.T.);
#1796 = ORIENTED_EDGE('',*,*,#866,.F.);
#1797 = PLANE('',#1798);
#1798 = AXIS2_PLACEMENT_3D('',#1799,#1800,#1801);
#1799 = CARTESIAN_POINT('',(-52.86007334307,102.25,-9.438059446386));
#1800 = DIRECTION('',(7.881924465685E-02,0.797092148154,-0.598691601764)
  );
#1801 = DIRECTION('',(-0.104041402947,0.603857687995,0.790272914329));
#1802 = ADVANCED_FACE('',(#1803),#1839,.F.);
#1803 = FACE_BOUND('',#1804,.F.);
#1804 = EDGE_LOOP('',(#1805,#1816,#1822,#1823,#1824,#1832));
#1805 = ORIENTED_EDGE('',*,*,#1806,.T.);
#1806 = EDGE_CURVE('',#1807,#1809,#1811,.T.);
#1807 = VERTEX_POINT('',#1808);
#1808 = CARTESIAN_POINT('',(-54.65522702882,19.25,-8.06058957574));
#1809 = VERTEX_POINT('',#1810);
#1810 = CARTESIAN_POINT('',(-54.37052172646,18.309687846433,
    -10.22314104705));
#1811 = CIRCLE('',#1812,3.);
#1812 = AXIS2_PLACEMENT_3D('',#1813,#1814,#1815);
#1813 = CARTESIAN_POINT('',(-54.65522702882,16.25,-8.06058957574));
#1814 = DIRECTION('',(-0.991444861374,-2.672779902357E-16,-0.13052619222
    ));
#1815 = DIRECTION('',(-1.681392619741E-16,1.,-7.705517279377E-16));
#1816 = ORIENTED_EDGE('',*,*,#1817,.T.);
#1817 = EDGE_CURVE('',#1809,#894,#1818,.T.);
#1818 = LINE('',#1819,#1820);
#1819 = CARTESIAN_POINT('',(-54.37052172646,18.309687846433,
    -10.22314104705));
#1820 = VECTOR('',#1821,1.);
#1821 = DIRECTION('',(-0.991444861374,-2.672779902357E-16,-0.13052619222
    ));
#1822 = ORIENTED_EDGE('',*,*,#893,.T.);
#1823 = ORIENTED_EDGE('',*,*,#882,.T.);
#1824 = ORIENTED_EDGE('',*,*,#1825,.F.);
#1825 = EDGE_CURVE('',#1826,#885,#1828,.T.);
#1826 = VERTEX_POINT('',#1827);
#1827 = CARTESIAN_POINT('',(-54.37052172646,14.190312153567,
    -10.22314104705));
#1828 = LINE('',#1829,#1830);
#1829 = CARTESIAN_POINT('',(-54.37052172646,14.190312153567,
    -10.22314104705));
#1830 = VECTOR('',#1831,1.);
#1831 = DIRECTION('',(-0.991444861374,-2.672779902357E-16,-0.13052619222
    ));
#1832 = ORIENTED_EDGE('',*,*,#1833,.T.);
#1833 = EDGE_CURVE('',#1826,#1807,#1834,.T.);
#1834 = CIRCLE('',#1835,3.);
#1835 = AXIS2_PLACEMENT_3D('',#1836,#1837,#1838);
#1836 = CARTESIAN_POINT('',(-54.65522702882,16.25,-8.06058957574));
#1837 = DIRECTION('',(-0.991444861374,-2.672779902357E-16,-0.13052619222
    ));
#1838 = DIRECTION('',(-1.681392619741E-16,1.,-7.705517279377E-16));
#1839 = CYLINDRICAL_SURFACE('',#1840,3.);
#1840 = AXIS2_PLACEMENT_3D('',#1841,#1842,#1843);
#1841 = CARTESIAN_POINT('',(-54.65522702882,16.25,-8.06058957574));
#1842 = DIRECTION('',(-0.991444861374,-2.672779902357E-16,-0.13052619222
    ));
#1843 = DIRECTION('',(-1.681392619741E-16,1.,-7.705517279377E-16));
#1844 = ADVANCED_FACE('',(#1845),#1872,.F.);
#1845 = FACE_BOUND('',#1846,.T.);
#1846 = EDGE_LOOP('',(#1847,#1857,#1863,#1864,#1865));
#1847 = ORIENTED_EDGE('',*,*,#1848,.T.);
#1848 = EDGE_CURVE('',#1849,#1851,#1853,.T.);
#1849 = VERTEX_POINT('',#1850);
#1850 = CARTESIAN_POINT('',(-52.52564986972,15.978716250895,
    -12.36132279821));
#1851 = VERTEX_POINT('',#1852);
#1852 = CARTESIAN_POINT('',(-52.47890915181,16.25,-12.71635379853));
#1853 = LINE('',#1854,#1855);
#1854 = CARTESIAN_POINT('',(-52.68208908597,15.070740956826,
    -11.173048978));
#1855 = VECTOR('',#1856,1.);
#1856 = DIRECTION('',(0.104041402947,0.603857687995,-0.790272914329));
#1857 = ORIENTED_EDGE('',*,*,#1858,.T.);
#1858 = EDGE_CURVE('',#1851,#903,#1859,.T.);
#1859 = LINE('',#1860,#1861);
#1860 = CARTESIAN_POINT('',(-52.42933690874,16.25,-12.70982748891));
#1861 = VECTOR('',#1862,1.);
#1862 = DIRECTION('',(-0.991444861374,-8.976496751176E-17,-0.13052619222
    ));
#1863 = ORIENTED_EDGE('',*,*,#910,.F.);
#1864 = ORIENTED_EDGE('',*,*,#1825,.F.);
#1865 = ORIENTED_EDGE('',*,*,#1866,.T.);
#1866 = EDGE_CURVE('',#1826,#1849,#1867,.T.);
#1867 = HYPERBOLA('',#1868,2.958902671178,2.958902671178);
#1868 = AXIS2_PLACEMENT_3D('',#1869,#1870,#1871);
#1869 = CARTESIAN_POINT('',(-57.39634313938,13.891481913652,
    -10.22363833207));
#1870 = DIRECTION('',(-7.881924465685E-02,0.797092148154,0.598691601764)
  );
#1871 = DIRECTION('',(0.991444861374,1.745864830202E-16,0.13052619222));
#1872 = PLANE('',#1873);
#1873 = AXIS2_PLACEMENT_3D('',#1874,#1875,#1876);
#1874 = CARTESIAN_POINT('',(-52.42933690874,16.25,-12.70982748891));
#1875 = DIRECTION('',(7.881924465685E-02,-0.797092148154,-0.598691601764
    ));
#1876 = DIRECTION('',(0.104041402947,0.603857687995,-0.790272914329));
#1877 = ADVANCED_FACE('',(#1878),#1898,.F.);
#1878 = FACE_BOUND('',#1879,.T.);
#1879 = EDGE_LOOP('',(#1880,#1881,#1889,#1896,#1897));
#1880 = ORIENTED_EDGE('',*,*,#1858,.F.);
#1881 = ORIENTED_EDGE('',*,*,#1882,.T.);
#1882 = EDGE_CURVE('',#1851,#1883,#1885,.T.);
#1883 = VERTEX_POINT('',#1884);
#1884 = CARTESIAN_POINT('',(-52.52564986972,16.521283749105,
    -12.36132279821));
#1885 = LINE('',#1886,#1887);
#1886 = CARTESIAN_POINT('',(-52.89745730313,18.679259043174,
    -9.537164956734));
#1887 = VECTOR('',#1888,1.);
#1888 = DIRECTION('',(-0.104041402947,0.603857687995,0.790272914329));
#1889 = ORIENTED_EDGE('',*,*,#1890,.T.);
#1890 = EDGE_CURVE('',#1883,#1809,#1891,.T.);
#1891 = HYPERBOLA('',#1892,2.958902671178,2.958902671178);
#1892 = AXIS2_PLACEMENT_3D('',#1893,#1894,#1895);
#1893 = CARTESIAN_POINT('',(-57.39634313938,18.608518086348,
    -10.22363833207));
#1894 = DIRECTION('',(-7.881924465685E-02,-0.797092148154,0.598691601764
    ));
#1895 = DIRECTION('',(0.991444861374,1.183883319684E-16,0.13052619222));
#1896 = ORIENTED_EDGE('',*,*,#1817,.T.);
#1897 = ORIENTED_EDGE('',*,*,#902,.F.);
#1898 = PLANE('',#1899);
#1899 = AXIS2_PLACEMENT_3D('',#1900,#1901,#1902);
#1900 = CARTESIAN_POINT('',(-52.86007334307,18.75,-9.438059446386));
#1901 = DIRECTION('',(7.881924465685E-02,0.797092148154,-0.598691601764)
  );
#1902 = DIRECTION('',(-0.104041402947,0.603857687995,0.790272914329));
#1903 = ADVANCED_FACE('',(#1904),#1929,.F.);
#1904 = FACE_BOUND('',#1905,.T.);
#1905 = EDGE_LOOP('',(#1906,#1914,#1915,#1923));
#1906 = ORIENTED_EDGE('',*,*,#1907,.T.);
#1907 = EDGE_CURVE('',#1908,#971,#1910,.T.);
#1908 = VERTEX_POINT('',#1909);
#1909 = CARTESIAN_POINT('',(58.5,38.5,-18.));
#1910 = LINE('',#1911,#1912);
#1911 = CARTESIAN_POINT('',(28.449099521441,38.5,-18.));
#1912 = VECTOR('',#1913,1.);
#1913 = DIRECTION('',(1.,0.,0.));
#1914 = ORIENTED_EDGE('',*,*,#978,.T.);
#1915 = ORIENTED_EDGE('',*,*,#1916,.F.);
#1916 = EDGE_CURVE('',#1917,#979,#1919,.T.);
#1917 = VERTEX_POINT('',#1918);
#1918 = CARTESIAN_POINT('',(58.5,-36.75,-18.));
#1919 = LINE('',#1920,#1921);
#1920 = CARTESIAN_POINT('',(28.449099521441,-36.75,-18.));
#1921 = VECTOR('',#1922,1.);
#1922 = DIRECTION('',(1.,0.,0.));
#1923 = ORIENTED_EDGE('',*,*,#1924,.F.);
#1924 = EDGE_CURVE('',#1908,#1917,#1925,.T.);
#1925 = LINE('',#1926,#1927);
#1926 = CARTESIAN_POINT('',(58.5,119.75,-18.));
#1927 = VECTOR('',#1928,1.);
#1928 = DIRECTION('',(0.,-1.,1.443289932013E-15));
#1929 = PLANE('',#1930);
#1930 = AXIS2_PLACEMENT_3D('',#1931,#1932,#1933);
#1931 = CARTESIAN_POINT('',(61.5,119.75,-18.));
#1932 = DIRECTION('',(0.,1.443289932013E-15,1.));
#1933 = DIRECTION('',(1.,0.,0.));
#1934 = ADVANCED_FACE('',(#1935),#1982,.F.);
#1935 = FACE_BOUND('',#1936,.T.);
#1936 = EDGE_LOOP('',(#1937,#1938,#1939,#1940,#1941,#1942,#1943,#1951,
    #1959,#1967,#1975,#1981));
#1937 = ORIENTED_EDGE('',*,*,#1018,.F.);
#1938 = ORIENTED_EDGE('',*,*,#1042,.F.);
#1939 = ORIENTED_EDGE('',*,*,#1067,.F.);
#1940 = ORIENTED_EDGE('',*,*,#1091,.F.);
#1941 = ORIENTED_EDGE('',*,*,#1116,.F.);
#1942 = ORIENTED_EDGE('',*,*,#1149,.F.);
#1943 = ORIENTED_EDGE('',*,*,#1944,.F.);
#1944 = EDGE_CURVE('',#1945,#1150,#1947,.T.);
#1945 = VERTEX_POINT('',#1946);
#1946 = CARTESIAN_POINT('',(51.5,-36.75,-0.6));
#1947 = LINE('',#1948,#1949);
#1948 = CARTESIAN_POINT('',(51.5,79.875,-0.6));
#1949 = VECTOR('',#1950,1.);
#1950 = DIRECTION('',(0.,1.,-1.110223024625E-15));
#1951 = ORIENTED_EDGE('',*,*,#1952,.F.);
#1952 = EDGE_CURVE('',#1953,#1945,#1955,.T.);
#1953 = VERTEX_POINT('',#1954);
#1954 = CARTESIAN_POINT('',(-51.47100850144,-36.75,-0.6));
#1955 = LINE('',#1956,#1957);
#1956 = CARTESIAN_POINT('',(-0.610062171524,-36.75,-0.6));
#1957 = VECTOR('',#1958,1.);
#1958 = DIRECTION('',(1.,0.,0.));
#1959 = ORIENTED_EDGE('',*,*,#1960,.F.);
#1960 = EDGE_CURVE('',#1961,#1953,#1963,.T.);
#1961 = VERTEX_POINT('',#1962);
#1962 = CARTESIAN_POINT('',(-51.47100850144,38.5,-0.6));
#1963 = LINE('',#1964,#1965);
#1964 = CARTESIAN_POINT('',(-51.47100850144,119.75,-0.6));
#1965 = VECTOR('',#1966,1.);
#1966 = DIRECTION('',(0.,-1.,9.992007221626E-16));
#1967 = ORIENTED_EDGE('',*,*,#1968,.T.);
#1968 = EDGE_CURVE('',#1961,#1969,#1971,.T.);
#1969 = VERTEX_POINT('',#1970);
#1970 = CARTESIAN_POINT('',(51.5,38.5,-0.6));
#1971 = LINE('',#1972,#1973);
#1972 = CARTESIAN_POINT('',(-0.610062171524,38.5,-0.6));
#1973 = VECTOR('',#1974,1.);
#1974 = DIRECTION('',(1.,0.,0.));
#1975 = ORIENTED_EDGE('',*,*,#1976,.F.);
#1976 = EDGE_CURVE('',#1197,#1969,#1977,.T.);
#1977 = LINE('',#1978,#1979);
#1978 = CARTESIAN_POINT('',(51.5,79.875,-0.6));
#1979 = VECTOR('',#1980,1.);
#1980 = DIRECTION('',(0.,1.,-1.110223024625E-15));
#1981 = ORIENTED_EDGE('',*,*,#1196,.F.);
#1982 = PLANE('',#1983);
#1983 = AXIS2_PLACEMENT_3D('',#1984,#1985,#1986);
#1984 = CARTESIAN_POINT('',(3.381676614069,40.,-0.6));
#1985 = DIRECTION('',(0.,1.110223024625E-15,1.));
#1986 = DIRECTION('',(-1.,-0.,0.));
#1987 = ADVANCED_FACE('',(#1988),#1999,.T.);
#1988 = FACE_BOUND('',#1989,.F.);
#1989 = EDGE_LOOP('',(#1990,#1996,#1997,#1998));
#1990 = ORIENTED_EDGE('',*,*,#1991,.F.);
#1991 = EDGE_CURVE('',#1209,#1131,#1992,.T.);
#1992 = LINE('',#1993,#1994);
#1993 = CARTESIAN_POINT('',(51.5,119.75,0.));
#1994 = VECTOR('',#1995,1.);
#1995 = DIRECTION('',(0.,-1.,1.443289932013E-15));
#1996 = ORIENTED_EDGE('',*,*,#1208,.F.);
#1997 = ORIENTED_EDGE('',*,*,#1172,.F.);
#1998 = ORIENTED_EDGE('',*,*,#1130,.F.);
#1999 = PLANE('',#2000);
#2000 = AXIS2_PLACEMENT_3D('',#2001,#2002,#2003);
#2001 = CARTESIAN_POINT('',(1.475,40.,1.188579417843E-13));
#2002 = DIRECTION('',(0.,1.33226762955E-15,1.));
#2003 = DIRECTION('',(0.,-1.,1.33226762955E-15));
#2004 = ADVANCED_FACE('',(#2005),#2034,.F.);
#2005 = FACE_BOUND('',#2006,.T.);
#2006 = EDGE_LOOP('',(#2007,#2008,#2016,#2024,#2030,#2031,#2032,#2033));
#2007 = ORIENTED_EDGE('',*,*,#1976,.T.);
#2008 = ORIENTED_EDGE('',*,*,#2009,.T.);
#2009 = EDGE_CURVE('',#1969,#2010,#2012,.T.);
#2010 = VERTEX_POINT('',#2011);
#2011 = CARTESIAN_POINT('',(51.5,38.5,-1.));
#2012 = LINE('',#2013,#2014);
#2013 = CARTESIAN_POINT('',(51.5,38.5,-13.97997541352));
#2014 = VECTOR('',#2015,1.);
#2015 = DIRECTION('',(-0.,-1.221245327088E-15,-1.));
#2016 = ORIENTED_EDGE('',*,*,#2017,.T.);
#2017 = EDGE_CURVE('',#2010,#2018,#2020,.T.);
#2018 = VERTEX_POINT('',#2019);
#2019 = CARTESIAN_POINT('',(51.5,-36.75,-1.));
#2020 = LINE('',#2021,#2022);
#2021 = CARTESIAN_POINT('',(51.5,119.75,-1.));
#2022 = VECTOR('',#2023,1.);
#2023 = DIRECTION('',(0.,-1.,1.443289932013E-15));
#2024 = ORIENTED_EDGE('',*,*,#2025,.F.);
#2025 = EDGE_CURVE('',#1945,#2018,#2026,.T.);
#2026 = LINE('',#2027,#2028);
#2027 = CARTESIAN_POINT('',(51.5,-36.75,-13.97997541352));
#2028 = VECTOR('',#2029,1.);
#2029 = DIRECTION('',(-0.,-1.221245327088E-15,-1.));
#2030 = ORIENTED_EDGE('',*,*,#1944,.T.);
#2031 = ORIENTED_EDGE('',*,*,#1158,.F.);
#2032 = ORIENTED_EDGE('',*,*,#1991,.F.);
#2033 = ORIENTED_EDGE('',*,*,#1217,.T.);
#2034 = PLANE('',#2035);
#2035 = AXIS2_PLACEMENT_3D('',#2036,#2037,#2038);
#2036 = CARTESIAN_POINT('',(51.5,119.75,-1.));
#2037 = DIRECTION('',(1.,0.,0.));
#2038 = DIRECTION('',(0.,-1.443289932013E-15,-1.));
#2039 = ADVANCED_FACE('',(#2040),#2050,.F.);
#2040 = FACE_BOUND('',#2041,.F.);
#2041 = EDGE_LOOP('',(#2042,#2043,#2044,#2049));
#2042 = ORIENTED_EDGE('',*,*,#1674,.F.);
#2043 = ORIENTED_EDGE('',*,*,#1602,.T.);
#2044 = ORIENTED_EDGE('',*,*,#2045,.T.);
#2045 = EDGE_CURVE('',#1605,#1260,#2046,.T.);
#2046 = B_SPLINE_CURVE_WITH_KNOTS('',1,(#2047,#2048),.UNSPECIFIED.,.F.,
  .F.,(2,2),(0.,1.),.PIECEWISE_BEZIER_KNOTS.);
#2047 = CARTESIAN_POINT('',(-50.24691126485,99.75,-29.67006092802));
#2048 = CARTESIAN_POINT('',(-51.1204669036,99.75,-36.44201784947));
#2049 = ORIENTED_EDGE('',*,*,#1259,.T.);
#2050 = B_SPLINE_SURFACE_WITH_KNOTS('',1,1,(
    (#2051,#2052)
    ,(#2053,#2054
    )),.UNSPECIFIED.,.F.,.F.,.F.,(2,2),(2,2),(4.28199207551E-15,
    26.642071991495),(0.,1.),.PIECEWISE_BEZIER_KNOTS.);
#2051 = CARTESIAN_POINT('',(-52.7387749345,92.297672170211,
    -10.74247721088));
#2052 = CARTESIAN_POINT('',(-54.35988967415,90.061973821275,
    -11.83615901719));
#2053 = CARTESIAN_POINT('',(-50.24691126485,99.75,-29.67006092802));
#2054 = CARTESIAN_POINT('',(-51.1204669036,99.75,-36.44201784947));
#2055 = ADVANCED_FACE('',(#2056),#2062,.F.);
#2056 = FACE_BOUND('',#2057,.F.);
#2057 = EDGE_LOOP('',(#2058,#2059,#2060,#2061));
#2058 = ORIENTED_EDGE('',*,*,#2045,.F.);
#2059 = ORIENTED_EDGE('',*,*,#1612,.T.);
#2060 = ORIENTED_EDGE('',*,*,#1578,.T.);
#2061 = ORIENTED_EDGE('',*,*,#1266,.T.);
#2062 = B_SPLINE_SURFACE_WITH_KNOTS('',1,1,(
    (#2063,#2064)
    ,(#2065,#2066
    )),.UNSPECIFIED.,.F.,.F.,.F.,(2,2),(2,2),(-6.148170459576,
    20.493901531919),(0.,1.),.PIECEWISE_BEZIER_KNOTS.);
#2063 = CARTESIAN_POINT('',(-50.24691126485,99.75,-29.67006092802));
#2064 = CARTESIAN_POINT('',(-51.1204669036,99.75,-36.44201784947));
#2065 = CARTESIAN_POINT('',(-52.7387749345,107.20232782978,
    -10.74247721088));
#2066 = CARTESIAN_POINT('',(-54.35988967415,109.43802617872,
    -11.83615901719));
#2067 = ADVANCED_FACE('',(#2068),#2091,.T.);
#2068 = FACE_BOUND('',#2069,.T.);
#2069 = EDGE_LOOP('',(#2070,#2071,#2078,#2086));
#2070 = ORIENTED_EDGE('',*,*,#1290,.T.);
#2071 = ORIENTED_EDGE('',*,*,#2072,.T.);
#2072 = EDGE_CURVE('',#1293,#2073,#2075,.T.);
#2073 = VERTEX_POINT('',#2074);
#2074 = CARTESIAN_POINT('',(-51.82585269278,108.90666394059,
    -37.28463392734));
#2075 = B_SPLINE_CURVE_WITH_KNOTS('',1,(#2076,#2077),.UNSPECIFIED.,.F.,
  .F.,(2,2),(0.,1.),.PIECEWISE_BEZIER_KNOTS.);
#2076 = CARTESIAN_POINT('',(-50.90216834064,110.75,-35.3037864418));
#2077 = CARTESIAN_POINT('',(-51.82585269278,108.90666394059,
    -37.28463392734));
#2078 = ORIENTED_EDGE('',*,*,#2079,.F.);
#2079 = EDGE_CURVE('',#2080,#2073,#2082,.T.);
#2080 = VERTEX_POINT('',#2081);
#2081 = CARTESIAN_POINT('',(-48.39127419982,108.90666394059,
    -63.37284764079));
#2082 = LINE('',#2083,#2084);
#2083 = CARTESIAN_POINT('',(-48.150670563,108.90666394059,
    -65.20041370467));
#2084 = VECTOR('',#2085,1.);
#2085 = DIRECTION('',(-0.13052619222,1.127414728823E-16,0.991444861374)
  );
#2086 = ORIENTED_EDGE('',*,*,#2087,.F.);
#2087 = EDGE_CURVE('',#1291,#2080,#2088,.T.);
#2088 = B_SPLINE_CURVE_WITH_KNOTS('',1,(#2089,#2090),.UNSPECIFIED.,.F.,
  .F.,(2,2),(0.,1.),.PIECEWISE_BEZIER_KNOTS.);
#2089 = CARTESIAN_POINT('',(-46.98638257404,110.75,-65.04713228301));
#2090 = CARTESIAN_POINT('',(-48.39127419982,108.90666394059,
    -63.37284764079));
#2091 = B_SPLINE_SURFACE_WITH_KNOTS('',1,1,(
    (#2092,#2093)
    ,(#2094,#2095
    )),.UNSPECIFIED.,.F.,.F.,.F.,(2,2),(2,2),(0.,30.),(0.,1.),
  .PIECEWISE_BEZIER_KNOTS.);
#2092 = CARTESIAN_POINT('',(-46.98638257404,110.75,-65.04713228301));
#2093 = CARTESIAN_POINT('',(-48.39127419982,108.90666394059,
    -63.37284764079));
#2094 = CARTESIAN_POINT('',(-50.90216834064,110.75,-35.3037864418));
#2095 = CARTESIAN_POINT('',(-51.82585269278,108.90666394059,
    -37.28463392734));
#2096 = ADVANCED_FACE('',(#2097),#2114,.T.);
#2097 = FACE_BOUND('',#2098,.T.);
#2098 = EDGE_LOOP('',(#2099,#2100,#2101,#2109));
#2099 = ORIENTED_EDGE('',*,*,#1316,.T.);
#2100 = ORIENTED_EDGE('',*,*,#2087,.T.);
#2101 = ORIENTED_EDGE('',*,*,#2102,.F.);
#2102 = EDGE_CURVE('',#2103,#2080,#2105,.T.);
#2103 = VERTEX_POINT('',#2104);
#2104 = CARTESIAN_POINT('',(-48.39127419982,49.343336059406,
    -63.37284764079));
#2105 = LINE('',#2106,#2107);
#2106 = CARTESIAN_POINT('',(-48.39127419982,47.5,-63.37284764079));
#2107 = VECTOR('',#2108,1.);
#2108 = DIRECTION('',(-1.242843264025E-16,1.,-1.300766565894E-16));
#2109 = ORIENTED_EDGE('',*,*,#2110,.F.);
#2110 = EDGE_CURVE('',#1309,#2103,#2111,.T.);
#2111 = B_SPLINE_CURVE_WITH_KNOTS('',1,(#2112,#2113),.UNSPECIFIED.,.F.,
  .F.,(2,2),(0.,1.),.PIECEWISE_BEZIER_KNOTS.);
#2112 = CARTESIAN_POINT('',(-46.98638257404,47.5,-65.04713228301));
#2113 = CARTESIAN_POINT('',(-48.39127419982,49.343336059406,
    -63.37284764079));
#2114 = B_SPLINE_SURFACE_WITH_KNOTS('',1,1,(
    (#2115,#2116)
    ,(#2117,#2118
    )),.UNSPECIFIED.,.F.,.F.,.F.,(2,2),(2,2),(0.,63.25),(0.,1.),
  .PIECEWISE_BEZIER_KNOTS.);
#2115 = CARTESIAN_POINT('',(-46.98638257404,47.5,-65.04713228301));
#2116 = CARTESIAN_POINT('',(-48.39127419982,49.343336059406,
    -63.37284764079));
#2117 = CARTESIAN_POINT('',(-46.98638257404,110.75,-65.04713228301));
#2118 = CARTESIAN_POINT('',(-48.39127419982,108.90666394059,
    -63.37284764079));
#2119 = ADVANCED_FACE('',(#2120),#2137,.T.);
#2120 = FACE_BOUND('',#2121,.T.);
#2121 = EDGE_LOOP('',(#2122,#2123,#2124,#2132));
#2122 = ORIENTED_EDGE('',*,*,#1308,.T.);
#2123 = ORIENTED_EDGE('',*,*,#2110,.T.);
#2124 = ORIENTED_EDGE('',*,*,#2125,.F.);
#2125 = EDGE_CURVE('',#2126,#2103,#2128,.T.);
#2126 = VERTEX_POINT('',#2127);
#2127 = CARTESIAN_POINT('',(-51.82585269278,49.343336059406,
    -37.28463392734));
#2128 = LINE('',#2129,#2130);
#2129 = CARTESIAN_POINT('',(-52.0664563296,49.343336059406,
    -35.45706786346));
#2130 = VECTOR('',#2131,1.);
#2131 = DIRECTION('',(0.13052619222,-1.127414728823E-16,-0.991444861374)
  );
#2132 = ORIENTED_EDGE('',*,*,#2133,.F.);
#2133 = EDGE_CURVE('',#1301,#2126,#2134,.T.);
#2134 = B_SPLINE_CURVE_WITH_KNOTS('',1,(#2135,#2136),.UNSPECIFIED.,.F.,
  .F.,(2,2),(0.,1.),.PIECEWISE_BEZIER_KNOTS.);
#2135 = CARTESIAN_POINT('',(-50.90216834064,47.5,-35.3037864418));
#2136 = CARTESIAN_POINT('',(-51.82585269278,49.343336059406,
    -37.28463392734));
#2137 = B_SPLINE_SURFACE_WITH_KNOTS('',1,1,(
    (#2138,#2139)
    ,(#2140,#2141
    )),.UNSPECIFIED.,.F.,.F.,.F.,(2,2),(2,2),(0.,30.),(0.,1.),
  .PIECEWISE_BEZIER_KNOTS.);
#2138 = CARTESIAN_POINT('',(-50.90216834064,47.5,-35.3037864418));
#2139 = CARTESIAN_POINT('',(-51.82585269278,49.343336059406,
    -37.28463392734));
#2140 = CARTESIAN_POINT('',(-46.98638257404,47.5,-65.04713228301));
#2141 = CARTESIAN_POINT('',(-48.39127419982,49.343336059406,
    -63.37284764079));
#2142 = ADVANCED_FACE('',(#2143),#2154,.T.);
#2143 = FACE_BOUND('',#2144,.T.);
#2144 = EDGE_LOOP('',(#2145,#2146,#2147,#2153));
#2145 = ORIENTED_EDGE('',*,*,#1300,.T.);
#2146 = ORIENTED_EDGE('',*,*,#2133,.T.);
#2147 = ORIENTED_EDGE('',*,*,#2148,.F.);
#2148 = EDGE_CURVE('',#2073,#2126,#2149,.T.);
#2149 = LINE('',#2150,#2151);
#2150 = CARTESIAN_POINT('',(-51.82585269278,110.75,-37.28463392734));
#2151 = VECTOR('',#2152,1.);
#2152 = DIRECTION('',(1.242843264025E-16,-1.,1.300766565894E-16));
#2153 = ORIENTED_EDGE('',*,*,#2072,.F.);
#2154 = B_SPLINE_SURFACE_WITH_KNOTS('',1,1,(
    (#2155,#2156)
    ,(#2157,#2158
    )),.UNSPECIFIED.,.F.,.F.,.F.,(2,2),(2,2),(0.,63.25),(0.,1.),
  .PIECEWISE_BEZIER_KNOTS.);
#2155 = CARTESIAN_POINT('',(-50.90216834064,110.75,-35.3037864418));
#2156 = CARTESIAN_POINT('',(-51.82585269278,108.90666394059,
    -37.28463392734));
#2157 = CARTESIAN_POINT('',(-50.90216834064,47.5,-35.3037864418));
#2158 = CARTESIAN_POINT('',(-51.82585269278,49.343336059406,
    -37.28463392734));
#2159 = ADVANCED_FACE('',(#2160,#2211),#2245,.F.);
#2160 = FACE_BOUND('',#2161,.T.);
#2161 = EDGE_LOOP('',(#2162,#2170,#2176,#2177,#2178,#2186,#2194,#2202,
    #2208,#2209,#2210));
#2162 = ORIENTED_EDGE('',*,*,#2163,.F.);
#2163 = EDGE_CURVE('',#2164,#1342,#2166,.T.);
#2164 = VERTEX_POINT('',#2165);
#2165 = CARTESIAN_POINT('',(-54.98113874298,-36.75,-4.320930232558));
#2166 = LINE('',#2167,#2168);
#2167 = CARTESIAN_POINT('',(-48.73080783166,-36.75,-51.79690695809));
#2168 = VECTOR('',#2169,1.);
#2169 = DIRECTION('',(0.13052619222,-1.210797404018E-15,-0.991444861374)
  );
#2170 = ORIENTED_EDGE('',*,*,#2171,.T.);
#2171 = EDGE_CURVE('',#2164,#1953,#2172,.T.);
#2172 = LINE('',#2173,#2174);
#2173 = CARTESIAN_POINT('',(-47.01508881873,-36.75,4.12351882134));
#2174 = VECTOR('',#2175,1.);
#2175 = DIRECTION('',(0.686201674044,8.883477040249E-16,0.727411343422)
  );
#2176 = ORIENTED_EDGE('',*,*,#1952,.T.);
#2177 = ORIENTED_EDGE('',*,*,#2025,.T.);
#2178 = ORIENTED_EDGE('',*,*,#2179,.T.);
#2179 = EDGE_CURVE('',#2018,#2180,#2182,.T.);
#2180 = VERTEX_POINT('',#2181);
#2181 = CARTESIAN_POINT('',(53.3,-36.75,-1.));
#2182 = LINE('',#2183,#2184);
#2183 = CARTESIAN_POINT('',(24.349099521441,-36.75,-1.));
#2184 = VECTOR('',#2185,1.);
#2185 = DIRECTION('',(1.,0.,0.));
#2186 = ORIENTED_EDGE('',*,*,#2187,.T.);
#2187 = EDGE_CURVE('',#2180,#2188,#2190,.T.);
#2188 = VERTEX_POINT('',#2189);
#2189 = CARTESIAN_POINT('',(53.5,-36.75,-0.8));
#2190 = LINE('',#2191,#2192);
#2191 = CARTESIAN_POINT('',(32.434562053957,-36.75,-21.86543794604));
#2192 = VECTOR('',#2193,1.);
#2193 = DIRECTION('',(0.707106781187,8.635508522761E-16,0.707106781187)
  );
#2194 = ORIENTED_EDGE('',*,*,#2195,.T.);
#2195 = EDGE_CURVE('',#2188,#2196,#2198,.T.);
#2196 = VERTEX_POINT('',#2197);
#2197 = CARTESIAN_POINT('',(58.5,-36.75,-0.8));
#2198 = LINE('',#2199,#2200);
#2199 = CARTESIAN_POINT('',(26.949099521441,-36.75,-0.8));
#2200 = VECTOR('',#2201,1.);
#2201 = DIRECTION('',(1.,-1.627025617018E-31,-1.33226762955E-16));
#2202 = ORIENTED_EDGE('',*,*,#2203,.T.);
#2203 = EDGE_CURVE('',#2196,#1917,#2204,.T.);
#2204 = LINE('',#2205,#2206);
#2205 = CARTESIAN_POINT('',(58.5,-36.75,-22.47997541352));
#2206 = VECTOR('',#2207,1.);
#2207 = DIRECTION('',(-0.,-1.221245327088E-15,-1.));
#2208 = ORIENTED_EDGE('',*,*,#1916,.T.);
#2209 = ORIENTED_EDGE('',*,*,#1707,.T.);
#2210 = ORIENTED_EDGE('',*,*,#1341,.T.);
#2211 = FACE_BOUND('',#2212,.T.);
#2212 = EDGE_LOOP('',(#2213,#2223,#2231,#2239));
#2213 = ORIENTED_EDGE('',*,*,#2214,.T.);
#2214 = EDGE_CURVE('',#2215,#2217,#2219,.T.);
#2215 = VERTEX_POINT('',#2216);
#2216 = CARTESIAN_POINT('',(-47.36589939338,-36.75,-16.));
#2217 = VERTEX_POINT('',#2218);
#2218 = CARTESIAN_POINT('',(-40.98075326039,-36.75,-64.5));
#2219 = LINE('',#2220,#2221);
#2220 = CARTESIAN_POINT('',(-47.36589939338,-36.75,-16.));
#2221 = VECTOR('',#2222,1.);
#2222 = DIRECTION('',(0.13052619222,-4.402899650974E-16,-0.991444861374)
  );
#2223 = ORIENTED_EDGE('',*,*,#2224,.T.);
#2224 = EDGE_CURVE('',#2217,#2225,#2227,.T.);
#2225 = VERTEX_POINT('',#2226);
#2226 = CARTESIAN_POINT('',(-21.153194735,-36.75,-64.5));
#2227 = LINE('',#2228,#2229);
#2228 = CARTESIAN_POINT('',(-40.98075326039,-36.75,-64.5));
#2229 = VECTOR('',#2230,1.);
#2230 = DIRECTION('',(1.,0.,0.));
#2231 = ORIENTED_EDGE('',*,*,#2232,.T.);
#2232 = EDGE_CURVE('',#2225,#2233,#2235,.T.);
#2233 = VERTEX_POINT('',#2234);
#2234 = CARTESIAN_POINT('',(50.736275695932,-36.75,-16.));
#2235 = LINE('',#2236,#2237);
#2236 = CARTESIAN_POINT('',(-21.153194735,-36.75,-64.5));
#2237 = VECTOR('',#2238,1.);
#2238 = DIRECTION('',(0.828984431452,2.483665186059E-16,0.559271680323)
  );
#2239 = ORIENTED_EDGE('',*,*,#2240,.T.);
#2240 = EDGE_CURVE('',#2233,#2215,#2241,.T.);
#2241 = LINE('',#2242,#2243);
#2242 = CARTESIAN_POINT('',(50.736275695932,-36.75,-16.));
#2243 = VECTOR('',#2244,1.);
#2244 = DIRECTION('',(-1.,-1.608243455362E-32,-3.621442313146E-17));
#2245 = PLANE('',#2246);
#2246 = AXIS2_PLACEMENT_3D('',#2247,#2248,#2249);
#2247 = CARTESIAN_POINT('',(-4.601800957117,-36.75,-26.95995082705));
#2248 = DIRECTION('',(0.,-1.,1.221245327088E-15));
#2249 = DIRECTION('',(0.,-1.221245327088E-15,-1.));
#2250 = ADVANCED_FACE('',(#2251,#2309),#2343,.T.);
#2251 = FACE_BOUND('',#2252,.F.);
#2252 = EDGE_LOOP('',(#2253,#2254,#2262,#2271,#2278,#2285,#2294,#2302,
    #2308));
#2253 = ORIENTED_EDGE('',*,*,#2163,.F.);
#2254 = ORIENTED_EDGE('',*,*,#2255,.T.);
#2255 = EDGE_CURVE('',#2164,#2256,#2258,.T.);
#2256 = VERTEX_POINT('',#2257);
#2257 = CARTESIAN_POINT('',(-54.98113874298,7.088414951967,
    -4.320930232558));
#2258 = LINE('',#2259,#2260);
#2259 = CARTESIAN_POINT('',(-54.98113874298,119.75,-4.320930232558));
#2260 = VECTOR('',#2261,1.);
#2261 = DIRECTION('',(-5.130533921651E-17,1.,-1.053587190654E-15));
#2262 = ORIENTED_EDGE('',*,*,#2263,.T.);
#2263 = EDGE_CURVE('',#2256,#2264,#2266,.T.);
#2264 = VERTEX_POINT('',#2265);
#2265 = CARTESIAN_POINT('',(-54.02177145702,7.028276619767,
    -11.60804824045));
#2266 = CIRCLE('',#2267,9.899428571429);
#2267 = AXIS2_PLACEMENT_3D('',#2268,#2269,#2270);
#2268 = CARTESIAN_POINT('',(-54.49163862669,16.25,-8.039052754024));
#2269 = DIRECTION('',(0.991444861374,2.282622347642E-16,0.13052619222));
#2270 = DIRECTION('',(1.110223024625E-16,-1.,9.054867952522E-16));
#2271 = ORIENTED_EDGE('',*,*,#2272,.F.);
#2272 = EDGE_CURVE('',#2273,#2264,#2275,.T.);
#2273 = VERTEX_POINT('',#2274);
#2274 = CARTESIAN_POINT('',(-50.93826815609,16.25,-35.02958112014));
#2275 = B_SPLINE_CURVE_WITH_KNOTS('',1,(#2276,#2277),.UNSPECIFIED.,.F.,
  .F.,(2,2),(0.,1.),.PIECEWISE_BEZIER_KNOTS.);
#2276 = CARTESIAN_POINT('',(-50.93826815609,16.25,-35.02958112014));
#2277 = CARTESIAN_POINT('',(-54.02177145702,7.028276619767,
    -11.60804824045));
#2278 = ORIENTED_EDGE('',*,*,#2279,.F.);
#2279 = EDGE_CURVE('',#2280,#2273,#2282,.T.);
#2280 = VERTEX_POINT('',#2281);
#2281 = CARTESIAN_POINT('',(-54.02177145702,25.471723380233,
    -11.60804824045));
#2282 = B_SPLINE_CURVE_WITH_KNOTS('',1,(#2283,#2284),.UNSPECIFIED.,.F.,
  .F.,(2,2),(0.,1.),.PIECEWISE_BEZIER_KNOTS.);
#2283 = CARTESIAN_POINT('',(-54.02177145702,25.471723380233,
    -11.60804824045));
#2284 = CARTESIAN_POINT('',(-50.93826815609,16.25,-35.02958112014));
#2285 = ORIENTED_EDGE('',*,*,#2286,.T.);
#2286 = EDGE_CURVE('',#2280,#2287,#2289,.T.);
#2287 = VERTEX_POINT('',#2288);
#2288 = CARTESIAN_POINT('',(-54.98113874298,25.411585048033,
    -4.320930232558));
#2289 = CIRCLE('',#2290,9.899428571429);
#2290 = AXIS2_PLACEMENT_3D('',#2291,#2292,#2293);
#2291 = CARTESIAN_POINT('',(-54.49163862669,16.25,-8.039052754024));
#2292 = DIRECTION('',(0.991444861374,2.282622347642E-16,0.13052619222));
#2293 = DIRECTION('',(1.110223024625E-16,-1.,9.054867952522E-16));
#2294 = ORIENTED_EDGE('',*,*,#2295,.T.);
#2295 = EDGE_CURVE('',#2287,#2296,#2298,.T.);
#2296 = VERTEX_POINT('',#2297);
#2297 = CARTESIAN_POINT('',(-54.98113874298,38.5,-4.320930232558));
#2298 = LINE('',#2299,#2300);
#2299 = CARTESIAN_POINT('',(-54.98113874298,119.75,-4.320930232558));
#2300 = VECTOR('',#2301,1.);
#2301 = DIRECTION('',(-5.130533921651E-17,1.,-1.053587190654E-15));
#2302 = ORIENTED_EDGE('',*,*,#2303,.T.);
#2303 = EDGE_CURVE('',#2296,#1350,#2304,.T.);
#2304 = LINE('',#2305,#2306);
#2305 = CARTESIAN_POINT('',(-48.73080783166,38.5,-51.79690695809));
#2306 = VECTOR('',#2307,1.);
#2307 = DIRECTION('',(0.13052619222,-1.210797404018E-15,-0.991444861374)
  );
#2308 = ORIENTED_EDGE('',*,*,#1349,.T.);
#2309 = FACE_BOUND('',#2310,.F.);
#2310 = EDGE_LOOP('',(#2311,#2321,#2329,#2337));
#2311 = ORIENTED_EDGE('',*,*,#2312,.T.);
#2312 = EDGE_CURVE('',#2313,#2315,#2317,.T.);
#2313 = VERTEX_POINT('',#2314);
#2314 = CARTESIAN_POINT('',(-46.98638257404,32.5,-65.04713228301));
#2315 = VERTEX_POINT('',#2316);
#2316 = CARTESIAN_POINT('',(-50.90216834064,32.5,-35.3037864418));
#2317 = LINE('',#2318,#2319);
#2318 = CARTESIAN_POINT('',(-46.98638257404,32.5,-65.04713228301));
#2319 = VECTOR('',#2320,1.);
#2320 = DIRECTION('',(-0.13052619222,1.121320500561E-16,0.991444861374)
  );
#2321 = ORIENTED_EDGE('',*,*,#2322,.T.);
#2322 = EDGE_CURVE('',#2315,#2323,#2325,.T.);
#2323 = VERTEX_POINT('',#2324);
#2324 = CARTESIAN_POINT('',(-50.90216834064,-30.75,-35.3037864418));
#2325 = LINE('',#2326,#2327);
#2326 = CARTESIAN_POINT('',(-50.90216834064,32.5,-35.3037864418));
#2327 = VECTOR('',#2328,1.);
#2328 = DIRECTION('',(1.258255520078E-16,-1.,1.283306780146E-16));
#2329 = ORIENTED_EDGE('',*,*,#2330,.T.);
#2330 = EDGE_CURVE('',#2323,#2331,#2333,.T.);
#2331 = VERTEX_POINT('',#2332);
#2332 = CARTESIAN_POINT('',(-46.98638257404,-30.75,-65.04713228301));
#2333 = LINE('',#2334,#2335);
#2334 = CARTESIAN_POINT('',(-50.90216834064,-30.75,-35.3037864418));
#2335 = VECTOR('',#2336,1.);
#2336 = DIRECTION('',(0.13052619222,-1.121320500561E-16,-0.991444861374)
  );
#2337 = ORIENTED_EDGE('',*,*,#2338,.T.);
#2338 = EDGE_CURVE('',#2331,#2313,#2339,.T.);
#2339 = LINE('',#2340,#2341);
#2340 = CARTESIAN_POINT('',(-46.98638257404,-30.75,-65.04713228301));
#2341 = VECTOR('',#2342,1.);
#2342 = DIRECTION('',(-1.258255520078E-16,1.,-1.283306780146E-16));
#2343 = PLANE('',#2344);
#2344 = AXIS2_PLACEMENT_3D('',#2345,#2346,#2347);
#2345 = CARTESIAN_POINT('',(-46.26849892008,119.75,-70.5));
#2346 = DIRECTION('',(0.991444861374,1.883871390952E-16,0.13052619222));
#2347 = DIRECTION('',(0.13052619222,-1.430942386567E-15,-0.991444861374)
  );
#2348 = ADVANCED_FACE('',(#2349,#2393),#2435,.T.);
#2349 = FACE_BOUND('',#2350,.F.);
#2350 = EDGE_LOOP('',(#2351,#2352,#2358,#2359,#2360,#2368,#2376,#2384,
    #2390,#2391,#2392));
#2351 = ORIENTED_EDGE('',*,*,#2303,.F.);
#2352 = ORIENTED_EDGE('',*,*,#2353,.T.);
#2353 = EDGE_CURVE('',#2296,#1961,#2354,.T.);
#2354 = LINE('',#2355,#2356);
#2355 = CARTESIAN_POINT('',(-47.01508881873,38.5,4.123518821339));
#2356 = VECTOR('',#2357,1.);
#2357 = DIRECTION('',(0.686201674044,8.883477040249E-16,0.727411343422)
  );
#2358 = ORIENTED_EDGE('',*,*,#1968,.T.);
#2359 = ORIENTED_EDGE('',*,*,#2009,.T.);
#2360 = ORIENTED_EDGE('',*,*,#2361,.T.);
#2361 = EDGE_CURVE('',#2010,#2362,#2364,.T.);
#2362 = VERTEX_POINT('',#2363);
#2363 = CARTESIAN_POINT('',(53.3,38.5,-1.));
#2364 = LINE('',#2365,#2366);
#2365 = CARTESIAN_POINT('',(24.349099521441,38.5,-1.));
#2366 = VECTOR('',#2367,1.);
#2367 = DIRECTION('',(1.,0.,0.));
#2368 = ORIENTED_EDGE('',*,*,#2369,.T.);
#2369 = EDGE_CURVE('',#2362,#2370,#2372,.T.);
#2370 = VERTEX_POINT('',#2371);
#2371 = CARTESIAN_POINT('',(53.5,38.5,-0.8));
#2372 = LINE('',#2373,#2374);
#2373 = CARTESIAN_POINT('',(32.434562053957,38.5,-21.86543794604));
#2374 = VECTOR('',#2375,1.);
#2375 = DIRECTION('',(0.707106781187,8.635508522761E-16,0.707106781187)
  );
#2376 = ORIENTED_EDGE('',*,*,#2377,.T.);
#2377 = EDGE_CURVE('',#2370,#2378,#2380,.T.);
#2378 = VERTEX_POINT('',#2379);
#2379 = CARTESIAN_POINT('',(58.5,38.5,-0.8));
#2380 = LINE('',#2381,#2382);
#2381 = CARTESIAN_POINT('',(26.949099521441,38.5,-0.8));
#2382 = VECTOR('',#2383,1.);
#2383 = DIRECTION('',(1.,-1.627025617018E-31,-1.33226762955E-16));
#2384 = ORIENTED_EDGE('',*,*,#2385,.T.);
#2385 = EDGE_CURVE('',#2378,#1908,#2386,.T.);
#2386 = LINE('',#2387,#2388);
#2387 = CARTESIAN_POINT('',(58.5,38.5,-22.47997541352));
#2388 = VECTOR('',#2389,1.);
#2389 = DIRECTION('',(-0.,-1.221245327088E-15,-1.));
#2390 = ORIENTED_EDGE('',*,*,#1907,.T.);
#2391 = ORIENTED_EDGE('',*,*,#1688,.T.);
#2392 = ORIENTED_EDGE('',*,*,#1357,.T.);
#2393 = FACE_BOUND('',#2394,.F.);
#2394 = EDGE_LOOP('',(#2395,#2405,#2413,#2421,#2429));
#2395 = ORIENTED_EDGE('',*,*,#2396,.T.);
#2396 = EDGE_CURVE('',#2397,#2399,#2401,.T.);
#2397 = VERTEX_POINT('',#2398);
#2398 = CARTESIAN_POINT('',(-48.6034328707,38.5,-6.6));
#2399 = VERTEX_POINT('',#2400);
#2400 = CARTESIAN_POINT('',(-40.98075326039,38.5,-64.5));
#2401 = LINE('',#2402,#2403);
#2402 = CARTESIAN_POINT('',(-48.6034328707,38.5,-6.6));
#2403 = VECTOR('',#2404,1.);
#2404 = DIRECTION('',(0.13052619222,-5.503624563718E-16,-0.991444861374)
  );
#2405 = ORIENTED_EDGE('',*,*,#2406,.T.);
#2406 = EDGE_CURVE('',#2399,#2407,#2409,.T.);
#2407 = VERTEX_POINT('',#2408);
#2408 = CARTESIAN_POINT('',(-21.153194735,38.5,-64.5));
#2409 = LINE('',#2410,#2411);
#2410 = CARTESIAN_POINT('',(-40.98075326039,38.5,-64.5));
#2411 = VECTOR('',#2412,1.);
#2412 = DIRECTION('',(1.,0.,0.));
#2413 = ORIENTED_EDGE('',*,*,#2414,.T.);
#2414 = EDGE_CURVE('',#2407,#2415,#2417,.T.);
#2415 = VERTEX_POINT('',#2416);
#2416 = CARTESIAN_POINT('',(35.913704473058,38.5,-26.));
#2417 = LINE('',#2418,#2419);
#2418 = CARTESIAN_POINT('',(-21.153194735,38.5,-64.5));
#2419 = VECTOR('',#2420,1.);
#2420 = DIRECTION('',(0.828984431452,3.104581482574E-16,0.559271680323)
  );
#2421 = ORIENTED_EDGE('',*,*,#2422,.T.);
#2422 = EDGE_CURVE('',#2415,#2423,#2425,.T.);
#2423 = VERTEX_POINT('',#2424);
#2424 = CARTESIAN_POINT('',(27.333704473058,38.5,-6.6));
#2425 = LINE('',#2426,#2427);
#2426 = CARTESIAN_POINT('',(35.913704473058,38.5,-26.));
#2427 = VECTOR('',#2428,1.);
#2428 = DIRECTION('',(-0.404475685229,5.076765408894E-16,0.91454875215)
  );
#2429 = ORIENTED_EDGE('',*,*,#2430,.T.);
#2430 = EDGE_CURVE('',#2423,#2397,#2431,.T.);
#2431 = LINE('',#2432,#2433);
#2432 = CARTESIAN_POINT('',(27.333704473058,38.5,-6.6));
#2433 = VECTOR('',#2434,1.);
#2434 = DIRECTION('',(-1.,1.298542670976E-32,2.339246515653E-17));
#2435 = PLANE('',#2436);
#2436 = AXIS2_PLACEMENT_3D('',#2437,#2438,#2439);
#2437 = CARTESIAN_POINT('',(-4.601800957117,38.5,-26.95995082705));
#2438 = DIRECTION('',(0.,-1.,1.221245327088E-15));
#2439 = DIRECTION('',(0.,-1.221245327088E-15,-1.));
#2440 = ADVANCED_FACE('',(#2441),#2448,.F.);
#2441 = FACE_BOUND('',#2442,.T.);
#2442 = EDGE_LOOP('',(#2443,#2444,#2445,#2446,#2447));
#2443 = ORIENTED_EDGE('',*,*,#1563,.T.);
#2444 = ORIENTED_EDGE('',*,*,#1540,.T.);
#2445 = ORIENTED_EDGE('',*,*,#1517,.T.);
#2446 = ORIENTED_EDGE('',*,*,#1494,.T.);
#2447 = ORIENTED_EDGE('',*,*,#1471,.T.);
#2448 = PLANE('',#2449);
#2449 = AXIS2_PLACEMENT_3D('',#2450,#2451,#2452);
#2450 = CARTESIAN_POINT('',(-38.83839460897,117.95,-63.06989568888));
#2451 = DIRECTION('',(0.,1.,-5.551115123126E-16));
#2452 = DIRECTION('',(-0.8528770742,-2.898302520784E-16,-0.522111766104)
  );
#2453 = ADVANCED_FACE('',(#2454),#2465,.F.);
#2454 = FACE_BOUND('',#2455,.F.);
#2455 = EDGE_LOOP('',(#2456,#2457,#2463,#2464));
#2456 = ORIENTED_EDGE('',*,*,#1629,.F.);
#2457 = ORIENTED_EDGE('',*,*,#2458,.T.);
#2458 = EDGE_CURVE('',#1630,#1722,#2459,.T.);
#2459 = LINE('',#2460,#2461);
#2460 = CARTESIAN_POINT('',(-53.06891525062,104.35,-7.851747668188));
#2461 = VECTOR('',#2462,1.);
#2462 = DIRECTION('',(-0.70105738465,-0.707106781187,-9.229595564126E-02
    ));
#2463 = ORIENTED_EDGE('',*,*,#1748,.F.);
#2464 = ORIENTED_EDGE('',*,*,#1772,.T.);
#2465 = CONICAL_SURFACE('',#2466,4.6,0.785398163397);
#2466 = AXIS2_PLACEMENT_3D('',#2467,#2468,#2469);
#2467 = CARTESIAN_POINT('',(-53.06891525062,99.75,-7.851747668188));
#2468 = DIRECTION('',(0.991444861374,2.672779902357E-16,0.13052619222));
#2469 = DIRECTION('',(-1.672697776277E-16,1.,-7.771561172376E-16));
#2470 = ADVANCED_FACE('',(#2471),#2477,.F.);
#2471 = FACE_BOUND('',#2472,.F.);
#2472 = EDGE_LOOP('',(#2473,#2474,#2475,#2476));
#2473 = ORIENTED_EDGE('',*,*,#2458,.F.);
#2474 = ORIENTED_EDGE('',*,*,#1640,.F.);
#2475 = ORIENTED_EDGE('',*,*,#1789,.T.);
#2476 = ORIENTED_EDGE('',*,*,#1721,.F.);
#2477 = CONICAL_SURFACE('',#2478,4.6,0.785398163397);
#2478 = AXIS2_PLACEMENT_3D('',#2479,#2480,#2481);
#2479 = CARTESIAN_POINT('',(-53.06891525062,99.75,-7.851747668188));
#2480 = DIRECTION('',(0.991444861374,2.672779902357E-16,0.13052619222));
#2481 = DIRECTION('',(-1.672697776277E-16,1.,-7.771561172376E-16));
#2482 = ADVANCED_FACE('',(#2483),#2502,.F.);
#2483 = FACE_BOUND('',#2484,.F.);
#2484 = EDGE_LOOP('',(#2485,#2493,#2500,#2501));
#2485 = ORIENTED_EDGE('',*,*,#2486,.F.);
#2486 = EDGE_CURVE('',#2487,#1807,#2489,.T.);
#2487 = VERTEX_POINT('',#2488);
#2488 = CARTESIAN_POINT('',(-53.11848749369,20.8,-7.858273977799));
#2489 = LINE('',#2490,#2491);
#2490 = CARTESIAN_POINT('',(-53.06891525062,20.85,-7.851747668188));
#2491 = VECTOR('',#2492,1.);
#2492 = DIRECTION('',(-0.70105738465,-0.707106781187,-9.229595564126E-02
    ));
#2493 = ORIENTED_EDGE('',*,*,#2494,.F.);
#2494 = EDGE_CURVE('',#1883,#2487,#2495,.T.);
#2495 = CIRCLE('',#2496,4.55);
#2496 = AXIS2_PLACEMENT_3D('',#2497,#2498,#2499);
#2497 = CARTESIAN_POINT('',(-53.11848749369,16.25,-7.858273977799));
#2498 = DIRECTION('',(0.991444861374,2.672779902357E-16,0.13052619222));
#2499 = DIRECTION('',(-1.672697776277E-16,1.,-7.771561172376E-16));
#2500 = ORIENTED_EDGE('',*,*,#1890,.T.);
#2501 = ORIENTED_EDGE('',*,*,#1806,.F.);
#2502 = CONICAL_SURFACE('',#2503,4.6,0.785398163397);
#2503 = AXIS2_PLACEMENT_3D('',#2504,#2505,#2506);
#2504 = CARTESIAN_POINT('',(-53.06891525062,16.25,-7.851747668188));
#2505 = DIRECTION('',(0.991444861374,2.672779902357E-16,0.13052619222));
#2506 = DIRECTION('',(-1.672697776277E-16,1.,-7.771561172376E-16));
#2507 = ADVANCED_FACE('',(#2508),#2520,.F.);
#2508 = FACE_BOUND('',#2509,.F.);
#2509 = EDGE_LOOP('',(#2510,#2517,#2518,#2519));
#2510 = ORIENTED_EDGE('',*,*,#2511,.F.);
#2511 = EDGE_CURVE('',#2487,#1849,#2512,.T.);
#2512 = CIRCLE('',#2513,4.55);
#2513 = AXIS2_PLACEMENT_3D('',#2514,#2515,#2516);
#2514 = CARTESIAN_POINT('',(-53.11848749369,16.25,-7.858273977799));
#2515 = DIRECTION('',(0.991444861374,2.672779902357E-16,0.13052619222));
#2516 = DIRECTION('',(-1.672697776277E-16,1.,-7.771561172376E-16));
#2517 = ORIENTED_EDGE('',*,*,#2486,.T.);
#2518 = ORIENTED_EDGE('',*,*,#1833,.F.);
#2519 = ORIENTED_EDGE('',*,*,#1866,.T.);
#2520 = CONICAL_SURFACE('',#2521,4.6,0.785398163397);
#2521 = AXIS2_PLACEMENT_3D('',#2522,#2523,#2524);
#2522 = CARTESIAN_POINT('',(-53.06891525062,16.25,-7.851747668188));
#2523 = DIRECTION('',(0.991444861374,2.672779902357E-16,0.13052619222));
#2524 = DIRECTION('',(-1.672697776277E-16,1.,-7.771561172376E-16));
#2525 = ADVANCED_FACE('',(#2526,#2570),#2576,.F.);
#2526 = FACE_BOUND('',#2527,.T.);
#2527 = EDGE_LOOP('',(#2528,#2538,#2546,#2555,#2563));
#2528 = ORIENTED_EDGE('',*,*,#2529,.T.);
#2529 = EDGE_CURVE('',#2530,#2532,#2534,.T.);
#2530 = VERTEX_POINT('',#2531);
#2531 = CARTESIAN_POINT('',(-52.7387749345,8.797672170211,
    -10.74247721088));
#2532 = VERTEX_POINT('',#2533);
#2533 = CARTESIAN_POINT('',(-50.24691126485,16.25,-29.67006092802));
#2534 = LINE('',#2535,#2536);
#2535 = CARTESIAN_POINT('',(-52.7387749345,8.797672170211,
    -10.74247721088));
#2536 = VECTOR('',#2537,1.);
#2537 = DIRECTION('',(0.12159049685,0.363636363636,-0.923571516515));
#2538 = ORIENTED_EDGE('',*,*,#2539,.T.);
#2539 = EDGE_CURVE('',#2532,#2540,#2542,.T.);
#2540 = VERTEX_POINT('',#2541);
#2541 = CARTESIAN_POINT('',(-52.7387749345,23.702327829789,
    -10.74247721088));
#2542 = LINE('',#2543,#2544);
#2543 = CARTESIAN_POINT('',(-50.24691126485,16.25,-29.67006092802));
#2544 = VECTOR('',#2545,1.);
#2545 = DIRECTION('',(-0.12159049685,0.363636363636,0.923571516515));
#2546 = ORIENTED_EDGE('',*,*,#2547,.T.);
#2547 = EDGE_CURVE('',#2540,#2548,#2550,.T.);
#2548 = VERTEX_POINT('',#2549);
#2549 = CARTESIAN_POINT('',(-53.75526865833,22.590311887031,
    -3.021440827532));
#2550 = CIRCLE('',#2551,8.);
#2551 = AXIS2_PLACEMENT_3D('',#2552,#2553,#2554);
#2552 = CARTESIAN_POINT('',(-53.11848749369,16.25,-7.858273977799));
#2553 = DIRECTION('',(0.991444861374,2.429388404575E-16,0.13052619222));
#2554 = DIRECTION('',(1.258255520078E-16,-1.,9.054867952522E-16));
#2555 = ORIENTED_EDGE('',*,*,#2556,.T.);
#2556 = EDGE_CURVE('',#2548,#2557,#2559,.T.);
#2557 = VERTEX_POINT('',#2558);
#2558 = CARTESIAN_POINT('',(-53.75526865833,9.909688112969,
    -3.021440827531));
#2559 = LINE('',#2560,#2561);
#2560 = CARTESIAN_POINT('',(-53.75526865833,68.,-3.021440827532));
#2561 = VECTOR('',#2562,1.);
#2562 = DIRECTION('',(8.659897596952E-17,-1.,1.091000377908E-15));
#2563 = ORIENTED_EDGE('',*,*,#2564,.T.);
#2564 = EDGE_CURVE('',#2557,#2530,#2565,.T.);
#2565 = CIRCLE('',#2566,8.);
#2566 = AXIS2_PLACEMENT_3D('',#2567,#2568,#2569);
#2567 = CARTESIAN_POINT('',(-53.11848749369,16.25,-7.858273977799));
#2568 = DIRECTION('',(0.991444861374,2.429388404575E-16,0.13052619222));
#2569 = DIRECTION('',(1.258255520078E-16,-1.,9.054867952522E-16));
#2570 = FACE_BOUND('',#2571,.T.);
#2571 = EDGE_LOOP('',(#2572,#2573,#2574,#2575));
#2572 = ORIENTED_EDGE('',*,*,#2511,.F.);
#2573 = ORIENTED_EDGE('',*,*,#2494,.F.);
#2574 = ORIENTED_EDGE('',*,*,#1882,.F.);
#2575 = ORIENTED_EDGE('',*,*,#1848,.F.);
#2576 = PLANE('',#2577);
#2577 = AXIS2_PLACEMENT_3D('',#2578,#2579,#2580);
#2578 = CARTESIAN_POINT('',(-53.11848749369,16.25,-7.858273977799));
#2579 = DIRECTION('',(-0.991444861374,-2.282622347642E-16,-0.13052619222
    ));
#2580 = DIRECTION('',(-1.110223024625E-16,1.,-9.054867952522E-16));
#2581 = ADVANCED_FACE('',(#2582),#2593,.F.);
#2582 = FACE_BOUND('',#2583,.T.);
#2583 = EDGE_LOOP('',(#2584,#2585,#2586,#2587));
#2584 = ORIENTED_EDGE('',*,*,#2385,.T.);
#2585 = ORIENTED_EDGE('',*,*,#1924,.T.);
#2586 = ORIENTED_EDGE('',*,*,#2203,.F.);
#2587 = ORIENTED_EDGE('',*,*,#2588,.F.);
#2588 = EDGE_CURVE('',#2378,#2196,#2589,.T.);
#2589 = LINE('',#2590,#2591);
#2590 = CARTESIAN_POINT('',(58.5,119.75,-0.8));
#2591 = VECTOR('',#2592,1.);
#2592 = DIRECTION('',(0.,-1.,1.443289932013E-15));
#2593 = PLANE('',#2594);
#2594 = AXIS2_PLACEMENT_3D('',#2595,#2596,#2597);
#2595 = CARTESIAN_POINT('',(58.5,119.75,-18.));
#2596 = DIRECTION('',(1.,0.,0.));
#2597 = DIRECTION('',(0.,-1.443289932013E-15,-1.));
#2598 = ADVANCED_FACE('',(#2599),#2621,.F.);
#2599 = FACE_BOUND('',#2600,.T.);
#2600 = EDGE_LOOP('',(#2601,#2602,#2603,#2604,#2605,#2612,#2613,#2620));
#2601 = ORIENTED_EDGE('',*,*,#2353,.T.);
#2602 = ORIENTED_EDGE('',*,*,#1960,.T.);
#2603 = ORIENTED_EDGE('',*,*,#2171,.F.);
#2604 = ORIENTED_EDGE('',*,*,#2255,.T.);
#2605 = ORIENTED_EDGE('',*,*,#2606,.T.);
#2606 = EDGE_CURVE('',#2256,#2557,#2607,.T.);
#2607 = HYPERBOLA('',#2608,13.998141227612,11.972535788548);
#2608 = AXIS2_PLACEMENT_3D('',#2609,#2610,#2611);
#2609 = CARTESIAN_POINT('',(-42.8859393773,16.25,8.500643296544));
#2610 = DIRECTION('',(0.727411343422,-6.856532082539E-16,-0.686201674044
    ));
#2611 = DIRECTION('',(-0.686201674044,-8.530304128488E-16,
    -0.727411343422));
#2612 = ORIENTED_EDGE('',*,*,#2556,.F.);
#2613 = ORIENTED_EDGE('',*,*,#2614,.T.);
#2614 = EDGE_CURVE('',#2548,#2287,#2615,.T.);
#2615 = HYPERBOLA('',#2616,13.998141227612,11.972535788548);
#2616 = AXIS2_PLACEMENT_3D('',#2617,#2618,#2619);
#2617 = CARTESIAN_POINT('',(-42.8859393773,16.25,8.500643296544));
#2618 = DIRECTION('',(0.727411343422,-6.856532082539E-16,-0.686201674044
    ));
#2619 = DIRECTION('',(-0.686201674044,-8.530304128488E-16,
    -0.727411343422));
#2620 = ORIENTED_EDGE('',*,*,#2295,.T.);
#2621 = PLANE('',#2622);
#2622 = AXIS2_PLACEMENT_3D('',#2623,#2624,#2625);
#2623 = CARTESIAN_POINT('',(-51.47100850144,119.75,-0.6));
#2624 = DIRECTION('',(-0.727411343422,6.856532082539E-16,0.686201674044)
  );
#2625 = DIRECTION('',(0.686201674044,7.268299396568E-16,0.727411343422)
  );
#2626 = ADVANCED_FACE('',(#2627),#2638,.F.);
#2627 = FACE_BOUND('',#2628,.T.);
#2628 = EDGE_LOOP('',(#2629,#2630,#2636,#2637));
#2629 = ORIENTED_EDGE('',*,*,#2361,.T.);
#2630 = ORIENTED_EDGE('',*,*,#2631,.T.);
#2631 = EDGE_CURVE('',#2362,#2180,#2632,.T.);
#2632 = LINE('',#2633,#2634);
#2633 = CARTESIAN_POINT('',(53.3,119.75,-1.));
#2634 = VECTOR('',#2635,1.);
#2635 = DIRECTION('',(0.,-1.,1.443289932013E-15));
#2636 = ORIENTED_EDGE('',*,*,#2179,.F.);
#2637 = ORIENTED_EDGE('',*,*,#2017,.F.);
#2638 = PLANE('',#2639);
#2639 = AXIS2_PLACEMENT_3D('',#2640,#2641,#2642);
#2640 = CARTESIAN_POINT('',(53.3,119.75,-1.));
#2641 = DIRECTION('',(0.,1.443289932013E-15,1.));
#2642 = DIRECTION('',(1.,0.,0.));
#2643 = ADVANCED_FACE('',(#2644),#2650,.F.);
#2644 = FACE_BOUND('',#2645,.T.);
#2645 = EDGE_LOOP('',(#2646,#2647,#2648,#2649));
#2646 = ORIENTED_EDGE('',*,*,#2148,.T.);
#2647 = ORIENTED_EDGE('',*,*,#2125,.T.);
#2648 = ORIENTED_EDGE('',*,*,#2102,.T.);
#2649 = ORIENTED_EDGE('',*,*,#2079,.T.);
#2650 = PLANE('',#2651);
#2651 = AXIS2_PLACEMENT_3D('',#2652,#2653,#2654);
#2652 = CARTESIAN_POINT('',(-51.82585269278,108.90666394059,
    -37.28463392734));
#2653 = DIRECTION('',(-0.991444861374,-1.693538253874E-16,-0.13052619222
    ));
#2654 = DIRECTION('',(-5.274499255005E-02,0.914716985441,0.400637994088)
  );
#2655 = ADVANCED_FACE('',(#2656),#2667,.F.);
#2656 = FACE_BOUND('',#2657,.T.);
#2657 = EDGE_LOOP('',(#2658,#2659,#2665,#2666));
#2658 = ORIENTED_EDGE('',*,*,#2369,.T.);
#2659 = ORIENTED_EDGE('',*,*,#2660,.T.);
#2660 = EDGE_CURVE('',#2370,#2188,#2661,.T.);
#2661 = LINE('',#2662,#2663);
#2662 = CARTESIAN_POINT('',(53.5,119.75,-0.8));
#2663 = VECTOR('',#2664,1.);
#2664 = DIRECTION('',(0.,-1.,1.443289932013E-15));
#2665 = ORIENTED_EDGE('',*,*,#2187,.F.);
#2666 = ORIENTED_EDGE('',*,*,#2631,.F.);
#2667 = PLANE('',#2668);
#2668 = AXIS2_PLACEMENT_3D('',#2669,#2670,#2671);
#2669 = CARTESIAN_POINT('',(53.5,119.75,-0.8));
#2670 = DIRECTION('',(-0.707106781187,1.020560098144E-15,0.707106781187)
  );
#2671 = DIRECTION('',(0.707106781187,1.020560098144E-15,0.707106781187)
  );
#2672 = ADVANCED_FACE('',(#2673),#2679,.F.);
#2673 = FACE_BOUND('',#2674,.T.);
#2674 = EDGE_LOOP('',(#2675,#2676,#2677,#2678));
#2675 = ORIENTED_EDGE('',*,*,#2377,.T.);
#2676 = ORIENTED_EDGE('',*,*,#2588,.T.);
#2677 = ORIENTED_EDGE('',*,*,#2195,.F.);
#2678 = ORIENTED_EDGE('',*,*,#2660,.F.);
#2679 = PLANE('',#2680);
#2680 = AXIS2_PLACEMENT_3D('',#2681,#2682,#2683);
#2681 = CARTESIAN_POINT('',(58.5,119.75,-0.8));
#2682 = DIRECTION('',(1.33226762955E-16,1.443289932013E-15,1.));
#2683 = DIRECTION('',(1.,-1.922848456476E-31,-1.33226762955E-16));
#2684 = ADVANCED_FACE('',(#2685),#2708,.F.);
#2685 = FACE_BOUND('',#2686,.F.);
#2686 = EDGE_LOOP('',(#2687,#2688,#2695,#2703));
#2687 = ORIENTED_EDGE('',*,*,#2214,.T.);
#2688 = ORIENTED_EDGE('',*,*,#2689,.T.);
#2689 = EDGE_CURVE('',#2217,#2690,#2692,.T.);
#2690 = VERTEX_POINT('',#2691);
#2691 = CARTESIAN_POINT('',(-39.72658543992,-37.95,-63.06989568888));
#2692 = B_SPLINE_CURVE_WITH_KNOTS('',1,(#2693,#2694),.UNSPECIFIED.,.F.,
  .F.,(2,2),(0.,1.),.PIECEWISE_BEZIER_KNOTS.);
#2693 = CARTESIAN_POINT('',(-40.98075326039,-36.75,-64.5));
#2694 = CARTESIAN_POINT('',(-39.72658543992,-37.95,-63.06989568888));
#2695 = ORIENTED_EDGE('',*,*,#2696,.F.);
#2696 = EDGE_CURVE('',#2697,#2690,#2699,.T.);
#2697 = VERTEX_POINT('',#2698);
#2698 = CARTESIAN_POINT('',(-45.73517796417,-37.95,-17.43010431111));
#2699 = LINE('',#2700,#2701);
#2700 = CARTESIAN_POINT('',(-45.94802982289,-37.95,-15.81333392979));
#2701 = VECTOR('',#2702,1.);
#2702 = DIRECTION('',(0.13052619222,-3.302174738231E-16,-0.991444861374)
  );
#2703 = ORIENTED_EDGE('',*,*,#2704,.F.);
#2704 = EDGE_CURVE('',#2215,#2697,#2705,.T.);
#2705 = B_SPLINE_CURVE_WITH_KNOTS('',1,(#2706,#2707),.UNSPECIFIED.,.F.,
  .F.,(2,2),(0.,1.),.PIECEWISE_BEZIER_KNOTS.);
#2706 = CARTESIAN_POINT('',(-47.36589939338,-36.75,-16.));
#2707 = CARTESIAN_POINT('',(-45.73517796417,-37.95,-17.43010431111));
#2708 = B_SPLINE_SURFACE_WITH_KNOTS('',1,1,(
    (#2709,#2710)
    ,(#2711,#2712
    )),.UNSPECIFIED.,.F.,.F.,.F.,(2,2),(2,2),(0.,48.918504588137),(0.,1.
    ),.PIECEWISE_BEZIER_KNOTS.);
#2709 = CARTESIAN_POINT('',(-47.36589939338,-36.75,-16.));
#2710 = CARTESIAN_POINT('',(-45.73517796417,-37.95,-17.43010431111));
#2711 = CARTESIAN_POINT('',(-40.98075326039,-36.75,-64.5));
#2712 = CARTESIAN_POINT('',(-39.72658543992,-37.95,-63.06989568888));
#2713 = ADVANCED_FACE('',(#2714),#2731,.F.);
#2714 = FACE_BOUND('',#2715,.F.);
#2715 = EDGE_LOOP('',(#2716,#2717,#2718,#2726));
#2716 = ORIENTED_EDGE('',*,*,#2240,.T.);
#2717 = ORIENTED_EDGE('',*,*,#2704,.T.);
#2718 = ORIENTED_EDGE('',*,*,#2719,.F.);
#2719 = EDGE_CURVE('',#2720,#2697,#2722,.T.);
#2720 = VERTEX_POINT('',#2721);
#2721 = CARTESIAN_POINT('',(46.05941002866,-37.95,-17.43010431111));
#2722 = LINE('',#2723,#2724);
#2723 = CARTESIAN_POINT('',(50.736275695932,-37.95,-17.43010431111));
#2724 = VECTOR('',#2725,1.);
#2725 = DIRECTION('',(-1.,-1.206182591522E-32,-3.621442313146E-17));
#2726 = ORIENTED_EDGE('',*,*,#2727,.F.);
#2727 = EDGE_CURVE('',#2233,#2720,#2728,.T.);
#2728 = B_SPLINE_CURVE_WITH_KNOTS('',1,(#2729,#2730),.UNSPECIFIED.,.F.,
  .F.,(2,2),(0.,1.),.PIECEWISE_BEZIER_KNOTS.);
#2729 = CARTESIAN_POINT('',(50.736275695932,-36.75,-16.));
#2730 = CARTESIAN_POINT('',(46.05941002866,-37.95,-17.43010431111));
#2731 = B_SPLINE_SURFACE_WITH_KNOTS('',1,1,(
    (#2732,#2733)
    ,(#2734,#2735
    )),.UNSPECIFIED.,.F.,.F.,.F.,(2,2),(2,2),(0.,98.102175089312),(0.,1.
    ),.PIECEWISE_BEZIER_KNOTS.);
#2732 = CARTESIAN_POINT('',(50.736275695932,-36.75,-16.));
#2733 = CARTESIAN_POINT('',(46.05941002866,-37.95,-17.43010431111));
#2734 = CARTESIAN_POINT('',(-47.36589939338,-36.75,-16.));
#2735 = CARTESIAN_POINT('',(-45.73517796417,-37.95,-17.43010431111));
#2736 = ADVANCED_FACE('',(#2737),#2754,.F.);
#2737 = FACE_BOUND('',#2738,.F.);
#2738 = EDGE_LOOP('',(#2739,#2740,#2741,#2749));
#2739 = ORIENTED_EDGE('',*,*,#2232,.T.);
#2740 = ORIENTED_EDGE('',*,*,#2727,.T.);
#2741 = ORIENTED_EDGE('',*,*,#2742,.F.);
#2742 = EDGE_CURVE('',#2743,#2720,#2745,.T.);
#2743 = VERTEX_POINT('',#2744);
#2744 = CARTESIAN_POINT('',(-21.59049580075,-37.95,-63.06989568888));
#2745 = LINE('',#2746,#2747);
#2746 = CARTESIAN_POINT('',(-21.95301157611,-37.95,-63.31446579073));
#2747 = VECTOR('',#2748,1.);
#2748 = DIRECTION('',(0.828984431452,1.862748889545E-16,0.559271680323)
  );
#2749 = ORIENTED_EDGE('',*,*,#2750,.F.);
#2750 = EDGE_CURVE('',#2225,#2743,#2751,.T.);
#2751 = B_SPLINE_CURVE_WITH_KNOTS('',1,(#2752,#2753),.UNSPECIFIED.,.F.,
  .F.,(2,2),(0.,1.),.PIECEWISE_BEZIER_KNOTS.);
#2752 = CARTESIAN_POINT('',(-21.153194735,-36.75,-64.5));
#2753 = CARTESIAN_POINT('',(-21.59049580075,-37.95,-63.06989568888));
#2754 = B_SPLINE_SURFACE_WITH_KNOTS('',1,1,(
    (#2755,#2756)
    ,(#2757,#2758
    )),.UNSPECIFIED.,.F.,.F.,.F.,(2,2),(2,2),(0.,86.719928268195),(0.,1.
    ),.PIECEWISE_BEZIER_KNOTS.);
#2755 = CARTESIAN_POINT('',(-21.153194735,-36.75,-64.5));
#2756 = CARTESIAN_POINT('',(-21.59049580075,-37.95,-63.06989568888));
#2757 = CARTESIAN_POINT('',(50.736275695932,-36.75,-16.));
#2758 = CARTESIAN_POINT('',(46.05941002866,-37.95,-17.43010431111));
#2759 = ADVANCED_FACE('',(#2760),#2771,.F.);
#2760 = FACE_BOUND('',#2761,.F.);
#2761 = EDGE_LOOP('',(#2762,#2763,#2764,#2770));
#2762 = ORIENTED_EDGE('',*,*,#2224,.T.);
#2763 = ORIENTED_EDGE('',*,*,#2750,.T.);
#2764 = ORIENTED_EDGE('',*,*,#2765,.F.);
#2765 = EDGE_CURVE('',#2690,#2743,#2766,.T.);
#2766 = LINE('',#2767,#2768);
#2767 = CARTESIAN_POINT('',(-40.98075326039,-37.95,-63.06989568888));
#2768 = VECTOR('',#2769,1.);
#2769 = DIRECTION('',(1.,0.,0.));
#2770 = ORIENTED_EDGE('',*,*,#2689,.F.);
#2771 = B_SPLINE_SURFACE_WITH_KNOTS('',1,1,(
    (#2772,#2773)
    ,(#2774,#2775
    )),.UNSPECIFIED.,.F.,.F.,.F.,(2,2),(2,2),(0.,19.827558525385),(0.,1.
    ),.PIECEWISE_BEZIER_KNOTS.);
#2772 = CARTESIAN_POINT('',(-40.98075326039,-36.75,-64.5));
#2773 = CARTESIAN_POINT('',(-39.72658543992,-37.95,-63.06989568888));
#2774 = CARTESIAN_POINT('',(-21.153194735,-36.75,-64.5));
#2775 = CARTESIAN_POINT('',(-21.59049580075,-37.95,-63.06989568888));
#2776 = ADVANCED_FACE('',(#2777),#2787,.T.);
#2777 = FACE_BOUND('',#2778,.F.);
#2778 = EDGE_LOOP('',(#2779,#2780,#2781,#2782));
#2779 = ORIENTED_EDGE('',*,*,#2263,.F.);
#2780 = ORIENTED_EDGE('',*,*,#2606,.T.);
#2781 = ORIENTED_EDGE('',*,*,#2564,.T.);
#2782 = ORIENTED_EDGE('',*,*,#2783,.T.);
#2783 = EDGE_CURVE('',#2530,#2264,#2784,.T.);
#2784 = B_SPLINE_CURVE_WITH_KNOTS('',1,(#2785,#2786),.UNSPECIFIED.,.F.,
  .F.,(2,2),(0.,1.),.PIECEWISE_BEZIER_KNOTS.);
#2785 = CARTESIAN_POINT('',(-52.7387749345,8.797672170211,
    -10.74247721088));
#2786 = CARTESIAN_POINT('',(-54.35988967415,6.561973821275,
    -11.83615901719));
#2787 = CONICAL_SURFACE('',#2788,8.,0.940762417249);
#2788 = AXIS2_PLACEMENT_3D('',#2789,#2790,#2791);
#2789 = CARTESIAN_POINT('',(-53.11848749369,16.25,-7.858273977799));
#2790 = DIRECTION('',(-0.991444861374,-2.282622347642E-16,-0.13052619222
    ));
#2791 = DIRECTION('',(1.110223024625E-16,-1.,9.054867952522E-16));
#2792 = ADVANCED_FACE('',(#2793),#2803,.F.);
#2793 = FACE_BOUND('',#2794,.F.);
#2794 = EDGE_LOOP('',(#2795,#2796,#2797,#2802));
#2795 = ORIENTED_EDGE('',*,*,#2783,.F.);
#2796 = ORIENTED_EDGE('',*,*,#2529,.T.);
#2797 = ORIENTED_EDGE('',*,*,#2798,.T.);
#2798 = EDGE_CURVE('',#2532,#2273,#2799,.T.);
#2799 = B_SPLINE_CURVE_WITH_KNOTS('',1,(#2800,#2801),.UNSPECIFIED.,.F.,
  .F.,(2,2),(0.,1.),.PIECEWISE_BEZIER_KNOTS.);
#2800 = CARTESIAN_POINT('',(-50.24691126485,16.25,-29.67006092802));
#2801 = CARTESIAN_POINT('',(-51.1204669036,16.25,-36.44201784947));
#2802 = ORIENTED_EDGE('',*,*,#2272,.T.);
#2803 = B_SPLINE_SURFACE_WITH_KNOTS('',1,1,(
    (#2804,#2805)
    ,(#2806,#2807
    )),.UNSPECIFIED.,.F.,.F.,.F.,(2,2),(2,2),(3.043428722449E-15,
    26.642071991495),(0.,1.),.PIECEWISE_BEZIER_KNOTS.);
#2804 = CARTESIAN_POINT('',(-52.7387749345,8.797672170211,
    -10.74247721088));
#2805 = CARTESIAN_POINT('',(-54.35988967415,6.561973821275,
    -11.83615901719));
#2806 = CARTESIAN_POINT('',(-50.24691126485,16.25,-29.67006092802));
#2807 = CARTESIAN_POINT('',(-51.1204669036,16.25,-36.44201784947));
#2808 = ADVANCED_FACE('',(#2809),#2819,.F.);
#2809 = FACE_BOUND('',#2810,.F.);
#2810 = EDGE_LOOP('',(#2811,#2812,#2813,#2818));
#2811 = ORIENTED_EDGE('',*,*,#2798,.F.);
#2812 = ORIENTED_EDGE('',*,*,#2539,.T.);
#2813 = ORIENTED_EDGE('',*,*,#2814,.T.);
#2814 = EDGE_CURVE('',#2540,#2280,#2815,.T.);
#2815 = B_SPLINE_CURVE_WITH_KNOTS('',1,(#2816,#2817),.UNSPECIFIED.,.F.,
  .F.,(2,2),(0.,1.),.PIECEWISE_BEZIER_KNOTS.);
#2816 = CARTESIAN_POINT('',(-52.7387749345,23.702327829789,
    -10.74247721088));
#2817 = CARTESIAN_POINT('',(-54.35988967415,25.938026178725,
    -11.83615901719));
#2818 = ORIENTED_EDGE('',*,*,#2279,.T.);
#2819 = B_SPLINE_SURFACE_WITH_KNOTS('',1,1,(
    (#2820,#2821)
    ,(#2822,#2823
    )),.UNSPECIFIED.,.F.,.F.,.F.,(2,2),(2,2),(-6.148170459576,
    20.493901531919),(0.,1.),.PIECEWISE_BEZIER_KNOTS.);
#2820 = CARTESIAN_POINT('',(-50.24691126485,16.25,-29.67006092802));
#2821 = CARTESIAN_POINT('',(-51.1204669036,16.25,-36.44201784947));
#2822 = CARTESIAN_POINT('',(-52.7387749345,23.702327829789,
    -10.74247721088));
#2823 = CARTESIAN_POINT('',(-54.35988967415,25.938026178725,
    -11.83615901719));
#2824 = ADVANCED_FACE('',(#2825),#2831,.T.);
#2825 = FACE_BOUND('',#2826,.F.);
#2826 = EDGE_LOOP('',(#2827,#2828,#2829,#2830));
#2827 = ORIENTED_EDGE('',*,*,#2814,.F.);
#2828 = ORIENTED_EDGE('',*,*,#2547,.T.);
#2829 = ORIENTED_EDGE('',*,*,#2614,.T.);
#2830 = ORIENTED_EDGE('',*,*,#2286,.F.);
#2831 = CONICAL_SURFACE('',#2832,8.,0.940762417249);
#2832 = AXIS2_PLACEMENT_3D('',#2833,#2834,#2835);
#2833 = CARTESIAN_POINT('',(-53.11848749369,16.25,-7.858273977799));
#2834 = DIRECTION('',(-0.991444861374,-2.282622347642E-16,-0.13052619222
    ));
#2835 = DIRECTION('',(1.110223024625E-16,-1.,9.054867952522E-16));
#2836 = ADVANCED_FACE('',(#2837),#2860,.T.);
#2837 = FACE_BOUND('',#2838,.T.);
#2838 = EDGE_LOOP('',(#2839,#2840,#2847,#2855));
#2839 = ORIENTED_EDGE('',*,*,#2312,.T.);
#2840 = ORIENTED_EDGE('',*,*,#2841,.T.);
#2841 = EDGE_CURVE('',#2315,#2842,#2844,.T.);
#2842 = VERTEX_POINT('',#2843);
#2843 = CARTESIAN_POINT('',(-51.82585269278,30.656663940594,
    -37.28463392734));
#2844 = B_SPLINE_CURVE_WITH_KNOTS('',1,(#2845,#2846),.UNSPECIFIED.,.F.,
  .F.,(2,2),(0.,1.),.PIECEWISE_BEZIER_KNOTS.);
#2845 = CARTESIAN_POINT('',(-50.90216834064,32.5,-35.3037864418));
#2846 = CARTESIAN_POINT('',(-51.82585269278,30.656663940594,
    -37.28463392734));
#2847 = ORIENTED_EDGE('',*,*,#2848,.F.);
#2848 = EDGE_CURVE('',#2849,#2842,#2851,.T.);
#2849 = VERTEX_POINT('',#2850);
#2850 = CARTESIAN_POINT('',(-48.39127419982,30.656663940594,
    -63.37284764079));
#2851 = LINE('',#2852,#2853);
#2852 = CARTESIAN_POINT('',(-48.150670563,30.656663940594,
    -65.20041370467));
#2853 = VECTOR('',#2854,1.);
#2854 = DIRECTION('',(-0.13052619222,1.127414728823E-16,0.991444861374)
  );
#2855 = ORIENTED_EDGE('',*,*,#2856,.F.);
#2856 = EDGE_CURVE('',#2313,#2849,#2857,.T.);
#2857 = B_SPLINE_CURVE_WITH_KNOTS('',1,(#2858,#2859),.UNSPECIFIED.,.F.,
  .F.,(2,2),(0.,1.),.PIECEWISE_BEZIER_KNOTS.);
#2858 = CARTESIAN_POINT('',(-46.98638257404,32.5,-65.04713228301));
#2859 = CARTESIAN_POINT('',(-48.39127419982,30.656663940594,
    -63.37284764079));
#2860 = B_SPLINE_SURFACE_WITH_KNOTS('',1,1,(
    (#2861,#2862)
    ,(#2863,#2864
    )),.UNSPECIFIED.,.F.,.F.,.F.,(2,2),(2,2),(0.,30.),(0.,1.),
  .PIECEWISE_BEZIER_KNOTS.);
#2861 = CARTESIAN_POINT('',(-46.98638257404,32.5,-65.04713228301));
#2862 = CARTESIAN_POINT('',(-48.39127419982,30.656663940594,
    -63.37284764079));
#2863 = CARTESIAN_POINT('',(-50.90216834064,32.5,-35.3037864418));
#2864 = CARTESIAN_POINT('',(-51.82585269278,30.656663940594,
    -37.28463392734));
#2865 = ADVANCED_FACE('',(#2866),#2883,.T.);
#2866 = FACE_BOUND('',#2867,.T.);
#2867 = EDGE_LOOP('',(#2868,#2869,#2870,#2878));
#2868 = ORIENTED_EDGE('',*,*,#2338,.T.);
#2869 = ORIENTED_EDGE('',*,*,#2856,.T.);
#2870 = ORIENTED_EDGE('',*,*,#2871,.F.);
#2871 = EDGE_CURVE('',#2872,#2849,#2874,.T.);
#2872 = VERTEX_POINT('',#2873);
#2873 = CARTESIAN_POINT('',(-48.39127419982,-28.90666394059,
    -63.37284764079));
#2874 = LINE('',#2875,#2876);
#2875 = CARTESIAN_POINT('',(-48.39127419982,-30.75,-63.37284764079));
#2876 = VECTOR('',#2877,1.);
#2877 = DIRECTION('',(-1.401897114783E-17,1.,-1.155599471727E-16));
#2878 = ORIENTED_EDGE('',*,*,#2879,.F.);
#2879 = EDGE_CURVE('',#2331,#2872,#2880,.T.);
#2880 = B_SPLINE_CURVE_WITH_KNOTS('',1,(#2881,#2882),.UNSPECIFIED.,.F.,
  .F.,(2,2),(0.,1.),.PIECEWISE_BEZIER_KNOTS.);
#2881 = CARTESIAN_POINT('',(-46.98638257404,-30.75,-65.04713228301));
#2882 = CARTESIAN_POINT('',(-48.39127419982,-28.90666394059,
    -63.37284764079));
#2883 = B_SPLINE_SURFACE_WITH_KNOTS('',1,1,(
    (#2884,#2885)
    ,(#2886,#2887
    )),.UNSPECIFIED.,.F.,.F.,.F.,(2,2),(2,2),(0.,63.25),(0.,1.),
  .PIECEWISE_BEZIER_KNOTS.);
#2884 = CARTESIAN_POINT('',(-46.98638257404,-30.75,-65.04713228301));
#2885 = CARTESIAN_POINT('',(-48.39127419982,-28.90666394059,
    -63.37284764079));
#2886 = CARTESIAN_POINT('',(-46.98638257404,32.5,-65.04713228301));
#2887 = CARTESIAN_POINT('',(-48.39127419982,30.656663940594,
    -63.37284764079));
#2888 = ADVANCED_FACE('',(#2889),#2906,.T.);
#2889 = FACE_BOUND('',#2890,.T.);
#2890 = EDGE_LOOP('',(#2891,#2892,#2893,#2901));
#2891 = ORIENTED_EDGE('',*,*,#2330,.T.);
#2892 = ORIENTED_EDGE('',*,*,#2879,.T.);
#2893 = ORIENTED_EDGE('',*,*,#2894,.F.);
#2894 = EDGE_CURVE('',#2895,#2872,#2897,.T.);
#2895 = VERTEX_POINT('',#2896);
#2896 = CARTESIAN_POINT('',(-51.82585269278,-28.90666394059,
    -37.28463392734));
#2897 = LINE('',#2898,#2899);
#2898 = CARTESIAN_POINT('',(-52.0664563296,-28.90666394059,
    -35.45706786346));
#2899 = VECTOR('',#2900,1.);
#2900 = DIRECTION('',(0.13052619222,-1.127414728823E-16,-0.991444861374)
  );
#2901 = ORIENTED_EDGE('',*,*,#2902,.F.);
#2902 = EDGE_CURVE('',#2323,#2895,#2903,.T.);
#2903 = B_SPLINE_CURVE_WITH_KNOTS('',1,(#2904,#2905),.UNSPECIFIED.,.F.,
  .F.,(2,2),(0.,1.),.PIECEWISE_BEZIER_KNOTS.);
#2904 = CARTESIAN_POINT('',(-50.90216834064,-30.75,-35.3037864418));
#2905 = CARTESIAN_POINT('',(-51.82585269278,-28.90666394059,
    -37.28463392734));
#2906 = B_SPLINE_SURFACE_WITH_KNOTS('',1,1,(
    (#2907,#2908)
    ,(#2909,#2910
    )),.UNSPECIFIED.,.F.,.F.,.F.,(2,2),(2,2),(0.,30.),(0.,1.),
  .PIECEWISE_BEZIER_KNOTS.);
#2907 = CARTESIAN_POINT('',(-50.90216834064,-30.75,-35.3037864418));
#2908 = CARTESIAN_POINT('',(-51.82585269278,-28.90666394059,
    -37.28463392734));
#2909 = CARTESIAN_POINT('',(-46.98638257404,-30.75,-65.04713228301));
#2910 = CARTESIAN_POINT('',(-48.39127419982,-28.90666394059,
    -63.37284764079));
#2911 = ADVANCED_FACE('',(#2912),#2923,.T.);
#2912 = FACE_BOUND('',#2913,.T.);
#2913 = EDGE_LOOP('',(#2914,#2915,#2916,#2922));
#2914 = ORIENTED_EDGE('',*,*,#2322,.T.);
#2915 = ORIENTED_EDGE('',*,*,#2902,.T.);
#2916 = ORIENTED_EDGE('',*,*,#2917,.F.);
#2917 = EDGE_CURVE('',#2842,#2895,#2918,.T.);
#2918 = LINE('',#2919,#2920);
#2919 = CARTESIAN_POINT('',(-51.82585269278,32.5,-37.28463392734));
#2920 = VECTOR('',#2921,1.);
#2921 = DIRECTION('',(1.401897114783E-17,-1.,1.155599471727E-16));
#2922 = ORIENTED_EDGE('',*,*,#2841,.F.);
#2923 = B_SPLINE_SURFACE_WITH_KNOTS('',1,1,(
    (#2924,#2925)
    ,(#2926,#2927
    )),.UNSPECIFIED.,.F.,.F.,.F.,(2,2),(2,2),(0.,63.25),(0.,1.),
  .PIECEWISE_BEZIER_KNOTS.);
#2924 = CARTESIAN_POINT('',(-50.90216834064,32.5,-35.3037864418));
#2925 = CARTESIAN_POINT('',(-51.82585269278,30.656663940594,
    -37.28463392734));
#2926 = CARTESIAN_POINT('',(-50.90216834064,-30.75,-35.3037864418));
#2927 = CARTESIAN_POINT('',(-51.82585269278,-28.90666394059,
    -37.28463392734));
#2928 = ADVANCED_FACE('',(#2929),#2952,.T.);
#2929 = FACE_BOUND('',#2930,.T.);
#2930 = EDGE_LOOP('',(#2931,#2932,#2939,#2947));
#2931 = ORIENTED_EDGE('',*,*,#2396,.T.);
#2932 = ORIENTED_EDGE('',*,*,#2933,.T.);
#2933 = EDGE_CURVE('',#2399,#2934,#2936,.T.);
#2934 = VERTEX_POINT('',#2935);
#2935 = CARTESIAN_POINT('',(-40.35366935015,39.1,-63.78494784444));
#2936 = B_SPLINE_CURVE_WITH_KNOTS('',1,(#2937,#2938),.UNSPECIFIED.,.F.,
  .F.,(2,2),(0.,1.),.PIECEWISE_BEZIER_KNOTS.);
#2937 = CARTESIAN_POINT('',(-40.98075326039,38.5,-64.5));
#2938 = CARTESIAN_POINT('',(-40.35366935015,39.1,-63.78494784444));
#2939 = ORIENTED_EDGE('',*,*,#2940,.F.);
#2940 = EDGE_CURVE('',#2941,#2934,#2943,.T.);
#2941 = VERTEX_POINT('',#2942);
#2942 = CARTESIAN_POINT('',(-47.78807215609,39.1,-7.315052155556));
#2943 = LINE('',#2944,#2945);
#2944 = CARTESIAN_POINT('',(-47.89449808546,39.1,-6.506666964896));
#2945 = VECTOR('',#2946,1.);
#2946 = DIRECTION('',(0.13052619222,-6.786065495554E-16,-0.991444861374)
  );
#2947 = ORIENTED_EDGE('',*,*,#2948,.F.);
#2948 = EDGE_CURVE('',#2397,#2941,#2949,.T.);
#2949 = B_SPLINE_CURVE_WITH_KNOTS('',1,(#2950,#2951),.UNSPECIFIED.,.F.,
  .F.,(2,2),(0.,1.),.PIECEWISE_BEZIER_KNOTS.);
#2950 = CARTESIAN_POINT('',(-48.6034328707,38.5,-6.6));
#2951 = CARTESIAN_POINT('',(-47.78807215609,39.1,-7.315052155556));
#2952 = B_SPLINE_SURFACE_WITH_KNOTS('',1,1,(
    (#2953,#2954)
    ,(#2955,#2956
    )),.UNSPECIFIED.,.F.,.F.,.F.,(2,2),(2,2),(0.,58.399616817591),(0.,1.
    ),.PIECEWISE_BEZIER_KNOTS.);
#2953 = CARTESIAN_POINT('',(-48.6034328707,38.5,-6.6));
#2954 = CARTESIAN_POINT('',(-47.78807215609,39.1,-7.315052155557));
#2955 = CARTESIAN_POINT('',(-40.98075326039,38.5,-64.5));
#2956 = CARTESIAN_POINT('',(-40.35366935015,39.1,-63.78494784444));
#2957 = ADVANCED_FACE('',(#2958),#2975,.T.);
#2958 = FACE_BOUND('',#2959,.T.);
#2959 = EDGE_LOOP('',(#2960,#2961,#2962,#2970));
#2960 = ORIENTED_EDGE('',*,*,#2430,.T.);
#2961 = ORIENTED_EDGE('',*,*,#2948,.T.);
#2962 = ORIENTED_EDGE('',*,*,#2963,.F.);
#2963 = EDGE_CURVE('',#2964,#2941,#2966,.T.);
#2964 = VERTEX_POINT('',#2965);
#2965 = CARTESIAN_POINT('',(26.868085834399,39.1,-7.315052155557));
#2966 = LINE('',#2967,#2968);
#2967 = CARTESIAN_POINT('',(27.333704473058,39.1,-7.315052155557));
#2968 = VECTOR('',#2969,1.);
#2969 = DIRECTION('',(-1.,1.601125860239E-32,2.339246515653E-17));
#2970 = ORIENTED_EDGE('',*,*,#2971,.F.);
#2971 = EDGE_CURVE('',#2423,#2964,#2972,.T.);
#2972 = B_SPLINE_CURVE_WITH_KNOTS('',1,(#2973,#2974),.UNSPECIFIED.,.F.,
  .F.,(2,2),(0.,1.),.PIECEWISE_BEZIER_KNOTS.);
#2973 = CARTESIAN_POINT('',(27.333704473058,38.5,-6.6));
#2974 = CARTESIAN_POINT('',(26.868085834399,39.1,-7.315052155557));
#2975 = B_SPLINE_SURFACE_WITH_KNOTS('',1,1,(
    (#2976,#2977)
    ,(#2978,#2979
    )),.UNSPECIFIED.,.F.,.F.,.F.,(2,2),(2,2),(0.,75.93713734376),(0.,1.)
  ,.PIECEWISE_BEZIER_KNOTS.);
#2976 = CARTESIAN_POINT('',(27.333704473058,38.5,-6.6));
#2977 = CARTESIAN_POINT('',(26.868085834399,39.1,-7.315052155557));
#2978 = CARTESIAN_POINT('',(-48.6034328707,38.5,-6.6));
#2979 = CARTESIAN_POINT('',(-47.78807215609,39.1,-7.315052155556));
#2980 = ADVANCED_FACE('',(#2981),#2998,.T.);
#2981 = FACE_BOUND('',#2982,.T.);
#2982 = EDGE_LOOP('',(#2983,#2984,#2985,#2993));
#2983 = ORIENTED_EDGE('',*,*,#2422,.T.);
#2984 = ORIENTED_EDGE('',*,*,#2971,.T.);
#2985 = ORIENTED_EDGE('',*,*,#2986,.F.);
#2986 = EDGE_CURVE('',#2987,#2964,#2989,.T.);
#2987 = VERTEX_POINT('',#2988);
#2988 = CARTESIAN_POINT('',(35.017701300431,39.1,-25.7419216242));
#2989 = LINE('',#2990,#2991);
#2990 = CARTESIAN_POINT('',(35.259754416472,39.1,-26.28922121059));
#2991 = VECTOR('',#2992,1.);
#2992 = DIRECTION('',(-0.404475685229,6.259740680248E-16,0.91454875215)
  );
#2993 = ORIENTED_EDGE('',*,*,#2994,.F.);
#2994 = EDGE_CURVE('',#2415,#2987,#2995,.T.);
#2995 = B_SPLINE_CURVE_WITH_KNOTS('',1,(#2996,#2997),.UNSPECIFIED.,.F.,
  .F.,(2,2),(0.,1.),.PIECEWISE_BEZIER_KNOTS.);
#2996 = CARTESIAN_POINT('',(35.913704473058,38.5,-26.));
#2997 = CARTESIAN_POINT('',(35.017701300431,39.1,-25.7419216242));
#2998 = B_SPLINE_SURFACE_WITH_KNOTS('',1,1,(
    (#2999,#3000)
    ,(#3001,#3002
    )),.UNSPECIFIED.,.F.,.F.,.F.,(2,2),(2,2),(0.,21.212647170969),(0.,1.
    ),.PIECEWISE_BEZIER_KNOTS.);
#2999 = CARTESIAN_POINT('',(35.913704473058,38.5,-26.));
#3000 = CARTESIAN_POINT('',(35.017701300431,39.1,-25.7419216242));
#3001 = CARTESIAN_POINT('',(27.333704473058,38.5,-6.6));
#3002 = CARTESIAN_POINT('',(26.868085834399,39.1,-7.315052155557));
#3003 = ADVANCED_FACE('',(#3004),#3021,.T.);
#3004 = FACE_BOUND('',#3005,.T.);
#3005 = EDGE_LOOP('',(#3006,#3007,#3008,#3016));
#3006 = ORIENTED_EDGE('',*,*,#2414,.T.);
#3007 = ORIENTED_EDGE('',*,*,#2994,.T.);
#3008 = ORIENTED_EDGE('',*,*,#3009,.F.);
#3009 = EDGE_CURVE('',#3010,#2987,#3012,.T.);
#3010 = VERTEX_POINT('',#3011);
#3011 = CARTESIAN_POINT('',(-21.37184526788,39.1,-63.78494784444));
#3012 = LINE('',#3013,#3014);
#3013 = CARTESIAN_POINT('',(-21.55310315556,39.1,-63.90723289536));
#3014 = VECTOR('',#3015,1.);
#3015 = DIRECTION('',(0.828984431452,3.828003351813E-16,0.559271680323)
  );
#3016 = ORIENTED_EDGE('',*,*,#3017,.F.);
#3017 = EDGE_CURVE('',#2407,#3010,#3018,.T.);
#3018 = B_SPLINE_CURVE_WITH_KNOTS('',1,(#3019,#3020),.UNSPECIFIED.,.F.,
  .F.,(2,2),(0.,1.),.PIECEWISE_BEZIER_KNOTS.);
#3019 = CARTESIAN_POINT('',(-21.153194735,38.5,-64.5));
#3020 = CARTESIAN_POINT('',(-21.37184526788,39.1,-63.78494784444));
#3021 = B_SPLINE_SURFACE_WITH_KNOTS('',1,1,(
    (#3022,#3023)
    ,(#3024,#3025
    )),.UNSPECIFIED.,.F.,.F.,.F.,(2,2),(2,2),(0.,68.839530687124),(0.,1.
    ),.PIECEWISE_BEZIER_KNOTS.);
#3022 = CARTESIAN_POINT('',(-21.153194735,38.5,-64.5));
#3023 = CARTESIAN_POINT('',(-21.37184526788,39.1,-63.78494784444));
#3024 = CARTESIAN_POINT('',(35.913704473058,38.5,-26.));
#3025 = CARTESIAN_POINT('',(35.017701300431,39.1,-25.7419216242));
#3026 = ADVANCED_FACE('',(#3027),#3038,.T.);
#3027 = FACE_BOUND('',#3028,.T.);
#3028 = EDGE_LOOP('',(#3029,#3030,#3031,#3037));
#3029 = ORIENTED_EDGE('',*,*,#2406,.T.);
#3030 = ORIENTED_EDGE('',*,*,#3017,.T.);
#3031 = ORIENTED_EDGE('',*,*,#3032,.F.);
#3032 = EDGE_CURVE('',#2934,#3010,#3033,.T.);
#3033 = LINE('',#3034,#3035);
#3034 = CARTESIAN_POINT('',(-40.98075326039,39.1,-63.78494784444));
#3035 = VECTOR('',#3036,1.);
#3036 = DIRECTION('',(1.,0.,0.));
#3037 = ORIENTED_EDGE('',*,*,#2933,.F.);
#3038 = B_SPLINE_SURFACE_WITH_KNOTS('',1,1,(
    (#3039,#3040)
    ,(#3041,#3042
    )),.UNSPECIFIED.,.F.,.F.,.F.,(2,2),(2,2),(0.,19.827558525385),(0.,1.
    ),.PIECEWISE_BEZIER_KNOTS.);
#3039 = CARTESIAN_POINT('',(-40.98075326039,38.5,-64.5));
#3040 = CARTESIAN_POINT('',(-40.35366935015,39.1,-63.78494784444));
#3041 = CARTESIAN_POINT('',(-21.153194735,38.5,-64.5));
#3042 = CARTESIAN_POINT('',(-21.37184526788,39.1,-63.78494784444));
#3043 = ADVANCED_FACE('',(#3044),#3050,.T.);
#3044 = FACE_BOUND('',#3045,.F.);
#3045 = EDGE_LOOP('',(#3046,#3047,#3048,#3049));
#3046 = ORIENTED_EDGE('',*,*,#2765,.T.);
#3047 = ORIENTED_EDGE('',*,*,#2742,.T.);
#3048 = ORIENTED_EDGE('',*,*,#2719,.T.);
#3049 = ORIENTED_EDGE('',*,*,#2696,.T.);
#3050 = PLANE('',#3051);
#3051 = AXIS2_PLACEMENT_3D('',#3052,#3053,#3054);
#3052 = CARTESIAN_POINT('',(-39.72658543992,-37.95,-63.06989568888));
#3053 = DIRECTION('',(0.,1.,-3.330669073875E-16));
#3054 = DIRECTION('',(-0.882834229601,-1.564364324729E-16,
    -0.469684705995));
#3055 = ADVANCED_FACE('',(#3056),#3062,.T.);
#3056 = FACE_BOUND('',#3057,.T.);
#3057 = EDGE_LOOP('',(#3058,#3059,#3060,#3061));
#3058 = ORIENTED_EDGE('',*,*,#2917,.T.);
#3059 = ORIENTED_EDGE('',*,*,#2894,.T.);
#3060 = ORIENTED_EDGE('',*,*,#2871,.T.);
#3061 = ORIENTED_EDGE('',*,*,#2848,.T.);
#3062 = PLANE('',#3063);
#3063 = AXIS2_PLACEMENT_3D('',#3064,#3065,#3066);
#3064 = CARTESIAN_POINT('',(-51.82585269278,30.656663940594,
    -37.28463392734));
#3065 = DIRECTION('',(0.991444861374,2.898263678387E-17,0.13052619222));
#3066 = DIRECTION('',(-5.274499255005E-02,0.914716985441,0.400637994088)
  );
#3067 = ADVANCED_FACE('',(#3068),#3075,.F.);
#3068 = FACE_BOUND('',#3069,.T.);
#3069 = EDGE_LOOP('',(#3070,#3071,#3072,#3073,#3074));
#3070 = ORIENTED_EDGE('',*,*,#3032,.T.);
#3071 = ORIENTED_EDGE('',*,*,#3009,.T.);
#3072 = ORIENTED_EDGE('',*,*,#2986,.T.);
#3073 = ORIENTED_EDGE('',*,*,#2963,.T.);
#3074 = ORIENTED_EDGE('',*,*,#2940,.T.);
#3075 = PLANE('',#3076);
#3076 = AXIS2_PLACEMENT_3D('',#3077,#3078,#3079);
#3077 = CARTESIAN_POINT('',(-40.35366935015,39.1,-63.78494784444));
#3078 = DIRECTION('',(1.55655651468E-32,1.,-6.957428483391E-16));
#3079 = DIRECTION('',(-0.765684549694,-4.475131199862E-16,
    -0.643216270285));
#3080 = ( GEOMETRIC_REPRESENTATION_CONTEXT(3) 
GLOBAL_UNCERTAINTY_ASSIGNED_CONTEXT((#3084)) 
GLOBAL_UNIT_ASSIGNED_CONTEXT((#3081,#3082,#3083)) REPRESENTATION_CONTEXT
('Context #1','3D Context with UNIT and UNCERTAINTY') );
#3081 = ( LENGTH_UNIT() NAMED_UNIT(*) SI_UNIT(.MILLI.,.METRE.) );
#3082 = ( NAMED_UNIT(*) PLANE_ANGLE_UNIT() SI_UNIT($,.RADIAN.) );
#3083 = ( NAMED_UNIT(*) SI_UNIT($,.STERADIAN.) SOLID_ANGLE_UNIT() );
#3084 = UNCERTAINTY_MEASURE_WITH_UNIT(LENGTH_MEASURE(2.E-07),#3081,
  'distance_accuracy_value','confusion accuracy');
#3085 = PRODUCT_RELATED_PRODUCT_CATEGORY('part',$,(#7));
ENDSEC;
END-ISO-10303-21;
