ISO-10303-21;
HEADER;
FILE_DESCRIPTION(('FreeCAD Model'),'2;1');
FILE_NAME('Open CASCADE Shape Model','2026-10-07T11:40:47',('FreeCAD'),(
    'FreeCAD'),'Open CASCADE STEP processor 8.0','FreeCAD','Unknown');
FILE_SCHEMA(('AUTOMOTIVE_DESIGN { 1 0 10303 214 1 1 1 1 }'));
ENDSEC;
DATA;
#1 = APPLICATION_PROTOCOL_DEFINITION('international standard',
  'automotive_design',2000,#2);
#2 = APPLICATION_CONTEXT(
  'core data for automotive mechanical design processes');
#3 = SHAPE_DEFINITION_REPRESENTATION(#4,#10);
#4 = PRODUCT_DEFINITION_SHAPE('','',#5);
#5 = PRODUCT_DEFINITION('design','',#6,#9);
#6 = PRODUCT_DEFINITION_FORMATION('','',#7);
#7 = PRODUCT('Open CASCADE STEP translator 8.0 2',
  'Open CASCADE STEP translator 8.0 2','',(#8));
#8 = PRODUCT_CONTEXT('',#2,'mechanical');
#9 = PRODUCT_DEFINITION_CONTEXT('part definition',#2,'design');
#10 = ADVANCED_BREP_SHAPE_REPRESENTATION('',(#11,#15),#3035);
#11 = AXIS2_PLACEMENT_3D('',#12,#13,#14);
#12 = CARTESIAN_POINT('',(0.,0.,0.));
#13 = DIRECTION('',(0.,0.,1.));
#14 = DIRECTION('',(1.,0.,-0.));
#15 = MANIFOLD_SOLID_BREP('',#16);
#16 = CLOSED_SHELL('',(#17,#75,#106,#137,#185,#424,#451,#987,#1018,#1049
    ,#1080,#1102,#1133,#1164,#1195,#1217,#1244,#1292,#1340,#1381,#1408,
    #1461,#1509,#1557,#1598,#1625,#1673,#1721,#1738,#1784,#1832,#1880,
    #1928,#1955,#1996,#2020,#2037,#2054,#2071,#2088,#2112,#2136,#2153,
    #2177,#2201,#2225,#2249,#2266,#2290,#2314,#2331,#2348,#2365,#2382,
    #2399,#2433,#2450,#2474,#2501,#2525,#2542,#2566,#2583,#2600,#2612,
    #2629,#2641,#2658,#2670,#2687,#2699,#2744,#2795,#2889,#2931,#2967,
    #2984,#3001,#3018));
#17 = ADVANCED_FACE('',(#18),#70,.F.);
#18 = FACE_BOUND('',#19,.F.);
#19 = EDGE_LOOP('',(#20,#31,#39,#48,#56,#64));
#20 = ORIENTED_EDGE('',*,*,#21,.T.);
#21 = EDGE_CURVE('',#22,#24,#26,.T.);
#22 = VERTEX_POINT('',#23);
#23 = CARTESIAN_POINT('',(22.5,11.5,9.65));
#24 = VERTEX_POINT('',#25);
#25 = CARTESIAN_POINT('',(22.443702549758,12.32,8.83));
#26 = ELLIPSE('',#27,8.485281374239,6.);
#27 = AXIS2_PLACEMENT_3D('',#28,#29,#30);
#28 = CARTESIAN_POINT('',(16.5,11.5,9.65));
#29 = DIRECTION('',(0.,0.707106781187,0.707106781187));
#30 = DIRECTION('',(0.,0.707106781187,-0.707106781187));
#31 = ORIENTED_EDGE('',*,*,#32,.T.);
#32 = EDGE_CURVE('',#24,#33,#35,.T.);
#33 = VERTEX_POINT('',#34);
#34 = CARTESIAN_POINT('',(20.005367313136,12.32,8.83));
#35 = LINE('',#36,#37);
#36 = CARTESIAN_POINT('',(0.,12.32,8.83));
#37 = VECTOR('',#38,1.);
#38 = DIRECTION('',(-1.,-0.,-0.));
#39 = ORIENTED_EDGE('',*,*,#40,.F.);
#40 = EDGE_CURVE('',#41,#33,#43,.T.);
#41 = VERTEX_POINT('',#42);
#42 = CARTESIAN_POINT('',(20.1,11.5,9.65));
#43 = ELLIPSE('',#44,5.091168824543,3.6);
#44 = AXIS2_PLACEMENT_3D('',#45,#46,#47);
#45 = CARTESIAN_POINT('',(16.5,11.5,9.65));
#46 = DIRECTION('',(0.,0.707106781187,0.707106781187));
#47 = DIRECTION('',(0.,0.707106781187,-0.707106781187));
#48 = ORIENTED_EDGE('',*,*,#49,.F.);
#49 = EDGE_CURVE('',#50,#41,#52,.T.);
#50 = VERTEX_POINT('',#51);
#51 = CARTESIAN_POINT('',(20.1,8.15,13.));
#52 = LINE('',#53,#54);
#53 = CARTESIAN_POINT('',(20.1,7.53,13.62));
#54 = VECTOR('',#55,1.);
#55 = DIRECTION('',(0.,0.707106781187,-0.707106781187));
#56 = ORIENTED_EDGE('',*,*,#57,.T.);
#57 = EDGE_CURVE('',#50,#58,#60,.T.);
#58 = VERTEX_POINT('',#59);
#59 = CARTESIAN_POINT('',(22.5,8.15,13.));
#60 = LINE('',#61,#62);
#61 = CARTESIAN_POINT('',(0.,8.15,13.));
#62 = VECTOR('',#63,1.);
#63 = DIRECTION('',(1.,0.,0.));
#64 = ORIENTED_EDGE('',*,*,#65,.T.);
#65 = EDGE_CURVE('',#58,#22,#66,.T.);
#66 = LINE('',#67,#68);
#67 = CARTESIAN_POINT('',(22.5,7.53,13.62));
#68 = VECTOR('',#69,1.);
#69 = DIRECTION('',(0.,0.707106781187,-0.707106781187));
#70 = PLANE('',#71);
#71 = AXIS2_PLACEMENT_3D('',#72,#73,#74);
#72 = CARTESIAN_POINT('',(0.,10.235,10.915));
#73 = DIRECTION('',(0.,0.707106781187,0.707106781187));
#74 = DIRECTION('',(0.,0.707106781187,-0.707106781187));
#75 = ADVANCED_FACE('',(#76),#101,.F.);
#76 = FACE_BOUND('',#77,.F.);
#77 = EDGE_LOOP('',(#78,#79,#87,#95));
#78 = ORIENTED_EDGE('',*,*,#32,.F.);
#79 = ORIENTED_EDGE('',*,*,#80,.T.);
#80 = EDGE_CURVE('',#24,#81,#83,.T.);
#81 = VERTEX_POINT('',#82);
#82 = CARTESIAN_POINT('',(22.443702549758,12.32,1.2));
#83 = LINE('',#84,#85);
#84 = CARTESIAN_POINT('',(22.443702549758,12.32,0.));
#85 = VECTOR('',#86,1.);
#86 = DIRECTION('',(-0.,-0.,-1.));
#87 = ORIENTED_EDGE('',*,*,#88,.F.);
#88 = EDGE_CURVE('',#89,#81,#91,.T.);
#89 = VERTEX_POINT('',#90);
#90 = CARTESIAN_POINT('',(20.005367313136,12.32,1.2));
#91 = LINE('',#92,#93);
#92 = CARTESIAN_POINT('',(0.,12.32,1.2));
#93 = VECTOR('',#94,1.);
#94 = DIRECTION('',(1.,0.,0.));
#95 = ORIENTED_EDGE('',*,*,#96,.F.);
#96 = EDGE_CURVE('',#33,#89,#97,.T.);
#97 = LINE('',#98,#99);
#98 = CARTESIAN_POINT('',(20.005367313136,12.32,0.));
#99 = VECTOR('',#100,1.);
#100 = DIRECTION('',(-0.,-0.,-1.));
#101 = PLANE('',#102);
#102 = AXIS2_PLACEMENT_3D('',#103,#104,#105);
#103 = CARTESIAN_POINT('',(0.,12.32,3.915));
#104 = DIRECTION('',(0.,1.,0.));
#105 = DIRECTION('',(0.,0.,1.));
#106 = ADVANCED_FACE('',(#107),#132,.F.);
#107 = FACE_BOUND('',#108,.F.);
#108 = EDGE_LOOP('',(#109,#110,#118,#126));
#109 = ORIENTED_EDGE('',*,*,#57,.F.);
#110 = ORIENTED_EDGE('',*,*,#111,.F.);
#111 = EDGE_CURVE('',#112,#50,#114,.T.);
#112 = VERTEX_POINT('',#113);
#113 = CARTESIAN_POINT('',(20.1,3.98,8.83));
#114 = LINE('',#115,#116);
#115 = CARTESIAN_POINT('',(20.1,-1.055,3.795));
#116 = VECTOR('',#117,1.);
#117 = DIRECTION('',(0.,0.707106781187,0.707106781187));
#118 = ORIENTED_EDGE('',*,*,#119,.T.);
#119 = EDGE_CURVE('',#112,#120,#122,.T.);
#120 = VERTEX_POINT('',#121);
#121 = CARTESIAN_POINT('',(22.5,3.98,8.83));
#122 = LINE('',#123,#124);
#123 = CARTESIAN_POINT('',(0.,3.98,8.83));
#124 = VECTOR('',#125,1.);
#125 = DIRECTION('',(1.,0.,0.));
#126 = ORIENTED_EDGE('',*,*,#127,.T.);
#127 = EDGE_CURVE('',#120,#58,#128,.T.);
#128 = LINE('',#129,#130);
#129 = CARTESIAN_POINT('',(22.5,-1.055,3.795));
#130 = VECTOR('',#131,1.);
#131 = DIRECTION('',(0.,0.707106781187,0.707106781187));
#132 = PLANE('',#133);
#133 = AXIS2_PLACEMENT_3D('',#134,#135,#136);
#134 = CARTESIAN_POINT('',(0.,6.065,10.915));
#135 = DIRECTION('',(0.,-0.707106781187,0.707106781187));
#136 = DIRECTION('',(0.,-0.707106781187,-0.707106781187));
#137 = ADVANCED_FACE('',(#138),#180,.T.);
#138 = FACE_BOUND('',#139,.T.);
#139 = EDGE_LOOP('',(#140,#150,#158,#166,#172,#173,#174));
#140 = ORIENTED_EDGE('',*,*,#141,.F.);
#141 = EDGE_CURVE('',#142,#144,#146,.T.);
#142 = VERTEX_POINT('',#143);
#143 = CARTESIAN_POINT('',(20.1,1.2,1.2));
#144 = VERTEX_POINT('',#145);
#145 = CARTESIAN_POINT('',(20.1,3.98,1.2));
#146 = LINE('',#147,#148);
#147 = CARTESIAN_POINT('',(20.1,-5.75,1.2));
#148 = VECTOR('',#149,1.);
#149 = DIRECTION('',(0.,1.,0.));
#150 = ORIENTED_EDGE('',*,*,#151,.T.);
#151 = EDGE_CURVE('',#142,#152,#154,.T.);
#152 = VERTEX_POINT('',#153);
#153 = CARTESIAN_POINT('',(20.1,1.2,20.));
#154 = LINE('',#155,#156);
#155 = CARTESIAN_POINT('',(20.1,1.2,0.));
#156 = VECTOR('',#157,1.);
#157 = DIRECTION('',(0.,0.,1.));
#158 = ORIENTED_EDGE('',*,*,#159,.T.);
#159 = EDGE_CURVE('',#152,#160,#162,.T.);
#160 = VERTEX_POINT('',#161);
#161 = CARTESIAN_POINT('',(20.1,11.5,20.));
#162 = LINE('',#163,#164);
#163 = CARTESIAN_POINT('',(20.1,-11.5,20.));
#164 = VECTOR('',#165,1.);
#165 = DIRECTION('',(0.,1.,0.));
#166 = ORIENTED_EDGE('',*,*,#167,.F.);
#167 = EDGE_CURVE('',#41,#160,#168,.T.);
#168 = LINE('',#169,#170);
#169 = CARTESIAN_POINT('',(20.1,11.5,0.));
#170 = VECTOR('',#171,1.);
#171 = DIRECTION('',(0.,0.,1.));
#172 = ORIENTED_EDGE('',*,*,#49,.F.);
#173 = ORIENTED_EDGE('',*,*,#111,.F.);
#174 = ORIENTED_EDGE('',*,*,#175,.F.);
#175 = EDGE_CURVE('',#144,#112,#176,.T.);
#176 = LINE('',#177,#178);
#177 = CARTESIAN_POINT('',(20.1,3.98,1.9575));
#178 = VECTOR('',#179,1.);
#179 = DIRECTION('',(0.,0.,1.));
#180 = PLANE('',#181);
#181 = AXIS2_PLACEMENT_3D('',#182,#183,#184);
#182 = CARTESIAN_POINT('',(20.1,-11.5,0.));
#183 = DIRECTION('',(-1.,0.,0.));
#184 = DIRECTION('',(0.,1.,0.));
#185 = ADVANCED_FACE('',(#186,#256,#299,#342,#376),#419,.T.);
#186 = FACE_BOUND('',#187,.T.);
#187 = EDGE_LOOP('',(#188,#199,#207,#216,#224,#233,#241,#250));
#188 = ORIENTED_EDGE('',*,*,#189,.T.);
#189 = EDGE_CURVE('',#190,#192,#194,.T.);
#190 = VERTEX_POINT('',#191);
#191 = CARTESIAN_POINT('',(22.5,11.5,20.));
#192 = VERTEX_POINT('',#193);
#193 = CARTESIAN_POINT('',(16.5,17.5,20.));
#194 = CIRCLE('',#195,6.);
#195 = AXIS2_PLACEMENT_3D('',#196,#197,#198);
#196 = CARTESIAN_POINT('',(16.5,11.5,20.));
#197 = DIRECTION('',(0.,0.,1.));
#198 = DIRECTION('',(1.,0.,0.));
#199 = ORIENTED_EDGE('',*,*,#200,.T.);
#200 = EDGE_CURVE('',#192,#201,#203,.T.);
#201 = VERTEX_POINT('',#202);
#202 = CARTESIAN_POINT('',(-16.5,17.5,20.));
#203 = LINE('',#204,#205);
#204 = CARTESIAN_POINT('',(16.5,17.5,20.));
#205 = VECTOR('',#206,1.);
#206 = DIRECTION('',(-1.,0.,0.));
#207 = ORIENTED_EDGE('',*,*,#208,.T.);
#208 = EDGE_CURVE('',#201,#209,#211,.T.);
#209 = VERTEX_POINT('',#210);
#210 = CARTESIAN_POINT('',(-22.5,11.5,20.));
#211 = CIRCLE('',#212,6.);
#212 = AXIS2_PLACEMENT_3D('',#213,#214,#215);
#213 = CARTESIAN_POINT('',(-16.5,11.5,20.));
#214 = DIRECTION('',(0.,0.,1.));
#215 = DIRECTION('',(1.,0.,0.));
#216 = ORIENTED_EDGE('',*,*,#217,.T.);
#217 = EDGE_CURVE('',#209,#218,#220,.T.);
#218 = VERTEX_POINT('',#219);
#219 = CARTESIAN_POINT('',(-22.5,-11.5,20.));
#220 = LINE('',#221,#222);
#221 = CARTESIAN_POINT('',(-22.5,11.5,20.));
#222 = VECTOR('',#223,1.);
#223 = DIRECTION('',(0.,-1.,0.));
#224 = ORIENTED_EDGE('',*,*,#225,.T.);
#225 = EDGE_CURVE('',#218,#226,#228,.T.);
#226 = VERTEX_POINT('',#227);
#227 = CARTESIAN_POINT('',(-16.5,-17.5,20.));
#228 = CIRCLE('',#229,6.);
#229 = AXIS2_PLACEMENT_3D('',#230,#231,#232);
#230 = CARTESIAN_POINT('',(-16.5,-11.5,20.));
#231 = DIRECTION('',(0.,0.,1.));
#232 = DIRECTION('',(1.,0.,0.));
#233 = ORIENTED_EDGE('',*,*,#234,.T.);
#234 = EDGE_CURVE('',#226,#235,#237,.T.);
#235 = VERTEX_POINT('',#236);
#236 = CARTESIAN_POINT('',(16.5,-17.5,20.));
#237 = LINE('',#238,#239);
#238 = CARTESIAN_POINT('',(-16.5,-17.5,20.));
#239 = VECTOR('',#240,1.);
#240 = DIRECTION('',(1.,0.,0.));
#241 = ORIENTED_EDGE('',*,*,#242,.T.);
#242 = EDGE_CURVE('',#235,#243,#245,.T.);
#243 = VERTEX_POINT('',#244);
#244 = CARTESIAN_POINT('',(22.5,-11.5,20.));
#245 = CIRCLE('',#246,6.);
#246 = AXIS2_PLACEMENT_3D('',#247,#248,#249);
#247 = CARTESIAN_POINT('',(16.5,-11.5,20.));
#248 = DIRECTION('',(0.,0.,1.));
#249 = DIRECTION('',(1.,0.,0.));
#250 = ORIENTED_EDGE('',*,*,#251,.T.);
#251 = EDGE_CURVE('',#243,#190,#252,.T.);
#252 = LINE('',#253,#254);
#253 = CARTESIAN_POINT('',(22.5,-11.5,20.));
#254 = VECTOR('',#255,1.);
#255 = DIRECTION('',(0.,1.,0.));
#256 = FACE_BOUND('',#257,.T.);
#257 = EDGE_LOOP('',(#258,#268,#276,#284,#292));
#258 = ORIENTED_EDGE('',*,*,#259,.F.);
#259 = EDGE_CURVE('',#260,#262,#264,.T.);
#260 = VERTEX_POINT('',#261);
#261 = CARTESIAN_POINT('',(-1.2,15.1,20.));
#262 = VERTEX_POINT('',#263);
#263 = CARTESIAN_POINT('',(-16.5,15.1,20.));
#264 = LINE('',#265,#266);
#265 = CARTESIAN_POINT('',(16.5,15.1,20.));
#266 = VECTOR('',#267,1.);
#267 = DIRECTION('',(-1.,0.,0.));
#268 = ORIENTED_EDGE('',*,*,#269,.T.);
#269 = EDGE_CURVE('',#260,#270,#272,.T.);
#270 = VERTEX_POINT('',#271);
#271 = CARTESIAN_POINT('',(-1.2,1.2,20.));
#272 = LINE('',#273,#274);
#273 = CARTESIAN_POINT('',(-1.2,16.3,20.));
#274 = VECTOR('',#275,1.);
#275 = DIRECTION('',(0.,-1.,0.));
#276 = ORIENTED_EDGE('',*,*,#277,.T.);
#277 = EDGE_CURVE('',#270,#278,#280,.T.);
#278 = VERTEX_POINT('',#279);
#279 = CARTESIAN_POINT('',(-20.1,1.2,20.));
#280 = LINE('',#281,#282);
#281 = CARTESIAN_POINT('',(21.3,1.2,20.));
#282 = VECTOR('',#283,1.);
#283 = DIRECTION('',(-1.,0.,0.));
#284 = ORIENTED_EDGE('',*,*,#285,.F.);
#285 = EDGE_CURVE('',#286,#278,#288,.T.);
#286 = VERTEX_POINT('',#287);
#287 = CARTESIAN_POINT('',(-20.1,11.5,20.));
#288 = LINE('',#289,#290);
#289 = CARTESIAN_POINT('',(-20.1,11.5,20.));
#290 = VECTOR('',#291,1.);
#291 = DIRECTION('',(0.,-1.,0.));
#292 = ORIENTED_EDGE('',*,*,#293,.F.);
#293 = EDGE_CURVE('',#262,#286,#294,.T.);
#294 = CIRCLE('',#295,3.6);
#295 = AXIS2_PLACEMENT_3D('',#296,#297,#298);
#296 = CARTESIAN_POINT('',(-16.5,11.5,20.));
#297 = DIRECTION('',(0.,0.,1.));
#298 = DIRECTION('',(1.,0.,0.));
#299 = FACE_BOUND('',#300,.T.);
#300 = EDGE_LOOP('',(#301,#311,#319,#327,#335));
#301 = ORIENTED_EDGE('',*,*,#302,.F.);
#302 = EDGE_CURVE('',#303,#305,#307,.T.);
#303 = VERTEX_POINT('',#304);
#304 = CARTESIAN_POINT('',(1.2,-15.1,20.));
#305 = VERTEX_POINT('',#306);
#306 = CARTESIAN_POINT('',(16.5,-15.1,20.));
#307 = LINE('',#308,#309);
#308 = CARTESIAN_POINT('',(-16.5,-15.1,20.));
#309 = VECTOR('',#310,1.);
#310 = DIRECTION('',(1.,0.,0.));
#311 = ORIENTED_EDGE('',*,*,#312,.T.);
#312 = EDGE_CURVE('',#303,#313,#315,.T.);
#313 = VERTEX_POINT('',#314);
#314 = CARTESIAN_POINT('',(1.2,-1.2,20.));
#315 = LINE('',#316,#317);
#316 = CARTESIAN_POINT('',(1.2,-16.3,20.));
#317 = VECTOR('',#318,1.);
#318 = DIRECTION('',(0.,1.,0.));
#319 = ORIENTED_EDGE('',*,*,#320,.T.);
#320 = EDGE_CURVE('',#313,#321,#323,.T.);
#321 = VERTEX_POINT('',#322);
#322 = CARTESIAN_POINT('',(20.1,-1.2,20.));
#323 = LINE('',#324,#325);
#324 = CARTESIAN_POINT('',(-21.3,-1.2,20.));
#325 = VECTOR('',#326,1.);
#326 = DIRECTION('',(1.,0.,0.));
#327 = ORIENTED_EDGE('',*,*,#328,.F.);
#328 = EDGE_CURVE('',#329,#321,#331,.T.);
#329 = VERTEX_POINT('',#330);
#330 = CARTESIAN_POINT('',(20.1,-11.5,20.));
#331 = LINE('',#332,#333);
#332 = CARTESIAN_POINT('',(20.1,-11.5,20.));
#333 = VECTOR('',#334,1.);
#334 = DIRECTION('',(0.,1.,0.));
#335 = ORIENTED_EDGE('',*,*,#336,.F.);
#336 = EDGE_CURVE('',#305,#329,#337,.T.);
#337 = CIRCLE('',#338,3.6);
#338 = AXIS2_PLACEMENT_3D('',#339,#340,#341);
#339 = CARTESIAN_POINT('',(16.5,-11.5,20.));
#340 = DIRECTION('',(0.,0.,1.));
#341 = DIRECTION('',(1.,0.,0.));
#342 = FACE_BOUND('',#343,.T.);
#343 = EDGE_LOOP('',(#344,#353,#354,#362,#370));
#344 = ORIENTED_EDGE('',*,*,#345,.F.);
#345 = EDGE_CURVE('',#160,#346,#348,.T.);
#346 = VERTEX_POINT('',#347);
#347 = CARTESIAN_POINT('',(16.5,15.1,20.));
#348 = CIRCLE('',#349,3.6);
#349 = AXIS2_PLACEMENT_3D('',#350,#351,#352);
#350 = CARTESIAN_POINT('',(16.5,11.5,20.));
#351 = DIRECTION('',(0.,0.,1.));
#352 = DIRECTION('',(1.,0.,0.));
#353 = ORIENTED_EDGE('',*,*,#159,.F.);
#354 = ORIENTED_EDGE('',*,*,#355,.T.);
#355 = EDGE_CURVE('',#152,#356,#358,.T.);
#356 = VERTEX_POINT('',#357);
#357 = CARTESIAN_POINT('',(1.2,1.2,20.));
#358 = LINE('',#359,#360);
#359 = CARTESIAN_POINT('',(21.3,1.2,20.));
#360 = VECTOR('',#361,1.);
#361 = DIRECTION('',(-1.,0.,0.));
#362 = ORIENTED_EDGE('',*,*,#363,.T.);
#363 = EDGE_CURVE('',#356,#364,#366,.T.);
#364 = VERTEX_POINT('',#365);
#365 = CARTESIAN_POINT('',(1.2,15.1,20.));
#366 = LINE('',#367,#368);
#367 = CARTESIAN_POINT('',(1.2,-16.3,20.));
#368 = VECTOR('',#369,1.);
#369 = DIRECTION('',(0.,1.,0.));
#370 = ORIENTED_EDGE('',*,*,#371,.F.);
#371 = EDGE_CURVE('',#346,#364,#372,.T.);
#372 = LINE('',#373,#374);
#373 = CARTESIAN_POINT('',(16.5,15.1,20.));
#374 = VECTOR('',#375,1.);
#375 = DIRECTION('',(-1.,0.,0.));
#376 = FACE_BOUND('',#377,.T.);
#377 = EDGE_LOOP('',(#378,#388,#396,#404,#412));
#378 = ORIENTED_EDGE('',*,*,#379,.F.);
#379 = EDGE_CURVE('',#380,#382,#384,.T.);
#380 = VERTEX_POINT('',#381);
#381 = CARTESIAN_POINT('',(-20.1,-1.2,20.));
#382 = VERTEX_POINT('',#383);
#383 = CARTESIAN_POINT('',(-20.1,-11.5,20.));
#384 = LINE('',#385,#386);
#385 = CARTESIAN_POINT('',(-20.1,11.5,20.));
#386 = VECTOR('',#387,1.);
#387 = DIRECTION('',(0.,-1.,0.));
#388 = ORIENTED_EDGE('',*,*,#389,.T.);
#389 = EDGE_CURVE('',#380,#390,#392,.T.);
#390 = VERTEX_POINT('',#391);
#391 = CARTESIAN_POINT('',(-1.2,-1.2,20.));
#392 = LINE('',#393,#394);
#393 = CARTESIAN_POINT('',(-21.3,-1.2,20.));
#394 = VECTOR('',#395,1.);
#395 = DIRECTION('',(1.,0.,0.));
#396 = ORIENTED_EDGE('',*,*,#397,.T.);
#397 = EDGE_CURVE('',#390,#398,#400,.T.);
#398 = VERTEX_POINT('',#399);
#399 = CARTESIAN_POINT('',(-1.2,-15.1,20.));
#400 = LINE('',#401,#402);
#401 = CARTESIAN_POINT('',(-1.2,16.3,20.));
#402 = VECTOR('',#403,1.);
#403 = DIRECTION('',(0.,-1.,0.));
#404 = ORIENTED_EDGE('',*,*,#405,.F.);
#405 = EDGE_CURVE('',#406,#398,#408,.T.);
#406 = VERTEX_POINT('',#407);
#407 = CARTESIAN_POINT('',(-16.5,-15.1,20.));
#408 = LINE('',#409,#410);
#409 = CARTESIAN_POINT('',(-16.5,-15.1,20.));
#410 = VECTOR('',#411,1.);
#411 = DIRECTION('',(1.,0.,0.));
#412 = ORIENTED_EDGE('',*,*,#413,.F.);
#413 = EDGE_CURVE('',#382,#406,#414,.T.);
#414 = CIRCLE('',#415,3.6);
#415 = AXIS2_PLACEMENT_3D('',#416,#417,#418);
#416 = CARTESIAN_POINT('',(-16.5,-11.5,20.));
#417 = DIRECTION('',(0.,0.,1.));
#418 = DIRECTION('',(1.,0.,0.));
#419 = PLANE('',#420);
#420 = AXIS2_PLACEMENT_3D('',#421,#422,#423);
#421 = CARTESIAN_POINT('',(0.,3.808095448473E-16,20.));
#422 = DIRECTION('',(0.,0.,1.));
#423 = DIRECTION('',(1.,0.,0.));
#424 = ADVANCED_FACE('',(#425),#446,.F.);
#425 = FACE_BOUND('',#426,.T.);
#426 = EDGE_LOOP('',(#427,#428,#429,#430,#438,#445));
#427 = ORIENTED_EDGE('',*,*,#40,.F.);
#428 = ORIENTED_EDGE('',*,*,#167,.T.);
#429 = ORIENTED_EDGE('',*,*,#345,.T.);
#430 = ORIENTED_EDGE('',*,*,#431,.F.);
#431 = EDGE_CURVE('',#432,#346,#434,.T.);
#432 = VERTEX_POINT('',#433);
#433 = CARTESIAN_POINT('',(16.5,15.1,1.2));
#434 = LINE('',#435,#436);
#435 = CARTESIAN_POINT('',(16.5,15.1,0.));
#436 = VECTOR('',#437,1.);
#437 = DIRECTION('',(0.,0.,1.));
#438 = ORIENTED_EDGE('',*,*,#439,.T.);
#439 = EDGE_CURVE('',#432,#89,#440,.T.);
#440 = CIRCLE('',#441,3.6);
#441 = AXIS2_PLACEMENT_3D('',#442,#443,#444);
#442 = CARTESIAN_POINT('',(16.5,11.5,1.2));
#443 = DIRECTION('',(0.,0.,-1.));
#444 = DIRECTION('',(1.,0.,0.));
#445 = ORIENTED_EDGE('',*,*,#96,.F.);
#446 = CYLINDRICAL_SURFACE('',#447,3.6);
#447 = AXIS2_PLACEMENT_3D('',#448,#449,#450);
#448 = CARTESIAN_POINT('',(16.5,11.5,0.));
#449 = DIRECTION('',(-0.,-0.,-1.));
#450 = DIRECTION('',(1.,0.,0.));
#451 = ADVANCED_FACE('',(#452,#884),#982,.T.);
#452 = FACE_BOUND('',#453,.T.);
#453 = EDGE_LOOP('',(#454,#464,#471,#472,#473,#481,#489,#497,#505,#513,
    #521,#529,#537,#545,#553,#561,#569,#577,#586,#594,#603,#611,#619,
    #627,#635,#643,#651,#659,#667,#675,#684,#692,#701,#709,#717,#725,
    #733,#741,#749,#757,#765,#773,#781,#789,#797,#805,#814,#822,#831,
    #839,#847,#855,#863,#871,#877,#878));
#454 = ORIENTED_EDGE('',*,*,#455,.T.);
#455 = EDGE_CURVE('',#456,#458,#460,.T.);
#456 = VERTEX_POINT('',#457);
#457 = CARTESIAN_POINT('',(22.5,3.98,1.2));
#458 = VERTEX_POINT('',#459);
#459 = CARTESIAN_POINT('',(22.5,11.5,1.2));
#460 = LINE('',#461,#462);
#461 = CARTESIAN_POINT('',(22.5,-11.5,1.2));
#462 = VECTOR('',#463,1.);
#463 = DIRECTION('',(0.,1.,0.));
#464 = ORIENTED_EDGE('',*,*,#465,.T.);
#465 = EDGE_CURVE('',#458,#81,#466,.T.);
#466 = CIRCLE('',#467,6.);
#467 = AXIS2_PLACEMENT_3D('',#468,#469,#470);
#468 = CARTESIAN_POINT('',(16.5,11.5,1.2));
#469 = DIRECTION('',(0.,0.,1.));
#470 = DIRECTION('',(1.,0.,0.));
#471 = ORIENTED_EDGE('',*,*,#88,.F.);
#472 = ORIENTED_EDGE('',*,*,#439,.F.);
#473 = ORIENTED_EDGE('',*,*,#474,.T.);
#474 = EDGE_CURVE('',#432,#475,#477,.T.);
#475 = VERTEX_POINT('',#476);
#476 = CARTESIAN_POINT('',(16.32,15.1,1.2));
#477 = LINE('',#478,#479);
#478 = CARTESIAN_POINT('',(8.25,15.1,1.2));
#479 = VECTOR('',#480,1.);
#480 = DIRECTION('',(-1.,0.,0.));
#481 = ORIENTED_EDGE('',*,*,#482,.F.);
#482 = EDGE_CURVE('',#483,#475,#485,.T.);
#483 = VERTEX_POINT('',#484);
#484 = CARTESIAN_POINT('',(16.32,17.5,1.2));
#485 = LINE('',#486,#487);
#486 = CARTESIAN_POINT('',(16.32,1.904047724236E-16,1.2));
#487 = VECTOR('',#488,1.);
#488 = DIRECTION('',(0.,-1.,0.));
#489 = ORIENTED_EDGE('',*,*,#490,.T.);
#490 = EDGE_CURVE('',#483,#491,#493,.T.);
#491 = VERTEX_POINT('',#492);
#492 = CARTESIAN_POINT('',(4.98,17.5,1.2));
#493 = LINE('',#494,#495);
#494 = CARTESIAN_POINT('',(16.5,17.5,1.2));
#495 = VECTOR('',#496,1.);
#496 = DIRECTION('',(-1.,0.,0.));
#497 = ORIENTED_EDGE('',*,*,#498,.F.);
#498 = EDGE_CURVE('',#499,#491,#501,.T.);
#499 = VERTEX_POINT('',#500);
#500 = CARTESIAN_POINT('',(4.98,15.1,1.2));
#501 = LINE('',#502,#503);
#502 = CARTESIAN_POINT('',(4.98,1.904047724236E-16,1.2));
#503 = VECTOR('',#504,1.);
#504 = DIRECTION('',(0.,1.,0.));
#505 = ORIENTED_EDGE('',*,*,#506,.T.);
#506 = EDGE_CURVE('',#499,#507,#509,.T.);
#507 = VERTEX_POINT('',#508);
#508 = CARTESIAN_POINT('',(1.2,15.1,1.2));
#509 = LINE('',#510,#511);
#510 = CARTESIAN_POINT('',(8.25,15.1,1.2));
#511 = VECTOR('',#512,1.);
#512 = DIRECTION('',(-1.,0.,0.));
#513 = ORIENTED_EDGE('',*,*,#514,.F.);
#514 = EDGE_CURVE('',#515,#507,#517,.T.);
#515 = VERTEX_POINT('',#516);
#516 = CARTESIAN_POINT('',(1.2,12.32,1.2));
#517 = LINE('',#518,#519);
#518 = CARTESIAN_POINT('',(1.2,-8.15,1.2));
#519 = VECTOR('',#520,1.);
#520 = DIRECTION('',(0.,1.,0.));
#521 = ORIENTED_EDGE('',*,*,#522,.F.);
#522 = EDGE_CURVE('',#523,#515,#525,.T.);
#523 = VERTEX_POINT('',#524);
#524 = CARTESIAN_POINT('',(-1.2,12.32,1.2));
#525 = LINE('',#526,#527);
#526 = CARTESIAN_POINT('',(0.,12.32,1.2));
#527 = VECTOR('',#528,1.);
#528 = DIRECTION('',(1.,0.,0.));
#529 = ORIENTED_EDGE('',*,*,#530,.F.);
#530 = EDGE_CURVE('',#531,#523,#533,.T.);
#531 = VERTEX_POINT('',#532);
#532 = CARTESIAN_POINT('',(-1.2,15.1,1.2));
#533 = LINE('',#534,#535);
#534 = CARTESIAN_POINT('',(-1.2,8.15,1.2));
#535 = VECTOR('',#536,1.);
#536 = DIRECTION('',(0.,-1.,0.));
#537 = ORIENTED_EDGE('',*,*,#538,.T.);
#538 = EDGE_CURVE('',#531,#539,#541,.T.);
#539 = VERTEX_POINT('',#540);
#540 = CARTESIAN_POINT('',(-4.98,15.1,1.2));
#541 = LINE('',#542,#543);
#542 = CARTESIAN_POINT('',(8.25,15.1,1.2));
#543 = VECTOR('',#544,1.);
#544 = DIRECTION('',(-1.,0.,0.));
#545 = ORIENTED_EDGE('',*,*,#546,.F.);
#546 = EDGE_CURVE('',#547,#539,#549,.T.);
#547 = VERTEX_POINT('',#548);
#548 = CARTESIAN_POINT('',(-4.98,17.5,1.2));
#549 = LINE('',#550,#551);
#550 = CARTESIAN_POINT('',(-4.98,1.904047724236E-16,1.2));
#551 = VECTOR('',#552,1.);
#552 = DIRECTION('',(0.,-1.,0.));
#553 = ORIENTED_EDGE('',*,*,#554,.T.);
#554 = EDGE_CURVE('',#547,#555,#557,.T.);
#555 = VERTEX_POINT('',#556);
#556 = CARTESIAN_POINT('',(-16.32,17.5,1.2));
#557 = LINE('',#558,#559);
#558 = CARTESIAN_POINT('',(16.5,17.5,1.2));
#559 = VECTOR('',#560,1.);
#560 = DIRECTION('',(-1.,0.,0.));
#561 = ORIENTED_EDGE('',*,*,#562,.F.);
#562 = EDGE_CURVE('',#563,#555,#565,.T.);
#563 = VERTEX_POINT('',#564);
#564 = CARTESIAN_POINT('',(-16.32,15.1,1.2));
#565 = LINE('',#566,#567);
#566 = CARTESIAN_POINT('',(-16.32,1.904047724236E-16,1.2));
#567 = VECTOR('',#568,1.);
#568 = DIRECTION('',(0.,1.,0.));
#569 = ORIENTED_EDGE('',*,*,#570,.T.);
#570 = EDGE_CURVE('',#563,#571,#573,.T.);
#571 = VERTEX_POINT('',#572);
#572 = CARTESIAN_POINT('',(-16.5,15.1,1.2));
#573 = LINE('',#574,#575);
#574 = CARTESIAN_POINT('',(8.25,15.1,1.2));
#575 = VECTOR('',#576,1.);
#576 = DIRECTION('',(-1.,0.,0.));
#577 = ORIENTED_EDGE('',*,*,#578,.F.);
#578 = EDGE_CURVE('',#579,#571,#581,.T.);
#579 = VERTEX_POINT('',#580);
#580 = CARTESIAN_POINT('',(-20.00536731313,12.32,1.2));
#581 = CIRCLE('',#582,3.6);
#582 = AXIS2_PLACEMENT_3D('',#583,#584,#585);
#583 = CARTESIAN_POINT('',(-16.5,11.5,1.2));
#584 = DIRECTION('',(0.,0.,-1.));
#585 = DIRECTION('',(1.,0.,0.));
#586 = ORIENTED_EDGE('',*,*,#587,.F.);
#587 = EDGE_CURVE('',#588,#579,#590,.T.);
#588 = VERTEX_POINT('',#589);
#589 = CARTESIAN_POINT('',(-22.44370254975,12.32,1.2));
#590 = LINE('',#591,#592);
#591 = CARTESIAN_POINT('',(0.,12.32,1.2));
#592 = VECTOR('',#593,1.);
#593 = DIRECTION('',(1.,0.,0.));
#594 = ORIENTED_EDGE('',*,*,#595,.T.);
#595 = EDGE_CURVE('',#588,#596,#598,.T.);
#596 = VERTEX_POINT('',#597);
#597 = CARTESIAN_POINT('',(-22.5,11.5,1.2));
#598 = CIRCLE('',#599,6.);
#599 = AXIS2_PLACEMENT_3D('',#600,#601,#602);
#600 = CARTESIAN_POINT('',(-16.5,11.5,1.2));
#601 = DIRECTION('',(0.,0.,1.));
#602 = DIRECTION('',(1.,0.,0.));
#603 = ORIENTED_EDGE('',*,*,#604,.T.);
#604 = EDGE_CURVE('',#596,#605,#607,.T.);
#605 = VERTEX_POINT('',#606);
#606 = CARTESIAN_POINT('',(-22.5,3.98,1.2));
#607 = LINE('',#608,#609);
#608 = CARTESIAN_POINT('',(-22.5,11.5,1.2));
#609 = VECTOR('',#610,1.);
#610 = DIRECTION('',(0.,-1.,0.));
#611 = ORIENTED_EDGE('',*,*,#612,.F.);
#612 = EDGE_CURVE('',#613,#605,#615,.T.);
#613 = VERTEX_POINT('',#614);
#614 = CARTESIAN_POINT('',(-20.1,3.98,1.2));
#615 = LINE('',#616,#617);
#616 = CARTESIAN_POINT('',(0.,3.98,1.2));
#617 = VECTOR('',#618,1.);
#618 = DIRECTION('',(-1.,0.,0.));
#619 = ORIENTED_EDGE('',*,*,#620,.T.);
#620 = EDGE_CURVE('',#613,#621,#623,.T.);
#621 = VERTEX_POINT('',#622);
#622 = CARTESIAN_POINT('',(-20.1,1.2,1.2));
#623 = LINE('',#624,#625);
#624 = CARTESIAN_POINT('',(-20.1,5.75,1.2));
#625 = VECTOR('',#626,1.);
#626 = DIRECTION('',(0.,-1.,0.));
#627 = ORIENTED_EDGE('',*,*,#628,.F.);
#628 = EDGE_CURVE('',#629,#621,#631,.T.);
#629 = VERTEX_POINT('',#630);
#630 = CARTESIAN_POINT('',(-16.32,1.2,1.2));
#631 = LINE('',#632,#633);
#632 = CARTESIAN_POINT('',(10.65,1.2,1.2));
#633 = VECTOR('',#634,1.);
#634 = DIRECTION('',(-1.,0.,0.));
#635 = ORIENTED_EDGE('',*,*,#636,.F.);
#636 = EDGE_CURVE('',#637,#629,#639,.T.);
#637 = VERTEX_POINT('',#638);
#638 = CARTESIAN_POINT('',(-16.32,-1.2,1.2));
#639 = LINE('',#640,#641);
#640 = CARTESIAN_POINT('',(-16.32,1.904047724236E-16,1.2));
#641 = VECTOR('',#642,1.);
#642 = DIRECTION('',(0.,1.,0.));
#643 = ORIENTED_EDGE('',*,*,#644,.F.);
#644 = EDGE_CURVE('',#645,#637,#647,.T.);
#645 = VERTEX_POINT('',#646);
#646 = CARTESIAN_POINT('',(-20.1,-1.2,1.2));
#647 = LINE('',#648,#649);
#648 = CARTESIAN_POINT('',(-10.65,-1.2,1.2));
#649 = VECTOR('',#650,1.);
#650 = DIRECTION('',(1.,0.,0.));
#651 = ORIENTED_EDGE('',*,*,#652,.T.);
#652 = EDGE_CURVE('',#645,#653,#655,.T.);
#653 = VERTEX_POINT('',#654);
#654 = CARTESIAN_POINT('',(-20.1,-3.98,1.2));
#655 = LINE('',#656,#657);
#656 = CARTESIAN_POINT('',(-20.1,5.75,1.2));
#657 = VECTOR('',#658,1.);
#658 = DIRECTION('',(0.,-1.,0.));
#659 = ORIENTED_EDGE('',*,*,#660,.F.);
#660 = EDGE_CURVE('',#661,#653,#663,.T.);
#661 = VERTEX_POINT('',#662);
#662 = CARTESIAN_POINT('',(-22.5,-3.98,1.2));
#663 = LINE('',#664,#665);
#664 = CARTESIAN_POINT('',(0.,-3.98,1.2));
#665 = VECTOR('',#666,1.);
#666 = DIRECTION('',(1.,0.,0.));
#667 = ORIENTED_EDGE('',*,*,#668,.T.);
#668 = EDGE_CURVE('',#661,#669,#671,.T.);
#669 = VERTEX_POINT('',#670);
#670 = CARTESIAN_POINT('',(-22.5,-11.5,1.2));
#671 = LINE('',#672,#673);
#672 = CARTESIAN_POINT('',(-22.5,11.5,1.2));
#673 = VECTOR('',#674,1.);
#674 = DIRECTION('',(0.,-1.,0.));
#675 = ORIENTED_EDGE('',*,*,#676,.T.);
#676 = EDGE_CURVE('',#669,#677,#679,.T.);
#677 = VERTEX_POINT('',#678);
#678 = CARTESIAN_POINT('',(-22.44370254975,-12.32,1.2));
#679 = CIRCLE('',#680,6.);
#680 = AXIS2_PLACEMENT_3D('',#681,#682,#683);
#681 = CARTESIAN_POINT('',(-16.5,-11.5,1.2));
#682 = DIRECTION('',(0.,0.,1.));
#683 = DIRECTION('',(1.,0.,0.));
#684 = ORIENTED_EDGE('',*,*,#685,.F.);
#685 = EDGE_CURVE('',#686,#677,#688,.T.);
#686 = VERTEX_POINT('',#687);
#687 = CARTESIAN_POINT('',(-20.00536731313,-12.32,1.2));
#688 = LINE('',#689,#690);
#689 = CARTESIAN_POINT('',(0.,-12.32,1.2));
#690 = VECTOR('',#691,1.);
#691 = DIRECTION('',(-1.,0.,0.));
#692 = ORIENTED_EDGE('',*,*,#693,.F.);
#693 = EDGE_CURVE('',#694,#686,#696,.T.);
#694 = VERTEX_POINT('',#695);
#695 = CARTESIAN_POINT('',(-16.5,-15.1,1.2));
#696 = CIRCLE('',#697,3.6);
#697 = AXIS2_PLACEMENT_3D('',#698,#699,#700);
#698 = CARTESIAN_POINT('',(-16.5,-11.5,1.2));
#699 = DIRECTION('',(0.,0.,-1.));
#700 = DIRECTION('',(1.,0.,0.));
#701 = ORIENTED_EDGE('',*,*,#702,.T.);
#702 = EDGE_CURVE('',#694,#703,#705,.T.);
#703 = VERTEX_POINT('',#704);
#704 = CARTESIAN_POINT('',(-16.32,-15.1,1.2));
#705 = LINE('',#706,#707);
#706 = CARTESIAN_POINT('',(-8.25,-15.1,1.2));
#707 = VECTOR('',#708,1.);
#708 = DIRECTION('',(1.,0.,0.));
#709 = ORIENTED_EDGE('',*,*,#710,.F.);
#710 = EDGE_CURVE('',#711,#703,#713,.T.);
#711 = VERTEX_POINT('',#712);
#712 = CARTESIAN_POINT('',(-16.32,-17.5,1.2));
#713 = LINE('',#714,#715);
#714 = CARTESIAN_POINT('',(-16.32,1.904047724236E-16,1.2));
#715 = VECTOR('',#716,1.);
#716 = DIRECTION('',(0.,1.,0.));
#717 = ORIENTED_EDGE('',*,*,#718,.T.);
#718 = EDGE_CURVE('',#711,#719,#721,.T.);
#719 = VERTEX_POINT('',#720);
#720 = CARTESIAN_POINT('',(-4.98,-17.5,1.2));
#721 = LINE('',#722,#723);
#722 = CARTESIAN_POINT('',(-16.5,-17.5,1.2));
#723 = VECTOR('',#724,1.);
#724 = DIRECTION('',(1.,0.,0.));
#725 = ORIENTED_EDGE('',*,*,#726,.F.);
#726 = EDGE_CURVE('',#727,#719,#729,.T.);
#727 = VERTEX_POINT('',#728);
#728 = CARTESIAN_POINT('',(-4.98,-15.1,1.2));
#729 = LINE('',#730,#731);
#730 = CARTESIAN_POINT('',(-4.98,1.904047724236E-16,1.2));
#731 = VECTOR('',#732,1.);
#732 = DIRECTION('',(0.,-1.,0.));
#733 = ORIENTED_EDGE('',*,*,#734,.T.);
#734 = EDGE_CURVE('',#727,#735,#737,.T.);
#735 = VERTEX_POINT('',#736);
#736 = CARTESIAN_POINT('',(-1.2,-15.1,1.2));
#737 = LINE('',#738,#739);
#738 = CARTESIAN_POINT('',(-8.25,-15.1,1.2));
#739 = VECTOR('',#740,1.);
#740 = DIRECTION('',(1.,0.,0.));
#741 = ORIENTED_EDGE('',*,*,#742,.F.);
#742 = EDGE_CURVE('',#743,#735,#745,.T.);
#743 = VERTEX_POINT('',#744);
#744 = CARTESIAN_POINT('',(-1.2,-12.32,1.2));
#745 = LINE('',#746,#747);
#746 = CARTESIAN_POINT('',(-1.2,8.15,1.2));
#747 = VECTOR('',#748,1.);
#748 = DIRECTION('',(0.,-1.,0.));
#749 = ORIENTED_EDGE('',*,*,#750,.F.);
#750 = EDGE_CURVE('',#751,#743,#753,.T.);
#751 = VERTEX_POINT('',#752);
#752 = CARTESIAN_POINT('',(1.2,-12.32,1.2));
#753 = LINE('',#754,#755);
#754 = CARTESIAN_POINT('',(0.,-12.32,1.2));
#755 = VECTOR('',#756,1.);
#756 = DIRECTION('',(-1.,0.,0.));
#757 = ORIENTED_EDGE('',*,*,#758,.F.);
#758 = EDGE_CURVE('',#759,#751,#761,.T.);
#759 = VERTEX_POINT('',#760);
#760 = CARTESIAN_POINT('',(1.2,-15.1,1.2));
#761 = LINE('',#762,#763);
#762 = CARTESIAN_POINT('',(1.2,-8.15,1.2));
#763 = VECTOR('',#764,1.);
#764 = DIRECTION('',(0.,1.,0.));
#765 = ORIENTED_EDGE('',*,*,#766,.T.);
#766 = EDGE_CURVE('',#759,#767,#769,.T.);
#767 = VERTEX_POINT('',#768);
#768 = CARTESIAN_POINT('',(4.98,-15.1,1.2));
#769 = LINE('',#770,#771);
#770 = CARTESIAN_POINT('',(-8.25,-15.1,1.2));
#771 = VECTOR('',#772,1.);
#772 = DIRECTION('',(1.,0.,0.));
#773 = ORIENTED_EDGE('',*,*,#774,.F.);
#774 = EDGE_CURVE('',#775,#767,#777,.T.);
#775 = VERTEX_POINT('',#776);
#776 = CARTESIAN_POINT('',(4.98,-17.5,1.2));
#777 = LINE('',#778,#779);
#778 = CARTESIAN_POINT('',(4.98,1.904047724236E-16,1.2));
#779 = VECTOR('',#780,1.);
#780 = DIRECTION('',(0.,1.,0.));
#781 = ORIENTED_EDGE('',*,*,#782,.T.);
#782 = EDGE_CURVE('',#775,#783,#785,.T.);
#783 = VERTEX_POINT('',#784);
#784 = CARTESIAN_POINT('',(16.32,-17.5,1.2));
#785 = LINE('',#786,#787);
#786 = CARTESIAN_POINT('',(-16.5,-17.5,1.2));
#787 = VECTOR('',#788,1.);
#788 = DIRECTION('',(1.,0.,0.));
#789 = ORIENTED_EDGE('',*,*,#790,.F.);
#790 = EDGE_CURVE('',#791,#783,#793,.T.);
#791 = VERTEX_POINT('',#792);
#792 = CARTESIAN_POINT('',(16.32,-15.1,1.2));
#793 = LINE('',#794,#795);
#794 = CARTESIAN_POINT('',(16.32,1.904047724236E-16,1.2));
#795 = VECTOR('',#796,1.);
#796 = DIRECTION('',(0.,-1.,0.));
#797 = ORIENTED_EDGE('',*,*,#798,.T.);
#798 = EDGE_CURVE('',#791,#799,#801,.T.);
#799 = VERTEX_POINT('',#800);
#800 = CARTESIAN_POINT('',(16.5,-15.1,1.2));
#801 = LINE('',#802,#803);
#802 = CARTESIAN_POINT('',(-8.25,-15.1,1.2));
#803 = VECTOR('',#804,1.);
#804 = DIRECTION('',(1.,0.,0.));
#805 = ORIENTED_EDGE('',*,*,#806,.F.);
#806 = EDGE_CURVE('',#807,#799,#809,.T.);
#807 = VERTEX_POINT('',#808);
#808 = CARTESIAN_POINT('',(20.005367313136,-12.32,1.2));
#809 = CIRCLE('',#810,3.6);
#810 = AXIS2_PLACEMENT_3D('',#811,#812,#813);
#811 = CARTESIAN_POINT('',(16.5,-11.5,1.2));
#812 = DIRECTION('',(0.,0.,-1.));
#813 = DIRECTION('',(1.,0.,0.));
#814 = ORIENTED_EDGE('',*,*,#815,.F.);
#815 = EDGE_CURVE('',#816,#807,#818,.T.);
#816 = VERTEX_POINT('',#817);
#817 = CARTESIAN_POINT('',(22.443702549758,-12.32,1.2));
#818 = LINE('',#819,#820);
#819 = CARTESIAN_POINT('',(0.,-12.32,1.2));
#820 = VECTOR('',#821,1.);
#821 = DIRECTION('',(-1.,0.,0.));
#822 = ORIENTED_EDGE('',*,*,#823,.T.);
#823 = EDGE_CURVE('',#816,#824,#826,.T.);
#824 = VERTEX_POINT('',#825);
#825 = CARTESIAN_POINT('',(22.5,-11.5,1.2));
#826 = CIRCLE('',#827,6.);
#827 = AXIS2_PLACEMENT_3D('',#828,#829,#830);
#828 = CARTESIAN_POINT('',(16.5,-11.5,1.2));
#829 = DIRECTION('',(0.,0.,1.));
#830 = DIRECTION('',(1.,0.,0.));
#831 = ORIENTED_EDGE('',*,*,#832,.T.);
#832 = EDGE_CURVE('',#824,#833,#835,.T.);
#833 = VERTEX_POINT('',#834);
#834 = CARTESIAN_POINT('',(22.5,-3.98,1.2));
#835 = LINE('',#836,#837);
#836 = CARTESIAN_POINT('',(22.5,-11.5,1.2));
#837 = VECTOR('',#838,1.);
#838 = DIRECTION('',(0.,1.,0.));
#839 = ORIENTED_EDGE('',*,*,#840,.F.);
#840 = EDGE_CURVE('',#841,#833,#843,.T.);
#841 = VERTEX_POINT('',#842);
#842 = CARTESIAN_POINT('',(20.1,-3.98,1.2));
#843 = LINE('',#844,#845);
#844 = CARTESIAN_POINT('',(0.,-3.98,1.2));
#845 = VECTOR('',#846,1.);
#846 = DIRECTION('',(1.,0.,0.));
#847 = ORIENTED_EDGE('',*,*,#848,.T.);
#848 = EDGE_CURVE('',#841,#849,#851,.T.);
#849 = VERTEX_POINT('',#850);
#850 = CARTESIAN_POINT('',(20.1,-1.2,1.2));
#851 = LINE('',#852,#853);
#852 = CARTESIAN_POINT('',(20.1,-5.75,1.2));
#853 = VECTOR('',#854,1.);
#854 = DIRECTION('',(0.,1.,0.));
#855 = ORIENTED_EDGE('',*,*,#856,.F.);
#856 = EDGE_CURVE('',#857,#849,#859,.T.);
#857 = VERTEX_POINT('',#858);
#858 = CARTESIAN_POINT('',(16.32,-1.2,1.2));
#859 = LINE('',#860,#861);
#860 = CARTESIAN_POINT('',(-10.65,-1.2,1.2));
#861 = VECTOR('',#862,1.);
#862 = DIRECTION('',(1.,0.,0.));
#863 = ORIENTED_EDGE('',*,*,#864,.F.);
#864 = EDGE_CURVE('',#865,#857,#867,.T.);
#865 = VERTEX_POINT('',#866);
#866 = CARTESIAN_POINT('',(16.32,1.2,1.2));
#867 = LINE('',#868,#869);
#868 = CARTESIAN_POINT('',(16.32,1.904047724236E-16,1.2));
#869 = VECTOR('',#870,1.);
#870 = DIRECTION('',(0.,-1.,0.));
#871 = ORIENTED_EDGE('',*,*,#872,.F.);
#872 = EDGE_CURVE('',#142,#865,#873,.T.);
#873 = LINE('',#874,#875);
#874 = CARTESIAN_POINT('',(10.65,1.2,1.2));
#875 = VECTOR('',#876,1.);
#876 = DIRECTION('',(-1.,0.,0.));
#877 = ORIENTED_EDGE('',*,*,#141,.T.);
#878 = ORIENTED_EDGE('',*,*,#879,.F.);
#879 = EDGE_CURVE('',#456,#144,#880,.T.);
#880 = LINE('',#881,#882);
#881 = CARTESIAN_POINT('',(0.,3.98,1.2));
#882 = VECTOR('',#883,1.);
#883 = DIRECTION('',(-1.,0.,0.));
#884 = FACE_BOUND('',#885,.T.);
#885 = EDGE_LOOP('',(#886,#896,#904,#912,#920,#928,#936,#944,#952,#960,
    #968,#976));
#886 = ORIENTED_EDGE('',*,*,#887,.F.);
#887 = EDGE_CURVE('',#888,#890,#892,.T.);
#888 = VERTEX_POINT('',#889);
#889 = CARTESIAN_POINT('',(-1.2,3.98,1.2));
#890 = VERTEX_POINT('',#891);
#891 = CARTESIAN_POINT('',(-1.2,1.2,1.2));
#892 = LINE('',#893,#894);
#893 = CARTESIAN_POINT('',(-1.2,8.15,1.2));
#894 = VECTOR('',#895,1.);
#895 = DIRECTION('',(0.,-1.,0.));
#896 = ORIENTED_EDGE('',*,*,#897,.F.);
#897 = EDGE_CURVE('',#898,#888,#900,.T.);
#898 = VERTEX_POINT('',#899);
#899 = CARTESIAN_POINT('',(1.2,3.98,1.2));
#900 = LINE('',#901,#902);
#901 = CARTESIAN_POINT('',(0.,3.98,1.2));
#902 = VECTOR('',#903,1.);
#903 = DIRECTION('',(-1.,0.,0.));
#904 = ORIENTED_EDGE('',*,*,#905,.F.);
#905 = EDGE_CURVE('',#906,#898,#908,.T.);
#906 = VERTEX_POINT('',#907);
#907 = CARTESIAN_POINT('',(1.2,1.2,1.2));
#908 = LINE('',#909,#910);
#909 = CARTESIAN_POINT('',(1.2,-8.15,1.2));
#910 = VECTOR('',#911,1.);
#911 = DIRECTION('',(0.,1.,0.));
#912 = ORIENTED_EDGE('',*,*,#913,.F.);
#913 = EDGE_CURVE('',#914,#906,#916,.T.);
#914 = VERTEX_POINT('',#915);
#915 = CARTESIAN_POINT('',(4.98,1.2,1.2));
#916 = LINE('',#917,#918);
#917 = CARTESIAN_POINT('',(10.65,1.2,1.2));
#918 = VECTOR('',#919,1.);
#919 = DIRECTION('',(-1.,0.,0.));
#920 = ORIENTED_EDGE('',*,*,#921,.F.);
#921 = EDGE_CURVE('',#922,#914,#924,.T.);
#922 = VERTEX_POINT('',#923);
#923 = CARTESIAN_POINT('',(4.98,-1.2,1.2));
#924 = LINE('',#925,#926);
#925 = CARTESIAN_POINT('',(4.98,1.904047724236E-16,1.2));
#926 = VECTOR('',#927,1.);
#927 = DIRECTION('',(0.,1.,0.));
#928 = ORIENTED_EDGE('',*,*,#929,.F.);
#929 = EDGE_CURVE('',#930,#922,#932,.T.);
#930 = VERTEX_POINT('',#931);
#931 = CARTESIAN_POINT('',(1.2,-1.2,1.2));
#932 = LINE('',#933,#934);
#933 = CARTESIAN_POINT('',(-10.65,-1.2,1.2));
#934 = VECTOR('',#935,1.);
#935 = DIRECTION('',(1.,0.,0.));
#936 = ORIENTED_EDGE('',*,*,#937,.F.);
#937 = EDGE_CURVE('',#938,#930,#940,.T.);
#938 = VERTEX_POINT('',#939);
#939 = CARTESIAN_POINT('',(1.2,-3.98,1.2));
#940 = LINE('',#941,#942);
#941 = CARTESIAN_POINT('',(1.2,-8.15,1.2));
#942 = VECTOR('',#943,1.);
#943 = DIRECTION('',(0.,1.,0.));
#944 = ORIENTED_EDGE('',*,*,#945,.F.);
#945 = EDGE_CURVE('',#946,#938,#948,.T.);
#946 = VERTEX_POINT('',#947);
#947 = CARTESIAN_POINT('',(-1.2,-3.98,1.2));
#948 = LINE('',#949,#950);
#949 = CARTESIAN_POINT('',(0.,-3.98,1.2));
#950 = VECTOR('',#951,1.);
#951 = DIRECTION('',(1.,0.,0.));
#952 = ORIENTED_EDGE('',*,*,#953,.F.);
#953 = EDGE_CURVE('',#954,#946,#956,.T.);
#954 = VERTEX_POINT('',#955);
#955 = CARTESIAN_POINT('',(-1.2,-1.2,1.2));
#956 = LINE('',#957,#958);
#957 = CARTESIAN_POINT('',(-1.2,8.15,1.2));
#958 = VECTOR('',#959,1.);
#959 = DIRECTION('',(0.,-1.,0.));
#960 = ORIENTED_EDGE('',*,*,#961,.F.);
#961 = EDGE_CURVE('',#962,#954,#964,.T.);
#962 = VERTEX_POINT('',#963);
#963 = CARTESIAN_POINT('',(-4.98,-1.2,1.2));
#964 = LINE('',#965,#966);
#965 = CARTESIAN_POINT('',(-10.65,-1.2,1.2));
#966 = VECTOR('',#967,1.);
#967 = DIRECTION('',(1.,0.,0.));
#968 = ORIENTED_EDGE('',*,*,#969,.F.);
#969 = EDGE_CURVE('',#970,#962,#972,.T.);
#970 = VERTEX_POINT('',#971);
#971 = CARTESIAN_POINT('',(-4.98,1.2,1.2));
#972 = LINE('',#973,#974);
#973 = CARTESIAN_POINT('',(-4.98,1.904047724236E-16,1.2));
#974 = VECTOR('',#975,1.);
#975 = DIRECTION('',(0.,-1.,0.));
#976 = ORIENTED_EDGE('',*,*,#977,.F.);
#977 = EDGE_CURVE('',#890,#970,#978,.T.);
#978 = LINE('',#979,#980);
#979 = CARTESIAN_POINT('',(10.65,1.2,1.2));
#980 = VECTOR('',#981,1.);
#981 = DIRECTION('',(-1.,0.,0.));
#982 = PLANE('',#983);
#983 = AXIS2_PLACEMENT_3D('',#984,#985,#986);
#984 = CARTESIAN_POINT('',(0.,3.808095448473E-16,1.2));
#985 = DIRECTION('',(0.,0.,1.));
#986 = DIRECTION('',(1.,0.,0.));
#987 = ADVANCED_FACE('',(#988),#1013,.F.);
#988 = FACE_BOUND('',#989,.F.);
#989 = EDGE_LOOP('',(#990,#991,#999,#1007));
#990 = ORIENTED_EDGE('',*,*,#482,.F.);
#991 = ORIENTED_EDGE('',*,*,#992,.T.);
#992 = EDGE_CURVE('',#483,#993,#995,.T.);
#993 = VERTEX_POINT('',#994);
#994 = CARTESIAN_POINT('',(16.32,17.5,7.33));
#995 = LINE('',#996,#997);
#996 = CARTESIAN_POINT('',(16.32,17.5,1.5825));
#997 = VECTOR('',#998,1.);
#998 = DIRECTION('',(0.,0.,1.));
#999 = ORIENTED_EDGE('',*,*,#1000,.F.);
#1000 = EDGE_CURVE('',#1001,#993,#1003,.T.);
#1001 = VERTEX_POINT('',#1002);
#1002 = CARTESIAN_POINT('',(16.32,15.1,7.33));
#1003 = LINE('',#1004,#1005);
#1004 = CARTESIAN_POINT('',(16.32,1.6275869541E-15,7.33));
#1005 = VECTOR('',#1006,1.);
#1006 = DIRECTION('',(0.,1.,-2.22044604925E-16));
#1007 = ORIENTED_EDGE('',*,*,#1008,.F.);
#1008 = EDGE_CURVE('',#475,#1001,#1009,.T.);
#1009 = LINE('',#1010,#1011);
#1010 = CARTESIAN_POINT('',(16.32,15.1,1.5825));
#1011 = VECTOR('',#1012,1.);
#1012 = DIRECTION('',(0.,0.,1.));
#1013 = PLANE('',#1014);
#1014 = AXIS2_PLACEMENT_3D('',#1015,#1016,#1017);
#1015 = CARTESIAN_POINT('',(16.32,0.,3.165));
#1016 = DIRECTION('',(1.,0.,0.));
#1017 = DIRECTION('',(0.,0.,1.));
#1018 = ADVANCED_FACE('',(#1019),#1044,.F.);
#1019 = FACE_BOUND('',#1020,.F.);
#1020 = EDGE_LOOP('',(#1021,#1029,#1030,#1038));
#1021 = ORIENTED_EDGE('',*,*,#1022,.F.);
#1022 = EDGE_CURVE('',#1001,#1023,#1025,.T.);
#1023 = VERTEX_POINT('',#1024);
#1024 = CARTESIAN_POINT('',(10.65,15.1,13.));
#1025 = LINE('',#1026,#1027);
#1026 = CARTESIAN_POINT('',(16.78,15.1,6.87));
#1027 = VECTOR('',#1028,1.);
#1028 = DIRECTION('',(-0.707106781187,0.,0.707106781187));
#1029 = ORIENTED_EDGE('',*,*,#1000,.T.);
#1030 = ORIENTED_EDGE('',*,*,#1031,.T.);
#1031 = EDGE_CURVE('',#993,#1032,#1034,.T.);
#1032 = VERTEX_POINT('',#1033);
#1033 = CARTESIAN_POINT('',(10.65,17.5,13.));
#1034 = LINE('',#1035,#1036);
#1035 = CARTESIAN_POINT('',(16.78,17.5,6.87));
#1036 = VECTOR('',#1037,1.);
#1037 = DIRECTION('',(-0.707106781187,0.,0.707106781187));
#1038 = ORIENTED_EDGE('',*,*,#1039,.T.);
#1039 = EDGE_CURVE('',#1032,#1023,#1040,.T.);
#1040 = LINE('',#1041,#1042);
#1041 = CARTESIAN_POINT('',(10.65,2.886579864025E-15,13.));
#1042 = VECTOR('',#1043,1.);
#1043 = DIRECTION('',(0.,-1.,2.22044604925E-16));
#1044 = PLANE('',#1045);
#1045 = AXIS2_PLACEMENT_3D('',#1046,#1047,#1048);
#1046 = CARTESIAN_POINT('',(13.485,0.,10.165));
#1047 = DIRECTION('',(0.707106781187,1.569518022842E-16,0.707106781187)
  );
#1048 = DIRECTION('',(0.707106781187,2.521446359966E-33,-0.707106781187)
  );
#1049 = ADVANCED_FACE('',(#1050),#1075,.F.);
#1050 = FACE_BOUND('',#1051,.F.);
#1051 = EDGE_LOOP('',(#1052,#1053,#1061,#1069));
#1052 = ORIENTED_EDGE('',*,*,#1039,.F.);
#1053 = ORIENTED_EDGE('',*,*,#1054,.T.);
#1054 = EDGE_CURVE('',#1032,#1055,#1057,.T.);
#1055 = VERTEX_POINT('',#1056);
#1056 = CARTESIAN_POINT('',(4.98,17.5,7.33));
#1057 = LINE('',#1058,#1059);
#1058 = CARTESIAN_POINT('',(7.445,17.5,9.795));
#1059 = VECTOR('',#1060,1.);
#1060 = DIRECTION('',(-0.707106781187,-0.,-0.707106781187));
#1061 = ORIENTED_EDGE('',*,*,#1062,.T.);
#1062 = EDGE_CURVE('',#1055,#1063,#1065,.T.);
#1063 = VERTEX_POINT('',#1064);
#1064 = CARTESIAN_POINT('',(4.98,15.1,7.33));
#1065 = LINE('',#1066,#1067);
#1066 = CARTESIAN_POINT('',(4.98,1.6275869541E-15,7.33));
#1067 = VECTOR('',#1068,1.);
#1068 = DIRECTION('',(0.,-1.,2.22044604925E-16));
#1069 = ORIENTED_EDGE('',*,*,#1070,.F.);
#1070 = EDGE_CURVE('',#1023,#1063,#1071,.T.);
#1071 = LINE('',#1072,#1073);
#1072 = CARTESIAN_POINT('',(7.445,15.1,9.795));
#1073 = VECTOR('',#1074,1.);
#1074 = DIRECTION('',(-0.707106781187,-0.,-0.707106781187));
#1075 = PLANE('',#1076);
#1076 = AXIS2_PLACEMENT_3D('',#1077,#1078,#1079);
#1077 = CARTESIAN_POINT('',(7.815,0.,10.165));
#1078 = DIRECTION('',(-0.707106781187,1.561705812811E-16,0.707106781187)
  );
#1079 = DIRECTION('',(-0.707106781187,2.233461937325E-33,-0.707106781187
    ));
#1080 = ADVANCED_FACE('',(#1081),#1097,.F.);
#1081 = FACE_BOUND('',#1082,.F.);
#1082 = EDGE_LOOP('',(#1083,#1084,#1090,#1091));
#1083 = ORIENTED_EDGE('',*,*,#1062,.F.);
#1084 = ORIENTED_EDGE('',*,*,#1085,.T.);
#1085 = EDGE_CURVE('',#1055,#491,#1086,.T.);
#1086 = LINE('',#1087,#1088);
#1087 = CARTESIAN_POINT('',(4.98,17.5,1.5825));
#1088 = VECTOR('',#1089,1.);
#1089 = DIRECTION('',(0.,0.,-1.));
#1090 = ORIENTED_EDGE('',*,*,#498,.F.);
#1091 = ORIENTED_EDGE('',*,*,#1092,.F.);
#1092 = EDGE_CURVE('',#1063,#499,#1093,.T.);
#1093 = LINE('',#1094,#1095);
#1094 = CARTESIAN_POINT('',(4.98,15.1,1.5825));
#1095 = VECTOR('',#1096,1.);
#1096 = DIRECTION('',(0.,0.,-1.));
#1097 = PLANE('',#1098);
#1098 = AXIS2_PLACEMENT_3D('',#1099,#1100,#1101);
#1099 = CARTESIAN_POINT('',(4.98,0.,3.165));
#1100 = DIRECTION('',(-1.,-0.,-0.));
#1101 = DIRECTION('',(0.,0.,-1.));
#1102 = ADVANCED_FACE('',(#1103),#1128,.F.);
#1103 = FACE_BOUND('',#1104,.F.);
#1104 = EDGE_LOOP('',(#1105,#1106,#1114,#1122));
#1105 = ORIENTED_EDGE('',*,*,#546,.F.);
#1106 = ORIENTED_EDGE('',*,*,#1107,.T.);
#1107 = EDGE_CURVE('',#547,#1108,#1110,.T.);
#1108 = VERTEX_POINT('',#1109);
#1109 = CARTESIAN_POINT('',(-4.98,17.5,7.33));
#1110 = LINE('',#1111,#1112);
#1111 = CARTESIAN_POINT('',(-4.98,17.5,1.5825));
#1112 = VECTOR('',#1113,1.);
#1113 = DIRECTION('',(0.,0.,1.));
#1114 = ORIENTED_EDGE('',*,*,#1115,.F.);
#1115 = EDGE_CURVE('',#1116,#1108,#1118,.T.);
#1116 = VERTEX_POINT('',#1117);
#1117 = CARTESIAN_POINT('',(-4.98,15.1,7.33));
#1118 = LINE('',#1119,#1120);
#1119 = CARTESIAN_POINT('',(-4.98,1.6275869541E-15,7.33));
#1120 = VECTOR('',#1121,1.);
#1121 = DIRECTION('',(0.,1.,-2.22044604925E-16));
#1122 = ORIENTED_EDGE('',*,*,#1123,.F.);
#1123 = EDGE_CURVE('',#539,#1116,#1124,.T.);
#1124 = LINE('',#1125,#1126);
#1125 = CARTESIAN_POINT('',(-4.98,15.1,1.5825));
#1126 = VECTOR('',#1127,1.);
#1127 = DIRECTION('',(0.,0.,1.));
#1128 = PLANE('',#1129);
#1129 = AXIS2_PLACEMENT_3D('',#1130,#1131,#1132);
#1130 = CARTESIAN_POINT('',(-4.98,0.,3.165));
#1131 = DIRECTION('',(1.,0.,0.));
#1132 = DIRECTION('',(0.,0.,1.));
#1133 = ADVANCED_FACE('',(#1134),#1159,.F.);
#1134 = FACE_BOUND('',#1135,.F.);
#1135 = EDGE_LOOP('',(#1136,#1144,#1145,#1153));
#1136 = ORIENTED_EDGE('',*,*,#1137,.F.);
#1137 = EDGE_CURVE('',#1116,#1138,#1140,.T.);
#1138 = VERTEX_POINT('',#1139);
#1139 = CARTESIAN_POINT('',(-10.65,15.1,13.));
#1140 = LINE('',#1141,#1142);
#1141 = CARTESIAN_POINT('',(0.805,15.1,1.545));
#1142 = VECTOR('',#1143,1.);
#1143 = DIRECTION('',(-0.707106781187,0.,0.707106781187));
#1144 = ORIENTED_EDGE('',*,*,#1115,.T.);
#1145 = ORIENTED_EDGE('',*,*,#1146,.T.);
#1146 = EDGE_CURVE('',#1108,#1147,#1149,.T.);
#1147 = VERTEX_POINT('',#1148);
#1148 = CARTESIAN_POINT('',(-10.65,17.5,13.));
#1149 = LINE('',#1150,#1151);
#1150 = CARTESIAN_POINT('',(0.805,17.5,1.545));
#1151 = VECTOR('',#1152,1.);
#1152 = DIRECTION('',(-0.707106781187,0.,0.707106781187));
#1153 = ORIENTED_EDGE('',*,*,#1154,.T.);
#1154 = EDGE_CURVE('',#1147,#1138,#1155,.T.);
#1155 = LINE('',#1156,#1157);
#1156 = CARTESIAN_POINT('',(-10.65,2.886579864025E-15,13.));
#1157 = VECTOR('',#1158,1.);
#1158 = DIRECTION('',(0.,-1.,2.22044604925E-16));
#1159 = PLANE('',#1160);
#1160 = AXIS2_PLACEMENT_3D('',#1161,#1162,#1163);
#1161 = CARTESIAN_POINT('',(-7.815,0.,10.165));
#1162 = DIRECTION('',(0.707106781187,1.56848510123E-16,0.707106781187));
#1163 = DIRECTION('',(0.707106781187,-3.427358619014E-33,-0.707106781187
    ));
#1164 = ADVANCED_FACE('',(#1165),#1190,.F.);
#1165 = FACE_BOUND('',#1166,.F.);
#1166 = EDGE_LOOP('',(#1167,#1168,#1176,#1184));
#1167 = ORIENTED_EDGE('',*,*,#1154,.F.);
#1168 = ORIENTED_EDGE('',*,*,#1169,.T.);
#1169 = EDGE_CURVE('',#1147,#1170,#1172,.T.);
#1170 = VERTEX_POINT('',#1171);
#1171 = CARTESIAN_POINT('',(-16.32,17.5,7.33));
#1172 = LINE('',#1173,#1174);
#1173 = CARTESIAN_POINT('',(-8.53,17.5,15.12));
#1174 = VECTOR('',#1175,1.);
#1175 = DIRECTION('',(-0.707106781187,-0.,-0.707106781187));
#1176 = ORIENTED_EDGE('',*,*,#1177,.T.);
#1177 = EDGE_CURVE('',#1170,#1178,#1180,.T.);
#1178 = VERTEX_POINT('',#1179);
#1179 = CARTESIAN_POINT('',(-16.32,15.1,7.33));
#1180 = LINE('',#1181,#1182);
#1181 = CARTESIAN_POINT('',(-16.32,1.6275869541E-15,7.33));
#1182 = VECTOR('',#1183,1.);
#1183 = DIRECTION('',(0.,-1.,2.22044604925E-16));
#1184 = ORIENTED_EDGE('',*,*,#1185,.F.);
#1185 = EDGE_CURVE('',#1138,#1178,#1186,.T.);
#1186 = LINE('',#1187,#1188);
#1187 = CARTESIAN_POINT('',(-8.53,15.1,15.12));
#1188 = VECTOR('',#1189,1.);
#1189 = DIRECTION('',(-0.707106781187,-0.,-0.707106781187));
#1190 = PLANE('',#1191);
#1191 = AXIS2_PLACEMENT_3D('',#1192,#1193,#1194);
#1192 = CARTESIAN_POINT('',(-13.485,0.,10.165));
#1193 = DIRECTION('',(-0.707106781187,1.556475906809E-16,0.707106781187)
  );
#1194 = DIRECTION('',(-0.707106781187,-2.13420857757E-33,-0.707106781187
    ));
#1195 = ADVANCED_FACE('',(#1196),#1212,.F.);
#1196 = FACE_BOUND('',#1197,.F.);
#1197 = EDGE_LOOP('',(#1198,#1199,#1205,#1206));
#1198 = ORIENTED_EDGE('',*,*,#1177,.F.);
#1199 = ORIENTED_EDGE('',*,*,#1200,.T.);
#1200 = EDGE_CURVE('',#1170,#555,#1201,.T.);
#1201 = LINE('',#1202,#1203);
#1202 = CARTESIAN_POINT('',(-16.32,17.5,1.5825));
#1203 = VECTOR('',#1204,1.);
#1204 = DIRECTION('',(0.,0.,-1.));
#1205 = ORIENTED_EDGE('',*,*,#562,.F.);
#1206 = ORIENTED_EDGE('',*,*,#1207,.F.);
#1207 = EDGE_CURVE('',#1178,#563,#1208,.T.);
#1208 = LINE('',#1209,#1210);
#1209 = CARTESIAN_POINT('',(-16.32,15.1,1.5825));
#1210 = VECTOR('',#1211,1.);
#1211 = DIRECTION('',(0.,0.,-1.));
#1212 = PLANE('',#1213);
#1213 = AXIS2_PLACEMENT_3D('',#1214,#1215,#1216);
#1214 = CARTESIAN_POINT('',(-16.32,0.,3.165));
#1215 = DIRECTION('',(-1.,-0.,-0.));
#1216 = DIRECTION('',(0.,0.,-1.));
#1217 = ADVANCED_FACE('',(#1218),#1239,.T.);
#1218 = FACE_BOUND('',#1219,.T.);
#1219 = EDGE_LOOP('',(#1220,#1221,#1227,#1228,#1234,#1235,#1236,#1237,
    #1238));
#1220 = ORIENTED_EDGE('',*,*,#538,.F.);
#1221 = ORIENTED_EDGE('',*,*,#1222,.T.);
#1222 = EDGE_CURVE('',#531,#260,#1223,.T.);
#1223 = LINE('',#1224,#1225);
#1224 = CARTESIAN_POINT('',(-1.2,15.1,0.));
#1225 = VECTOR('',#1226,1.);
#1226 = DIRECTION('',(0.,0.,1.));
#1227 = ORIENTED_EDGE('',*,*,#259,.T.);
#1228 = ORIENTED_EDGE('',*,*,#1229,.F.);
#1229 = EDGE_CURVE('',#571,#262,#1230,.T.);
#1230 = LINE('',#1231,#1232);
#1231 = CARTESIAN_POINT('',(-16.5,15.1,0.));
#1232 = VECTOR('',#1233,1.);
#1233 = DIRECTION('',(0.,0.,1.));
#1234 = ORIENTED_EDGE('',*,*,#570,.F.);
#1235 = ORIENTED_EDGE('',*,*,#1207,.F.);
#1236 = ORIENTED_EDGE('',*,*,#1185,.F.);
#1237 = ORIENTED_EDGE('',*,*,#1137,.F.);
#1238 = ORIENTED_EDGE('',*,*,#1123,.F.);
#1239 = PLANE('',#1240);
#1240 = AXIS2_PLACEMENT_3D('',#1241,#1242,#1243);
#1241 = CARTESIAN_POINT('',(16.5,15.1,0.));
#1242 = DIRECTION('',(0.,-1.,0.));
#1243 = DIRECTION('',(-1.,0.,0.));
#1244 = ADVANCED_FACE('',(#1245),#1287,.F.);
#1245 = FACE_BOUND('',#1246,.F.);
#1246 = EDGE_LOOP('',(#1247,#1248,#1249,#1250,#1256,#1257,#1265,#1273,
    #1281));
#1247 = ORIENTED_EDGE('',*,*,#530,.F.);
#1248 = ORIENTED_EDGE('',*,*,#1222,.T.);
#1249 = ORIENTED_EDGE('',*,*,#269,.T.);
#1250 = ORIENTED_EDGE('',*,*,#1251,.F.);
#1251 = EDGE_CURVE('',#890,#270,#1252,.T.);
#1252 = LINE('',#1253,#1254);
#1253 = CARTESIAN_POINT('',(-1.2,1.2,0.));
#1254 = VECTOR('',#1255,1.);
#1255 = DIRECTION('',(0.,0.,1.));
#1256 = ORIENTED_EDGE('',*,*,#887,.F.);
#1257 = ORIENTED_EDGE('',*,*,#1258,.F.);
#1258 = EDGE_CURVE('',#1259,#888,#1261,.T.);
#1259 = VERTEX_POINT('',#1260);
#1260 = CARTESIAN_POINT('',(-1.2,3.98,8.83));
#1261 = LINE('',#1262,#1263);
#1262 = CARTESIAN_POINT('',(-1.2,3.98,1.9575));
#1263 = VECTOR('',#1264,1.);
#1264 = DIRECTION('',(0.,0.,-1.));
#1265 = ORIENTED_EDGE('',*,*,#1266,.F.);
#1266 = EDGE_CURVE('',#1267,#1259,#1269,.T.);
#1267 = VERTEX_POINT('',#1268);
#1268 = CARTESIAN_POINT('',(-1.2,8.15,13.));
#1269 = LINE('',#1270,#1271);
#1270 = CARTESIAN_POINT('',(-1.2,5.895,10.745));
#1271 = VECTOR('',#1272,1.);
#1272 = DIRECTION('',(0.,-0.707106781187,-0.707106781187));
#1273 = ORIENTED_EDGE('',*,*,#1274,.F.);
#1274 = EDGE_CURVE('',#1275,#1267,#1277,.T.);
#1275 = VERTEX_POINT('',#1276);
#1276 = CARTESIAN_POINT('',(-1.2,12.32,8.83));
#1277 = LINE('',#1278,#1279);
#1278 = CARTESIAN_POINT('',(-1.2,14.48,6.67));
#1279 = VECTOR('',#1280,1.);
#1280 = DIRECTION('',(0.,-0.707106781187,0.707106781187));
#1281 = ORIENTED_EDGE('',*,*,#1282,.F.);
#1282 = EDGE_CURVE('',#523,#1275,#1283,.T.);
#1283 = LINE('',#1284,#1285);
#1284 = CARTESIAN_POINT('',(-1.2,12.32,1.9575));
#1285 = VECTOR('',#1286,1.);
#1286 = DIRECTION('',(0.,0.,1.));
#1287 = PLANE('',#1288);
#1288 = AXIS2_PLACEMENT_3D('',#1289,#1290,#1291);
#1289 = CARTESIAN_POINT('',(-1.2,16.3,0.));
#1290 = DIRECTION('',(1.,0.,0.));
#1291 = DIRECTION('',(0.,-1.,0.));
#1292 = ADVANCED_FACE('',(#1293),#1335,.F.);
#1293 = FACE_BOUND('',#1294,.F.);
#1294 = EDGE_LOOP('',(#1295,#1296,#1297,#1298,#1304,#1305,#1313,#1321,
    #1329));
#1295 = ORIENTED_EDGE('',*,*,#977,.F.);
#1296 = ORIENTED_EDGE('',*,*,#1251,.T.);
#1297 = ORIENTED_EDGE('',*,*,#277,.T.);
#1298 = ORIENTED_EDGE('',*,*,#1299,.T.);
#1299 = EDGE_CURVE('',#278,#621,#1300,.T.);
#1300 = LINE('',#1301,#1302);
#1301 = CARTESIAN_POINT('',(-20.1,1.2,0.));
#1302 = VECTOR('',#1303,1.);
#1303 = DIRECTION('',(0.,0.,-1.));
#1304 = ORIENTED_EDGE('',*,*,#628,.F.);
#1305 = ORIENTED_EDGE('',*,*,#1306,.F.);
#1306 = EDGE_CURVE('',#1307,#629,#1309,.T.);
#1307 = VERTEX_POINT('',#1308);
#1308 = CARTESIAN_POINT('',(-16.32,1.2,7.33));
#1309 = LINE('',#1310,#1311);
#1310 = CARTESIAN_POINT('',(-16.32,1.2,1.5825));
#1311 = VECTOR('',#1312,1.);
#1312 = DIRECTION('',(0.,0.,-1.));
#1313 = ORIENTED_EDGE('',*,*,#1314,.F.);
#1314 = EDGE_CURVE('',#1315,#1307,#1317,.T.);
#1315 = VERTEX_POINT('',#1316);
#1316 = CARTESIAN_POINT('',(-10.65,1.2,13.));
#1317 = LINE('',#1318,#1319);
#1318 = CARTESIAN_POINT('',(-7.33,1.2,16.32));
#1319 = VECTOR('',#1320,1.);
#1320 = DIRECTION('',(-0.707106781187,-0.,-0.707106781187));
#1321 = ORIENTED_EDGE('',*,*,#1322,.F.);
#1322 = EDGE_CURVE('',#1323,#1315,#1325,.T.);
#1323 = VERTEX_POINT('',#1324);
#1324 = CARTESIAN_POINT('',(-4.98,1.2,7.33));
#1325 = LINE('',#1326,#1327);
#1326 = CARTESIAN_POINT('',(2.005,1.2,0.345));
#1327 = VECTOR('',#1328,1.);
#1328 = DIRECTION('',(-0.707106781187,0.,0.707106781187));
#1329 = ORIENTED_EDGE('',*,*,#1330,.F.);
#1330 = EDGE_CURVE('',#970,#1323,#1331,.T.);
#1331 = LINE('',#1332,#1333);
#1332 = CARTESIAN_POINT('',(-4.98,1.2,1.5825));
#1333 = VECTOR('',#1334,1.);
#1334 = DIRECTION('',(0.,0.,1.));
#1335 = PLANE('',#1336);
#1336 = AXIS2_PLACEMENT_3D('',#1337,#1338,#1339);
#1337 = CARTESIAN_POINT('',(21.3,1.2,0.));
#1338 = DIRECTION('',(0.,-1.,0.));
#1339 = DIRECTION('',(-1.,0.,0.));
#1340 = ADVANCED_FACE('',(#1341),#1376,.T.);
#1341 = FACE_BOUND('',#1342,.T.);
#1342 = EDGE_LOOP('',(#1343,#1344,#1352,#1360,#1368,#1374,#1375));
#1343 = ORIENTED_EDGE('',*,*,#620,.F.);
#1344 = ORIENTED_EDGE('',*,*,#1345,.F.);
#1345 = EDGE_CURVE('',#1346,#613,#1348,.T.);
#1346 = VERTEX_POINT('',#1347);
#1347 = CARTESIAN_POINT('',(-20.1,3.98,8.83));
#1348 = LINE('',#1349,#1350);
#1349 = CARTESIAN_POINT('',(-20.1,3.98,1.9575));
#1350 = VECTOR('',#1351,1.);
#1351 = DIRECTION('',(0.,0.,-1.));
#1352 = ORIENTED_EDGE('',*,*,#1353,.F.);
#1353 = EDGE_CURVE('',#1354,#1346,#1356,.T.);
#1354 = VERTEX_POINT('',#1355);
#1355 = CARTESIAN_POINT('',(-20.1,8.15,13.));
#1356 = LINE('',#1357,#1358);
#1357 = CARTESIAN_POINT('',(-20.1,4.695,9.545));
#1358 = VECTOR('',#1359,1.);
#1359 = DIRECTION('',(0.,-0.707106781187,-0.707106781187));
#1360 = ORIENTED_EDGE('',*,*,#1361,.F.);
#1361 = EDGE_CURVE('',#1362,#1354,#1364,.T.);
#1362 = VERTEX_POINT('',#1363);
#1363 = CARTESIAN_POINT('',(-20.1,11.5,9.65));
#1364 = LINE('',#1365,#1366);
#1365 = CARTESIAN_POINT('',(-20.1,13.28,7.87));
#1366 = VECTOR('',#1367,1.);
#1367 = DIRECTION('',(0.,-0.707106781187,0.707106781187));
#1368 = ORIENTED_EDGE('',*,*,#1369,.T.);
#1369 = EDGE_CURVE('',#1362,#286,#1370,.T.);
#1370 = LINE('',#1371,#1372);
#1371 = CARTESIAN_POINT('',(-20.1,11.5,0.));
#1372 = VECTOR('',#1373,1.);
#1373 = DIRECTION('',(0.,0.,1.));
#1374 = ORIENTED_EDGE('',*,*,#285,.T.);
#1375 = ORIENTED_EDGE('',*,*,#1299,.T.);
#1376 = PLANE('',#1377);
#1377 = AXIS2_PLACEMENT_3D('',#1378,#1379,#1380);
#1378 = CARTESIAN_POINT('',(-20.1,11.5,0.));
#1379 = DIRECTION('',(1.,0.,0.));
#1380 = DIRECTION('',(0.,-1.,0.));
#1381 = ADVANCED_FACE('',(#1382),#1403,.F.);
#1382 = FACE_BOUND('',#1383,.T.);
#1383 = EDGE_LOOP('',(#1384,#1385,#1386,#1387,#1388,#1397));
#1384 = ORIENTED_EDGE('',*,*,#578,.T.);
#1385 = ORIENTED_EDGE('',*,*,#1229,.T.);
#1386 = ORIENTED_EDGE('',*,*,#293,.T.);
#1387 = ORIENTED_EDGE('',*,*,#1369,.F.);
#1388 = ORIENTED_EDGE('',*,*,#1389,.F.);
#1389 = EDGE_CURVE('',#1390,#1362,#1392,.T.);
#1390 = VERTEX_POINT('',#1391);
#1391 = CARTESIAN_POINT('',(-20.00536731313,12.32,8.83));
#1392 = ELLIPSE('',#1393,5.091168824543,3.6);
#1393 = AXIS2_PLACEMENT_3D('',#1394,#1395,#1396);
#1394 = CARTESIAN_POINT('',(-16.5,11.5,9.65));
#1395 = DIRECTION('',(0.,0.707106781187,0.707106781187));
#1396 = DIRECTION('',(0.,0.707106781187,-0.707106781187));
#1397 = ORIENTED_EDGE('',*,*,#1398,.T.);
#1398 = EDGE_CURVE('',#1390,#579,#1399,.T.);
#1399 = LINE('',#1400,#1401);
#1400 = CARTESIAN_POINT('',(-20.00536731313,12.32,0.));
#1401 = VECTOR('',#1402,1.);
#1402 = DIRECTION('',(-0.,-0.,-1.));
#1403 = CYLINDRICAL_SURFACE('',#1404,3.6);
#1404 = AXIS2_PLACEMENT_3D('',#1405,#1406,#1407);
#1405 = CARTESIAN_POINT('',(-16.5,11.5,0.));
#1406 = DIRECTION('',(-0.,-0.,-1.));
#1407 = DIRECTION('',(1.,0.,0.));
#1408 = ADVANCED_FACE('',(#1409),#1456,.T.);
#1409 = FACE_BOUND('',#1410,.T.);
#1410 = EDGE_LOOP('',(#1411,#1412,#1418,#1419,#1425,#1426,#1434,#1442,
    #1450));
#1411 = ORIENTED_EDGE('',*,*,#766,.F.);
#1412 = ORIENTED_EDGE('',*,*,#1413,.T.);
#1413 = EDGE_CURVE('',#759,#303,#1414,.T.);
#1414 = LINE('',#1415,#1416);
#1415 = CARTESIAN_POINT('',(1.2,-15.1,0.));
#1416 = VECTOR('',#1417,1.);
#1417 = DIRECTION('',(0.,0.,1.));
#1418 = ORIENTED_EDGE('',*,*,#302,.T.);
#1419 = ORIENTED_EDGE('',*,*,#1420,.F.);
#1420 = EDGE_CURVE('',#799,#305,#1421,.T.);
#1421 = LINE('',#1422,#1423);
#1422 = CARTESIAN_POINT('',(16.5,-15.1,0.));
#1423 = VECTOR('',#1424,1.);
#1424 = DIRECTION('',(0.,0.,1.));
#1425 = ORIENTED_EDGE('',*,*,#798,.F.);
#1426 = ORIENTED_EDGE('',*,*,#1427,.F.);
#1427 = EDGE_CURVE('',#1428,#791,#1430,.T.);
#1428 = VERTEX_POINT('',#1429);
#1429 = CARTESIAN_POINT('',(16.32,-15.1,7.33));
#1430 = LINE('',#1431,#1432);
#1431 = CARTESIAN_POINT('',(16.32,-15.1,1.5825));
#1432 = VECTOR('',#1433,1.);
#1433 = DIRECTION('',(0.,0.,-1.));
#1434 = ORIENTED_EDGE('',*,*,#1435,.F.);
#1435 = EDGE_CURVE('',#1436,#1428,#1438,.T.);
#1436 = VERTEX_POINT('',#1437);
#1437 = CARTESIAN_POINT('',(10.65,-15.1,13.));
#1438 = LINE('',#1439,#1440);
#1439 = CARTESIAN_POINT('',(8.53,-15.1,15.12));
#1440 = VECTOR('',#1441,1.);
#1441 = DIRECTION('',(0.707106781187,0.,-0.707106781187));
#1442 = ORIENTED_EDGE('',*,*,#1443,.F.);
#1443 = EDGE_CURVE('',#1444,#1436,#1446,.T.);
#1444 = VERTEX_POINT('',#1445);
#1445 = CARTESIAN_POINT('',(4.98,-15.1,7.33));
#1446 = LINE('',#1447,#1448);
#1447 = CARTESIAN_POINT('',(-0.805,-15.1,1.545));
#1448 = VECTOR('',#1449,1.);
#1449 = DIRECTION('',(0.707106781187,0.,0.707106781187));
#1450 = ORIENTED_EDGE('',*,*,#1451,.F.);
#1451 = EDGE_CURVE('',#767,#1444,#1452,.T.);
#1452 = LINE('',#1453,#1454);
#1453 = CARTESIAN_POINT('',(4.98,-15.1,1.5825));
#1454 = VECTOR('',#1455,1.);
#1455 = DIRECTION('',(0.,0.,1.));
#1456 = PLANE('',#1457);
#1457 = AXIS2_PLACEMENT_3D('',#1458,#1459,#1460);
#1458 = CARTESIAN_POINT('',(-16.5,-15.1,0.));
#1459 = DIRECTION('',(0.,1.,0.));
#1460 = DIRECTION('',(1.,0.,0.));
#1461 = ADVANCED_FACE('',(#1462),#1504,.F.);
#1462 = FACE_BOUND('',#1463,.F.);
#1463 = EDGE_LOOP('',(#1464,#1465,#1466,#1467,#1473,#1474,#1482,#1490,
    #1498));
#1464 = ORIENTED_EDGE('',*,*,#758,.F.);
#1465 = ORIENTED_EDGE('',*,*,#1413,.T.);
#1466 = ORIENTED_EDGE('',*,*,#312,.T.);
#1467 = ORIENTED_EDGE('',*,*,#1468,.F.);
#1468 = EDGE_CURVE('',#930,#313,#1469,.T.);
#1469 = LINE('',#1470,#1471);
#1470 = CARTESIAN_POINT('',(1.2,-1.2,0.));
#1471 = VECTOR('',#1472,1.);
#1472 = DIRECTION('',(0.,0.,1.));
#1473 = ORIENTED_EDGE('',*,*,#937,.F.);
#1474 = ORIENTED_EDGE('',*,*,#1475,.F.);
#1475 = EDGE_CURVE('',#1476,#938,#1478,.T.);
#1476 = VERTEX_POINT('',#1477);
#1477 = CARTESIAN_POINT('',(1.2,-3.98,8.83));
#1478 = LINE('',#1479,#1480);
#1479 = CARTESIAN_POINT('',(1.2,-3.98,1.9575));
#1480 = VECTOR('',#1481,1.);
#1481 = DIRECTION('',(0.,0.,-1.));
#1482 = ORIENTED_EDGE('',*,*,#1483,.F.);
#1483 = EDGE_CURVE('',#1484,#1476,#1486,.T.);
#1484 = VERTEX_POINT('',#1485);
#1485 = CARTESIAN_POINT('',(1.2,-8.15,13.));
#1486 = LINE('',#1487,#1488);
#1487 = CARTESIAN_POINT('',(1.2,-5.895,10.745));
#1488 = VECTOR('',#1489,1.);
#1489 = DIRECTION('',(0.,0.707106781187,-0.707106781187));
#1490 = ORIENTED_EDGE('',*,*,#1491,.F.);
#1491 = EDGE_CURVE('',#1492,#1484,#1494,.T.);
#1492 = VERTEX_POINT('',#1493);
#1493 = CARTESIAN_POINT('',(1.2,-12.32,8.83));
#1494 = LINE('',#1495,#1496);
#1495 = CARTESIAN_POINT('',(1.2,-14.48,6.67));
#1496 = VECTOR('',#1497,1.);
#1497 = DIRECTION('',(0.,0.707106781187,0.707106781187));
#1498 = ORIENTED_EDGE('',*,*,#1499,.F.);
#1499 = EDGE_CURVE('',#751,#1492,#1500,.T.);
#1500 = LINE('',#1501,#1502);
#1501 = CARTESIAN_POINT('',(1.2,-12.32,1.9575));
#1502 = VECTOR('',#1503,1.);
#1503 = DIRECTION('',(0.,0.,1.));
#1504 = PLANE('',#1505);
#1505 = AXIS2_PLACEMENT_3D('',#1506,#1507,#1508);
#1506 = CARTESIAN_POINT('',(1.2,-16.3,0.));
#1507 = DIRECTION('',(-1.,0.,0.));
#1508 = DIRECTION('',(0.,1.,0.));
#1509 = ADVANCED_FACE('',(#1510),#1552,.F.);
#1510 = FACE_BOUND('',#1511,.F.);
#1511 = EDGE_LOOP('',(#1512,#1513,#1514,#1515,#1521,#1522,#1530,#1538,
    #1546));
#1512 = ORIENTED_EDGE('',*,*,#929,.F.);
#1513 = ORIENTED_EDGE('',*,*,#1468,.T.);
#1514 = ORIENTED_EDGE('',*,*,#320,.T.);
#1515 = ORIENTED_EDGE('',*,*,#1516,.T.);
#1516 = EDGE_CURVE('',#321,#849,#1517,.T.);
#1517 = LINE('',#1518,#1519);
#1518 = CARTESIAN_POINT('',(20.1,-1.2,0.));
#1519 = VECTOR('',#1520,1.);
#1520 = DIRECTION('',(0.,0.,-1.));
#1521 = ORIENTED_EDGE('',*,*,#856,.F.);
#1522 = ORIENTED_EDGE('',*,*,#1523,.F.);
#1523 = EDGE_CURVE('',#1524,#857,#1526,.T.);
#1524 = VERTEX_POINT('',#1525);
#1525 = CARTESIAN_POINT('',(16.32,-1.2,7.33));
#1526 = LINE('',#1527,#1528);
#1527 = CARTESIAN_POINT('',(16.32,-1.2,1.5825));
#1528 = VECTOR('',#1529,1.);
#1529 = DIRECTION('',(0.,0.,-1.));
#1530 = ORIENTED_EDGE('',*,*,#1531,.F.);
#1531 = EDGE_CURVE('',#1532,#1524,#1534,.T.);
#1532 = VERTEX_POINT('',#1533);
#1533 = CARTESIAN_POINT('',(10.65,-1.2,13.));
#1534 = LINE('',#1535,#1536);
#1535 = CARTESIAN_POINT('',(7.33,-1.2,16.32));
#1536 = VECTOR('',#1537,1.);
#1537 = DIRECTION('',(0.707106781187,0.,-0.707106781187));
#1538 = ORIENTED_EDGE('',*,*,#1539,.F.);
#1539 = EDGE_CURVE('',#1540,#1532,#1542,.T.);
#1540 = VERTEX_POINT('',#1541);
#1541 = CARTESIAN_POINT('',(4.98,-1.2,7.33));
#1542 = LINE('',#1543,#1544);
#1543 = CARTESIAN_POINT('',(-2.005,-1.2,0.345));
#1544 = VECTOR('',#1545,1.);
#1545 = DIRECTION('',(0.707106781187,0.,0.707106781187));
#1546 = ORIENTED_EDGE('',*,*,#1547,.F.);
#1547 = EDGE_CURVE('',#922,#1540,#1548,.T.);
#1548 = LINE('',#1549,#1550);
#1549 = CARTESIAN_POINT('',(4.98,-1.2,1.5825));
#1550 = VECTOR('',#1551,1.);
#1551 = DIRECTION('',(0.,0.,1.));
#1552 = PLANE('',#1553);
#1553 = AXIS2_PLACEMENT_3D('',#1554,#1555,#1556);
#1554 = CARTESIAN_POINT('',(-21.3,-1.2,0.));
#1555 = DIRECTION('',(0.,1.,0.));
#1556 = DIRECTION('',(1.,0.,0.));
#1557 = ADVANCED_FACE('',(#1558),#1593,.T.);
#1558 = FACE_BOUND('',#1559,.T.);
#1559 = EDGE_LOOP('',(#1560,#1561,#1569,#1577,#1585,#1591,#1592));
#1560 = ORIENTED_EDGE('',*,*,#848,.F.);
#1561 = ORIENTED_EDGE('',*,*,#1562,.F.);
#1562 = EDGE_CURVE('',#1563,#841,#1565,.T.);
#1563 = VERTEX_POINT('',#1564);
#1564 = CARTESIAN_POINT('',(20.1,-3.98,8.83));
#1565 = LINE('',#1566,#1567);
#1566 = CARTESIAN_POINT('',(20.1,-3.98,1.9575));
#1567 = VECTOR('',#1568,1.);
#1568 = DIRECTION('',(0.,0.,-1.));
#1569 = ORIENTED_EDGE('',*,*,#1570,.F.);
#1570 = EDGE_CURVE('',#1571,#1563,#1573,.T.);
#1571 = VERTEX_POINT('',#1572);
#1572 = CARTESIAN_POINT('',(20.1,-8.15,13.));
#1573 = LINE('',#1574,#1575);
#1574 = CARTESIAN_POINT('',(20.1,-4.695,9.545));
#1575 = VECTOR('',#1576,1.);
#1576 = DIRECTION('',(0.,0.707106781187,-0.707106781187));
#1577 = ORIENTED_EDGE('',*,*,#1578,.F.);
#1578 = EDGE_CURVE('',#1579,#1571,#1581,.T.);
#1579 = VERTEX_POINT('',#1580);
#1580 = CARTESIAN_POINT('',(20.1,-11.5,9.65));
#1581 = LINE('',#1582,#1583);
#1582 = CARTESIAN_POINT('',(20.1,-13.28,7.87));
#1583 = VECTOR('',#1584,1.);
#1584 = DIRECTION('',(0.,0.707106781187,0.707106781187));
#1585 = ORIENTED_EDGE('',*,*,#1586,.T.);
#1586 = EDGE_CURVE('',#1579,#329,#1587,.T.);
#1587 = LINE('',#1588,#1589);
#1588 = CARTESIAN_POINT('',(20.1,-11.5,0.));
#1589 = VECTOR('',#1590,1.);
#1590 = DIRECTION('',(0.,0.,1.));
#1591 = ORIENTED_EDGE('',*,*,#328,.T.);
#1592 = ORIENTED_EDGE('',*,*,#1516,.T.);
#1593 = PLANE('',#1594);
#1594 = AXIS2_PLACEMENT_3D('',#1595,#1596,#1597);
#1595 = CARTESIAN_POINT('',(20.1,-11.5,0.));
#1596 = DIRECTION('',(-1.,0.,0.));
#1597 = DIRECTION('',(0.,1.,0.));
#1598 = ADVANCED_FACE('',(#1599),#1620,.F.);
#1599 = FACE_BOUND('',#1600,.T.);
#1600 = EDGE_LOOP('',(#1601,#1602,#1603,#1604,#1605,#1614));
#1601 = ORIENTED_EDGE('',*,*,#806,.T.);
#1602 = ORIENTED_EDGE('',*,*,#1420,.T.);
#1603 = ORIENTED_EDGE('',*,*,#336,.T.);
#1604 = ORIENTED_EDGE('',*,*,#1586,.F.);
#1605 = ORIENTED_EDGE('',*,*,#1606,.F.);
#1606 = EDGE_CURVE('',#1607,#1579,#1609,.T.);
#1607 = VERTEX_POINT('',#1608);
#1608 = CARTESIAN_POINT('',(20.005367313136,-12.32,8.83));
#1609 = ELLIPSE('',#1610,5.091168824543,3.6);
#1610 = AXIS2_PLACEMENT_3D('',#1611,#1612,#1613);
#1611 = CARTESIAN_POINT('',(16.5,-11.5,9.65));
#1612 = DIRECTION('',(0.,-0.707106781187,0.707106781187));
#1613 = DIRECTION('',(0.,-0.707106781187,-0.707106781187));
#1614 = ORIENTED_EDGE('',*,*,#1615,.T.);
#1615 = EDGE_CURVE('',#1607,#807,#1616,.T.);
#1616 = LINE('',#1617,#1618);
#1617 = CARTESIAN_POINT('',(20.005367313136,-12.32,0.));
#1618 = VECTOR('',#1619,1.);
#1619 = DIRECTION('',(-0.,-0.,-1.));
#1620 = CYLINDRICAL_SURFACE('',#1621,3.6);
#1621 = AXIS2_PLACEMENT_3D('',#1622,#1623,#1624);
#1622 = CARTESIAN_POINT('',(16.5,-11.5,0.));
#1623 = DIRECTION('',(-0.,-0.,-1.));
#1624 = DIRECTION('',(1.,0.,0.));
#1625 = ADVANCED_FACE('',(#1626),#1668,.F.);
#1626 = FACE_BOUND('',#1627,.F.);
#1627 = EDGE_LOOP('',(#1628,#1629,#1630,#1631,#1637,#1638,#1646,#1654,
    #1662));
#1628 = ORIENTED_EDGE('',*,*,#872,.F.);
#1629 = ORIENTED_EDGE('',*,*,#151,.T.);
#1630 = ORIENTED_EDGE('',*,*,#355,.T.);
#1631 = ORIENTED_EDGE('',*,*,#1632,.T.);
#1632 = EDGE_CURVE('',#356,#906,#1633,.T.);
#1633 = LINE('',#1634,#1635);
#1634 = CARTESIAN_POINT('',(1.2,1.2,0.));
#1635 = VECTOR('',#1636,1.);
#1636 = DIRECTION('',(-0.,-0.,-1.));
#1637 = ORIENTED_EDGE('',*,*,#913,.F.);
#1638 = ORIENTED_EDGE('',*,*,#1639,.F.);
#1639 = EDGE_CURVE('',#1640,#914,#1642,.T.);
#1640 = VERTEX_POINT('',#1641);
#1641 = CARTESIAN_POINT('',(4.98,1.2,7.33));
#1642 = LINE('',#1643,#1644);
#1643 = CARTESIAN_POINT('',(4.98,1.2,1.5825));
#1644 = VECTOR('',#1645,1.);
#1645 = DIRECTION('',(0.,0.,-1.));
#1646 = ORIENTED_EDGE('',*,*,#1647,.F.);
#1647 = EDGE_CURVE('',#1648,#1640,#1650,.T.);
#1648 = VERTEX_POINT('',#1649);
#1649 = CARTESIAN_POINT('',(10.65,1.2,13.));
#1650 = LINE('',#1651,#1652);
#1651 = CARTESIAN_POINT('',(8.645,1.2,10.995));
#1652 = VECTOR('',#1653,1.);
#1653 = DIRECTION('',(-0.707106781187,-0.,-0.707106781187));
#1654 = ORIENTED_EDGE('',*,*,#1655,.F.);
#1655 = EDGE_CURVE('',#1656,#1648,#1658,.T.);
#1656 = VERTEX_POINT('',#1657);
#1657 = CARTESIAN_POINT('',(16.32,1.2,7.33));
#1658 = LINE('',#1659,#1660);
#1659 = CARTESIAN_POINT('',(17.98,1.2,5.67));
#1660 = VECTOR('',#1661,1.);
#1661 = DIRECTION('',(-0.707106781187,0.,0.707106781187));
#1662 = ORIENTED_EDGE('',*,*,#1663,.F.);
#1663 = EDGE_CURVE('',#865,#1656,#1664,.T.);
#1664 = LINE('',#1665,#1666);
#1665 = CARTESIAN_POINT('',(16.32,1.2,1.5825));
#1666 = VECTOR('',#1667,1.);
#1667 = DIRECTION('',(0.,0.,1.));
#1668 = PLANE('',#1669);
#1669 = AXIS2_PLACEMENT_3D('',#1670,#1671,#1672);
#1670 = CARTESIAN_POINT('',(21.3,1.2,0.));
#1671 = DIRECTION('',(0.,-1.,0.));
#1672 = DIRECTION('',(-1.,0.,0.));
#1673 = ADVANCED_FACE('',(#1674),#1716,.F.);
#1674 = FACE_BOUND('',#1675,.F.);
#1675 = EDGE_LOOP('',(#1676,#1677,#1678,#1679,#1685,#1686,#1694,#1702,
    #1710));
#1676 = ORIENTED_EDGE('',*,*,#905,.F.);
#1677 = ORIENTED_EDGE('',*,*,#1632,.F.);
#1678 = ORIENTED_EDGE('',*,*,#363,.T.);
#1679 = ORIENTED_EDGE('',*,*,#1680,.T.);
#1680 = EDGE_CURVE('',#364,#507,#1681,.T.);
#1681 = LINE('',#1682,#1683);
#1682 = CARTESIAN_POINT('',(1.2,15.1,0.));
#1683 = VECTOR('',#1684,1.);
#1684 = DIRECTION('',(-0.,-0.,-1.));
#1685 = ORIENTED_EDGE('',*,*,#514,.F.);
#1686 = ORIENTED_EDGE('',*,*,#1687,.F.);
#1687 = EDGE_CURVE('',#1688,#515,#1690,.T.);
#1688 = VERTEX_POINT('',#1689);
#1689 = CARTESIAN_POINT('',(1.2,12.32,8.83));
#1690 = LINE('',#1691,#1692);
#1691 = CARTESIAN_POINT('',(1.2,12.32,1.9575));
#1692 = VECTOR('',#1693,1.);
#1693 = DIRECTION('',(0.,0.,-1.));
#1694 = ORIENTED_EDGE('',*,*,#1695,.F.);
#1695 = EDGE_CURVE('',#1696,#1688,#1698,.T.);
#1696 = VERTEX_POINT('',#1697);
#1697 = CARTESIAN_POINT('',(1.2,8.15,13.));
#1698 = LINE('',#1699,#1700);
#1699 = CARTESIAN_POINT('',(1.2,6.33,14.82));
#1700 = VECTOR('',#1701,1.);
#1701 = DIRECTION('',(0.,0.707106781187,-0.707106781187));
#1702 = ORIENTED_EDGE('',*,*,#1703,.F.);
#1703 = EDGE_CURVE('',#1704,#1696,#1706,.T.);
#1704 = VERTEX_POINT('',#1705);
#1705 = CARTESIAN_POINT('',(1.2,3.98,8.83));
#1706 = LINE('',#1707,#1708);
#1707 = CARTESIAN_POINT('',(1.2,-2.255,2.595));
#1708 = VECTOR('',#1709,1.);
#1709 = DIRECTION('',(0.,0.707106781187,0.707106781187));
#1710 = ORIENTED_EDGE('',*,*,#1711,.F.);
#1711 = EDGE_CURVE('',#898,#1704,#1712,.T.);
#1712 = LINE('',#1713,#1714);
#1713 = CARTESIAN_POINT('',(1.2,3.98,1.9575));
#1714 = VECTOR('',#1715,1.);
#1715 = DIRECTION('',(0.,0.,1.));
#1716 = PLANE('',#1717);
#1717 = AXIS2_PLACEMENT_3D('',#1718,#1719,#1720);
#1718 = CARTESIAN_POINT('',(1.2,-16.3,0.));
#1719 = DIRECTION('',(-1.,0.,0.));
#1720 = DIRECTION('',(0.,1.,0.));
#1721 = ADVANCED_FACE('',(#1722),#1733,.T.);
#1722 = FACE_BOUND('',#1723,.T.);
#1723 = EDGE_LOOP('',(#1724,#1725,#1726,#1727,#1728,#1729,#1730,#1731,
    #1732));
#1724 = ORIENTED_EDGE('',*,*,#474,.F.);
#1725 = ORIENTED_EDGE('',*,*,#431,.T.);
#1726 = ORIENTED_EDGE('',*,*,#371,.T.);
#1727 = ORIENTED_EDGE('',*,*,#1680,.T.);
#1728 = ORIENTED_EDGE('',*,*,#506,.F.);
#1729 = ORIENTED_EDGE('',*,*,#1092,.F.);
#1730 = ORIENTED_EDGE('',*,*,#1070,.F.);
#1731 = ORIENTED_EDGE('',*,*,#1022,.F.);
#1732 = ORIENTED_EDGE('',*,*,#1008,.F.);
#1733 = PLANE('',#1734);
#1734 = AXIS2_PLACEMENT_3D('',#1735,#1736,#1737);
#1735 = CARTESIAN_POINT('',(16.5,15.1,0.));
#1736 = DIRECTION('',(0.,-1.,0.));
#1737 = DIRECTION('',(-1.,0.,0.));
#1738 = ADVANCED_FACE('',(#1739),#1779,.T.);
#1739 = FACE_BOUND('',#1740,.T.);
#1740 = EDGE_LOOP('',(#1741,#1742,#1748,#1749,#1757,#1765,#1773));
#1741 = ORIENTED_EDGE('',*,*,#652,.F.);
#1742 = ORIENTED_EDGE('',*,*,#1743,.T.);
#1743 = EDGE_CURVE('',#645,#380,#1744,.T.);
#1744 = LINE('',#1745,#1746);
#1745 = CARTESIAN_POINT('',(-20.1,-1.2,0.));
#1746 = VECTOR('',#1747,1.);
#1747 = DIRECTION('',(0.,0.,1.));
#1748 = ORIENTED_EDGE('',*,*,#379,.T.);
#1749 = ORIENTED_EDGE('',*,*,#1750,.F.);
#1750 = EDGE_CURVE('',#1751,#382,#1753,.T.);
#1751 = VERTEX_POINT('',#1752);
#1752 = CARTESIAN_POINT('',(-20.1,-11.5,9.65));
#1753 = LINE('',#1754,#1755);
#1754 = CARTESIAN_POINT('',(-20.1,-11.5,0.));
#1755 = VECTOR('',#1756,1.);
#1756 = DIRECTION('',(0.,0.,1.));
#1757 = ORIENTED_EDGE('',*,*,#1758,.F.);
#1758 = EDGE_CURVE('',#1759,#1751,#1761,.T.);
#1759 = VERTEX_POINT('',#1760);
#1760 = CARTESIAN_POINT('',(-20.1,-8.15,13.));
#1761 = LINE('',#1762,#1763);
#1762 = CARTESIAN_POINT('',(-20.1,-7.53,13.62));
#1763 = VECTOR('',#1764,1.);
#1764 = DIRECTION('',(0.,-0.707106781187,-0.707106781187));
#1765 = ORIENTED_EDGE('',*,*,#1766,.F.);
#1766 = EDGE_CURVE('',#1767,#1759,#1769,.T.);
#1767 = VERTEX_POINT('',#1768);
#1768 = CARTESIAN_POINT('',(-20.1,-3.98,8.83));
#1769 = LINE('',#1770,#1771);
#1770 = CARTESIAN_POINT('',(-20.1,1.055,3.795));
#1771 = VECTOR('',#1772,1.);
#1772 = DIRECTION('',(0.,-0.707106781187,0.707106781187));
#1773 = ORIENTED_EDGE('',*,*,#1774,.F.);
#1774 = EDGE_CURVE('',#653,#1767,#1775,.T.);
#1775 = LINE('',#1776,#1777);
#1776 = CARTESIAN_POINT('',(-20.1,-3.98,1.9575));
#1777 = VECTOR('',#1778,1.);
#1778 = DIRECTION('',(0.,0.,1.));
#1779 = PLANE('',#1780);
#1780 = AXIS2_PLACEMENT_3D('',#1781,#1782,#1783);
#1781 = CARTESIAN_POINT('',(-20.1,11.5,0.));
#1782 = DIRECTION('',(1.,0.,0.));
#1783 = DIRECTION('',(0.,-1.,0.));
#1784 = ADVANCED_FACE('',(#1785),#1827,.F.);
#1785 = FACE_BOUND('',#1786,.F.);
#1786 = EDGE_LOOP('',(#1787,#1788,#1789,#1790,#1796,#1797,#1805,#1813,
    #1821));
#1787 = ORIENTED_EDGE('',*,*,#644,.F.);
#1788 = ORIENTED_EDGE('',*,*,#1743,.T.);
#1789 = ORIENTED_EDGE('',*,*,#389,.T.);
#1790 = ORIENTED_EDGE('',*,*,#1791,.T.);
#1791 = EDGE_CURVE('',#390,#954,#1792,.T.);
#1792 = LINE('',#1793,#1794);
#1793 = CARTESIAN_POINT('',(-1.2,-1.2,0.));
#1794 = VECTOR('',#1795,1.);
#1795 = DIRECTION('',(0.,0.,-1.));
#1796 = ORIENTED_EDGE('',*,*,#961,.F.);
#1797 = ORIENTED_EDGE('',*,*,#1798,.F.);
#1798 = EDGE_CURVE('',#1799,#962,#1801,.T.);
#1799 = VERTEX_POINT('',#1800);
#1800 = CARTESIAN_POINT('',(-4.98,-1.2,7.33));
#1801 = LINE('',#1802,#1803);
#1802 = CARTESIAN_POINT('',(-4.98,-1.2,1.5825));
#1803 = VECTOR('',#1804,1.);
#1804 = DIRECTION('',(0.,0.,-1.));
#1805 = ORIENTED_EDGE('',*,*,#1806,.F.);
#1806 = EDGE_CURVE('',#1807,#1799,#1809,.T.);
#1807 = VERTEX_POINT('',#1808);
#1808 = CARTESIAN_POINT('',(-10.65,-1.2,13.));
#1809 = LINE('',#1810,#1811);
#1810 = CARTESIAN_POINT('',(-8.645,-1.2,10.995));
#1811 = VECTOR('',#1812,1.);
#1812 = DIRECTION('',(0.707106781187,0.,-0.707106781187));
#1813 = ORIENTED_EDGE('',*,*,#1814,.F.);
#1814 = EDGE_CURVE('',#1815,#1807,#1817,.T.);
#1815 = VERTEX_POINT('',#1816);
#1816 = CARTESIAN_POINT('',(-16.32,-1.2,7.33));
#1817 = LINE('',#1818,#1819);
#1818 = CARTESIAN_POINT('',(-17.98,-1.2,5.67));
#1819 = VECTOR('',#1820,1.);
#1820 = DIRECTION('',(0.707106781187,0.,0.707106781187));
#1821 = ORIENTED_EDGE('',*,*,#1822,.F.);
#1822 = EDGE_CURVE('',#637,#1815,#1823,.T.);
#1823 = LINE('',#1824,#1825);
#1824 = CARTESIAN_POINT('',(-16.32,-1.2,1.5825));
#1825 = VECTOR('',#1826,1.);
#1826 = DIRECTION('',(0.,0.,1.));
#1827 = PLANE('',#1828);
#1828 = AXIS2_PLACEMENT_3D('',#1829,#1830,#1831);
#1829 = CARTESIAN_POINT('',(-21.3,-1.2,0.));
#1830 = DIRECTION('',(0.,1.,0.));
#1831 = DIRECTION('',(1.,0.,0.));
#1832 = ADVANCED_FACE('',(#1833),#1875,.F.);
#1833 = FACE_BOUND('',#1834,.F.);
#1834 = EDGE_LOOP('',(#1835,#1836,#1837,#1838,#1844,#1845,#1853,#1861,
    #1869));
#1835 = ORIENTED_EDGE('',*,*,#953,.F.);
#1836 = ORIENTED_EDGE('',*,*,#1791,.F.);
#1837 = ORIENTED_EDGE('',*,*,#397,.T.);
#1838 = ORIENTED_EDGE('',*,*,#1839,.T.);
#1839 = EDGE_CURVE('',#398,#735,#1840,.T.);
#1840 = LINE('',#1841,#1842);
#1841 = CARTESIAN_POINT('',(-1.2,-15.1,0.));
#1842 = VECTOR('',#1843,1.);
#1843 = DIRECTION('',(0.,0.,-1.));
#1844 = ORIENTED_EDGE('',*,*,#742,.F.);
#1845 = ORIENTED_EDGE('',*,*,#1846,.F.);
#1846 = EDGE_CURVE('',#1847,#743,#1849,.T.);
#1847 = VERTEX_POINT('',#1848);
#1848 = CARTESIAN_POINT('',(-1.2,-12.32,8.83));
#1849 = LINE('',#1850,#1851);
#1850 = CARTESIAN_POINT('',(-1.2,-12.32,1.9575));
#1851 = VECTOR('',#1852,1.);
#1852 = DIRECTION('',(0.,0.,-1.));
#1853 = ORIENTED_EDGE('',*,*,#1854,.F.);
#1854 = EDGE_CURVE('',#1855,#1847,#1857,.T.);
#1855 = VERTEX_POINT('',#1856);
#1856 = CARTESIAN_POINT('',(-1.2,-8.15,13.));
#1857 = LINE('',#1858,#1859);
#1858 = CARTESIAN_POINT('',(-1.2,-6.33,14.82));
#1859 = VECTOR('',#1860,1.);
#1860 = DIRECTION('',(0.,-0.707106781187,-0.707106781187));
#1861 = ORIENTED_EDGE('',*,*,#1862,.F.);
#1862 = EDGE_CURVE('',#1863,#1855,#1865,.T.);
#1863 = VERTEX_POINT('',#1864);
#1864 = CARTESIAN_POINT('',(-1.2,-3.98,8.83));
#1865 = LINE('',#1866,#1867);
#1866 = CARTESIAN_POINT('',(-1.2,2.255,2.595));
#1867 = VECTOR('',#1868,1.);
#1868 = DIRECTION('',(0.,-0.707106781187,0.707106781187));
#1869 = ORIENTED_EDGE('',*,*,#1870,.F.);
#1870 = EDGE_CURVE('',#946,#1863,#1871,.T.);
#1871 = LINE('',#1872,#1873);
#1872 = CARTESIAN_POINT('',(-1.2,-3.98,1.9575));
#1873 = VECTOR('',#1874,1.);
#1874 = DIRECTION('',(0.,0.,1.));
#1875 = PLANE('',#1876);
#1876 = AXIS2_PLACEMENT_3D('',#1877,#1878,#1879);
#1877 = CARTESIAN_POINT('',(-1.2,16.3,0.));
#1878 = DIRECTION('',(1.,0.,0.));
#1879 = DIRECTION('',(0.,-1.,0.));
#1880 = ADVANCED_FACE('',(#1881),#1923,.T.);
#1881 = FACE_BOUND('',#1882,.T.);
#1882 = EDGE_LOOP('',(#1883,#1884,#1890,#1891,#1892,#1893,#1901,#1909,
    #1917));
#1883 = ORIENTED_EDGE('',*,*,#702,.F.);
#1884 = ORIENTED_EDGE('',*,*,#1885,.T.);
#1885 = EDGE_CURVE('',#694,#406,#1886,.T.);
#1886 = LINE('',#1887,#1888);
#1887 = CARTESIAN_POINT('',(-16.5,-15.1,0.));
#1888 = VECTOR('',#1889,1.);
#1889 = DIRECTION('',(0.,0.,1.));
#1890 = ORIENTED_EDGE('',*,*,#405,.T.);
#1891 = ORIENTED_EDGE('',*,*,#1839,.T.);
#1892 = ORIENTED_EDGE('',*,*,#734,.F.);
#1893 = ORIENTED_EDGE('',*,*,#1894,.F.);
#1894 = EDGE_CURVE('',#1895,#727,#1897,.T.);
#1895 = VERTEX_POINT('',#1896);
#1896 = CARTESIAN_POINT('',(-4.98,-15.1,7.33));
#1897 = LINE('',#1898,#1899);
#1898 = CARTESIAN_POINT('',(-4.98,-15.1,1.5825));
#1899 = VECTOR('',#1900,1.);
#1900 = DIRECTION('',(0.,0.,-1.));
#1901 = ORIENTED_EDGE('',*,*,#1902,.F.);
#1902 = EDGE_CURVE('',#1903,#1895,#1905,.T.);
#1903 = VERTEX_POINT('',#1904);
#1904 = CARTESIAN_POINT('',(-10.65,-15.1,13.));
#1905 = LINE('',#1906,#1907);
#1906 = CARTESIAN_POINT('',(-7.445,-15.1,9.795));
#1907 = VECTOR('',#1908,1.);
#1908 = DIRECTION('',(0.707106781187,0.,-0.707106781187));
#1909 = ORIENTED_EDGE('',*,*,#1910,.F.);
#1910 = EDGE_CURVE('',#1911,#1903,#1913,.T.);
#1911 = VERTEX_POINT('',#1912);
#1912 = CARTESIAN_POINT('',(-16.32,-15.1,7.33));
#1913 = LINE('',#1914,#1915);
#1914 = CARTESIAN_POINT('',(-16.78,-15.1,6.87));
#1915 = VECTOR('',#1916,1.);
#1916 = DIRECTION('',(0.707106781187,0.,0.707106781187));
#1917 = ORIENTED_EDGE('',*,*,#1918,.F.);
#1918 = EDGE_CURVE('',#703,#1911,#1919,.T.);
#1919 = LINE('',#1920,#1921);
#1920 = CARTESIAN_POINT('',(-16.32,-15.1,1.5825));
#1921 = VECTOR('',#1922,1.);
#1922 = DIRECTION('',(0.,0.,1.));
#1923 = PLANE('',#1924);
#1924 = AXIS2_PLACEMENT_3D('',#1925,#1926,#1927);
#1925 = CARTESIAN_POINT('',(-16.5,-15.1,0.));
#1926 = DIRECTION('',(0.,1.,0.));
#1927 = DIRECTION('',(1.,0.,0.));
#1928 = ADVANCED_FACE('',(#1929),#1950,.F.);
#1929 = FACE_BOUND('',#1930,.T.);
#1930 = EDGE_LOOP('',(#1931,#1940,#1941,#1942,#1943,#1944));
#1931 = ORIENTED_EDGE('',*,*,#1932,.F.);
#1932 = EDGE_CURVE('',#1751,#1933,#1935,.T.);
#1933 = VERTEX_POINT('',#1934);
#1934 = CARTESIAN_POINT('',(-20.00536731313,-12.32,8.83));
#1935 = ELLIPSE('',#1936,5.091168824543,3.6);
#1936 = AXIS2_PLACEMENT_3D('',#1937,#1938,#1939);
#1937 = CARTESIAN_POINT('',(-16.5,-11.5,9.65));
#1938 = DIRECTION('',(0.,-0.707106781187,0.707106781187));
#1939 = DIRECTION('',(0.,-0.707106781187,-0.707106781187));
#1940 = ORIENTED_EDGE('',*,*,#1750,.T.);
#1941 = ORIENTED_EDGE('',*,*,#413,.T.);
#1942 = ORIENTED_EDGE('',*,*,#1885,.F.);
#1943 = ORIENTED_EDGE('',*,*,#693,.T.);
#1944 = ORIENTED_EDGE('',*,*,#1945,.F.);
#1945 = EDGE_CURVE('',#1933,#686,#1946,.T.);
#1946 = LINE('',#1947,#1948);
#1947 = CARTESIAN_POINT('',(-20.00536731313,-12.32,0.));
#1948 = VECTOR('',#1949,1.);
#1949 = DIRECTION('',(-0.,-0.,-1.));
#1950 = CYLINDRICAL_SURFACE('',#1951,3.6);
#1951 = AXIS2_PLACEMENT_3D('',#1952,#1953,#1954);
#1952 = CARTESIAN_POINT('',(-16.5,-11.5,0.));
#1953 = DIRECTION('',(-0.,-0.,-1.));
#1954 = DIRECTION('',(1.,0.,0.));
#1955 = ADVANCED_FACE('',(#1956),#1991,.F.);
#1956 = FACE_BOUND('',#1957,.F.);
#1957 = EDGE_LOOP('',(#1958,#1966,#1967,#1968,#1976,#1985));
#1958 = ORIENTED_EDGE('',*,*,#1959,.F.);
#1959 = EDGE_CURVE('',#1571,#1960,#1962,.T.);
#1960 = VERTEX_POINT('',#1961);
#1961 = CARTESIAN_POINT('',(22.5,-8.15,13.));
#1962 = LINE('',#1963,#1964);
#1963 = CARTESIAN_POINT('',(0.,-8.15,13.));
#1964 = VECTOR('',#1965,1.);
#1965 = DIRECTION('',(1.,0.,0.));
#1966 = ORIENTED_EDGE('',*,*,#1578,.F.);
#1967 = ORIENTED_EDGE('',*,*,#1606,.F.);
#1968 = ORIENTED_EDGE('',*,*,#1969,.T.);
#1969 = EDGE_CURVE('',#1607,#1970,#1972,.T.);
#1970 = VERTEX_POINT('',#1971);
#1971 = CARTESIAN_POINT('',(22.443702549758,-12.32,8.83));
#1972 = LINE('',#1973,#1974);
#1973 = CARTESIAN_POINT('',(0.,-12.32,8.83));
#1974 = VECTOR('',#1975,1.);
#1975 = DIRECTION('',(1.,0.,0.));
#1976 = ORIENTED_EDGE('',*,*,#1977,.T.);
#1977 = EDGE_CURVE('',#1970,#1978,#1980,.T.);
#1978 = VERTEX_POINT('',#1979);
#1979 = CARTESIAN_POINT('',(22.5,-11.5,9.65));
#1980 = ELLIPSE('',#1981,8.485281374239,6.);
#1981 = AXIS2_PLACEMENT_3D('',#1982,#1983,#1984);
#1982 = CARTESIAN_POINT('',(16.5,-11.5,9.65));
#1983 = DIRECTION('',(0.,-0.707106781187,0.707106781187));
#1984 = DIRECTION('',(0.,-0.707106781187,-0.707106781187));
#1985 = ORIENTED_EDGE('',*,*,#1986,.T.);
#1986 = EDGE_CURVE('',#1978,#1960,#1987,.T.);
#1987 = LINE('',#1988,#1989);
#1988 = CARTESIAN_POINT('',(22.5,-13.28,7.87));
#1989 = VECTOR('',#1990,1.);
#1990 = DIRECTION('',(0.,0.707106781187,0.707106781187));
#1991 = PLANE('',#1992);
#1992 = AXIS2_PLACEMENT_3D('',#1993,#1994,#1995);
#1993 = CARTESIAN_POINT('',(0.,-10.235,10.915));
#1994 = DIRECTION('',(0.,-0.707106781187,0.707106781187));
#1995 = DIRECTION('',(0.,-0.707106781187,-0.707106781187));
#1996 = ADVANCED_FACE('',(#1997),#2015,.F.);
#1997 = FACE_BOUND('',#1998,.F.);
#1998 = EDGE_LOOP('',(#1999,#2007,#2013,#2014));
#1999 = ORIENTED_EDGE('',*,*,#2000,.T.);
#2000 = EDGE_CURVE('',#1960,#2001,#2003,.T.);
#2001 = VERTEX_POINT('',#2002);
#2002 = CARTESIAN_POINT('',(22.5,-3.98,8.83));
#2003 = LINE('',#2004,#2005);
#2004 = CARTESIAN_POINT('',(22.5,-4.695,9.545));
#2005 = VECTOR('',#2006,1.);
#2006 = DIRECTION('',(0.,0.707106781187,-0.707106781187));
#2007 = ORIENTED_EDGE('',*,*,#2008,.T.);
#2008 = EDGE_CURVE('',#2001,#1563,#2009,.T.);
#2009 = LINE('',#2010,#2011);
#2010 = CARTESIAN_POINT('',(0.,-3.98,8.83));
#2011 = VECTOR('',#2012,1.);
#2012 = DIRECTION('',(-1.,-0.,-0.));
#2013 = ORIENTED_EDGE('',*,*,#1570,.F.);
#2014 = ORIENTED_EDGE('',*,*,#1959,.T.);
#2015 = PLANE('',#2016);
#2016 = AXIS2_PLACEMENT_3D('',#2017,#2018,#2019);
#2017 = CARTESIAN_POINT('',(0.,-6.065,10.915));
#2018 = DIRECTION('',(0.,0.707106781187,0.707106781187));
#2019 = DIRECTION('',(0.,-0.707106781187,0.707106781187));
#2020 = ADVANCED_FACE('',(#2021),#2032,.F.);
#2021 = FACE_BOUND('',#2022,.F.);
#2022 = EDGE_LOOP('',(#2023,#2024,#2030,#2031));
#2023 = ORIENTED_EDGE('',*,*,#2008,.F.);
#2024 = ORIENTED_EDGE('',*,*,#2025,.T.);
#2025 = EDGE_CURVE('',#2001,#833,#2026,.T.);
#2026 = LINE('',#2027,#2028);
#2027 = CARTESIAN_POINT('',(22.5,-3.98,1.9575));
#2028 = VECTOR('',#2029,1.);
#2029 = DIRECTION('',(0.,0.,-1.));
#2030 = ORIENTED_EDGE('',*,*,#840,.F.);
#2031 = ORIENTED_EDGE('',*,*,#1562,.F.);
#2032 = PLANE('',#2033);
#2033 = AXIS2_PLACEMENT_3D('',#2034,#2035,#2036);
#2034 = CARTESIAN_POINT('',(0.,-3.98,3.915));
#2035 = DIRECTION('',(0.,1.,0.));
#2036 = DIRECTION('',(0.,0.,1.));
#2037 = ADVANCED_FACE('',(#2038),#2049,.F.);
#2038 = FACE_BOUND('',#2039,.F.);
#2039 = EDGE_LOOP('',(#2040,#2041,#2047,#2048));
#2040 = ORIENTED_EDGE('',*,*,#879,.F.);
#2041 = ORIENTED_EDGE('',*,*,#2042,.T.);
#2042 = EDGE_CURVE('',#456,#120,#2043,.T.);
#2043 = LINE('',#2044,#2045);
#2044 = CARTESIAN_POINT('',(22.5,3.98,1.9575));
#2045 = VECTOR('',#2046,1.);
#2046 = DIRECTION('',(0.,0.,1.));
#2047 = ORIENTED_EDGE('',*,*,#119,.F.);
#2048 = ORIENTED_EDGE('',*,*,#175,.F.);
#2049 = PLANE('',#2050);
#2050 = AXIS2_PLACEMENT_3D('',#2051,#2052,#2053);
#2051 = CARTESIAN_POINT('',(0.,3.98,3.915));
#2052 = DIRECTION('',(-0.,-1.,-0.));
#2053 = DIRECTION('',(0.,0.,-1.));
#2054 = ADVANCED_FACE('',(#2055),#2066,.F.);
#2055 = FACE_BOUND('',#2056,.F.);
#2056 = EDGE_LOOP('',(#2057,#2063,#2064,#2065));
#2057 = ORIENTED_EDGE('',*,*,#2058,.F.);
#2058 = EDGE_CURVE('',#1524,#1656,#2059,.T.);
#2059 = LINE('',#2060,#2061);
#2060 = CARTESIAN_POINT('',(16.32,1.6275869541E-15,7.33));
#2061 = VECTOR('',#2062,1.);
#2062 = DIRECTION('',(0.,1.,-2.22044604925E-16));
#2063 = ORIENTED_EDGE('',*,*,#1523,.T.);
#2064 = ORIENTED_EDGE('',*,*,#864,.F.);
#2065 = ORIENTED_EDGE('',*,*,#1663,.T.);
#2066 = PLANE('',#2067);
#2067 = AXIS2_PLACEMENT_3D('',#2068,#2069,#2070);
#2068 = CARTESIAN_POINT('',(16.32,0.,3.165));
#2069 = DIRECTION('',(1.,0.,0.));
#2070 = DIRECTION('',(0.,0.,1.));
#2071 = ADVANCED_FACE('',(#2072),#2083,.F.);
#2072 = FACE_BOUND('',#2073,.F.);
#2073 = EDGE_LOOP('',(#2074,#2080,#2081,#2082));
#2074 = ORIENTED_EDGE('',*,*,#2075,.F.);
#2075 = EDGE_CURVE('',#1970,#816,#2076,.T.);
#2076 = LINE('',#2077,#2078);
#2077 = CARTESIAN_POINT('',(22.443702549758,-12.32,0.));
#2078 = VECTOR('',#2079,1.);
#2079 = DIRECTION('',(-0.,-0.,-1.));
#2080 = ORIENTED_EDGE('',*,*,#1969,.F.);
#2081 = ORIENTED_EDGE('',*,*,#1615,.T.);
#2082 = ORIENTED_EDGE('',*,*,#815,.F.);
#2083 = PLANE('',#2084);
#2084 = AXIS2_PLACEMENT_3D('',#2085,#2086,#2087);
#2085 = CARTESIAN_POINT('',(0.,-12.32,3.915));
#2086 = DIRECTION('',(-0.,-1.,-0.));
#2087 = DIRECTION('',(0.,0.,-1.));
#2088 = ADVANCED_FACE('',(#2089),#2107,.F.);
#2089 = FACE_BOUND('',#2090,.F.);
#2090 = EDGE_LOOP('',(#2091,#2099,#2105,#2106));
#2091 = ORIENTED_EDGE('',*,*,#2092,.F.);
#2092 = EDGE_CURVE('',#2093,#1428,#2095,.T.);
#2093 = VERTEX_POINT('',#2094);
#2094 = CARTESIAN_POINT('',(16.32,-17.5,7.33));
#2095 = LINE('',#2096,#2097);
#2096 = CARTESIAN_POINT('',(16.32,1.6275869541E-15,7.33));
#2097 = VECTOR('',#2098,1.);
#2098 = DIRECTION('',(0.,1.,-2.22044604925E-16));
#2099 = ORIENTED_EDGE('',*,*,#2100,.T.);
#2100 = EDGE_CURVE('',#2093,#783,#2101,.T.);
#2101 = LINE('',#2102,#2103);
#2102 = CARTESIAN_POINT('',(16.32,-17.5,1.5825));
#2103 = VECTOR('',#2104,1.);
#2104 = DIRECTION('',(0.,0.,-1.));
#2105 = ORIENTED_EDGE('',*,*,#790,.F.);
#2106 = ORIENTED_EDGE('',*,*,#1427,.F.);
#2107 = PLANE('',#2108);
#2108 = AXIS2_PLACEMENT_3D('',#2109,#2110,#2111);
#2109 = CARTESIAN_POINT('',(16.32,0.,3.165));
#2110 = DIRECTION('',(1.,0.,0.));
#2111 = DIRECTION('',(0.,0.,1.));
#2112 = ADVANCED_FACE('',(#2113),#2131,.F.);
#2113 = FACE_BOUND('',#2114,.F.);
#2114 = EDGE_LOOP('',(#2115,#2116,#2124,#2130));
#2115 = ORIENTED_EDGE('',*,*,#774,.F.);
#2116 = ORIENTED_EDGE('',*,*,#2117,.T.);
#2117 = EDGE_CURVE('',#775,#2118,#2120,.T.);
#2118 = VERTEX_POINT('',#2119);
#2119 = CARTESIAN_POINT('',(4.98,-17.5,7.33));
#2120 = LINE('',#2121,#2122);
#2121 = CARTESIAN_POINT('',(4.98,-17.5,1.5825));
#2122 = VECTOR('',#2123,1.);
#2123 = DIRECTION('',(0.,0.,1.));
#2124 = ORIENTED_EDGE('',*,*,#2125,.F.);
#2125 = EDGE_CURVE('',#1444,#2118,#2126,.T.);
#2126 = LINE('',#2127,#2128);
#2127 = CARTESIAN_POINT('',(4.98,1.6275869541E-15,7.33));
#2128 = VECTOR('',#2129,1.);
#2129 = DIRECTION('',(0.,-1.,2.22044604925E-16));
#2130 = ORIENTED_EDGE('',*,*,#1451,.F.);
#2131 = PLANE('',#2132);
#2132 = AXIS2_PLACEMENT_3D('',#2133,#2134,#2135);
#2133 = CARTESIAN_POINT('',(4.98,0.,3.165));
#2134 = DIRECTION('',(-1.,-0.,-0.));
#2135 = DIRECTION('',(0.,0.,-1.));
#2136 = ADVANCED_FACE('',(#2137),#2148,.F.);
#2137 = FACE_BOUND('',#2138,.F.);
#2138 = EDGE_LOOP('',(#2139,#2145,#2146,#2147));
#2139 = ORIENTED_EDGE('',*,*,#2140,.F.);
#2140 = EDGE_CURVE('',#1847,#1492,#2141,.T.);
#2141 = LINE('',#2142,#2143);
#2142 = CARTESIAN_POINT('',(0.,-12.32,8.83));
#2143 = VECTOR('',#2144,1.);
#2144 = DIRECTION('',(1.,0.,0.));
#2145 = ORIENTED_EDGE('',*,*,#1846,.T.);
#2146 = ORIENTED_EDGE('',*,*,#750,.F.);
#2147 = ORIENTED_EDGE('',*,*,#1499,.T.);
#2148 = PLANE('',#2149);
#2149 = AXIS2_PLACEMENT_3D('',#2150,#2151,#2152);
#2150 = CARTESIAN_POINT('',(0.,-12.32,3.915));
#2151 = DIRECTION('',(-0.,-1.,-0.));
#2152 = DIRECTION('',(0.,0.,-1.));
#2153 = ADVANCED_FACE('',(#2154),#2172,.F.);
#2154 = FACE_BOUND('',#2155,.F.);
#2155 = EDGE_LOOP('',(#2156,#2164,#2170,#2171));
#2156 = ORIENTED_EDGE('',*,*,#2157,.F.);
#2157 = EDGE_CURVE('',#2158,#1895,#2160,.T.);
#2158 = VERTEX_POINT('',#2159);
#2159 = CARTESIAN_POINT('',(-4.98,-17.5,7.33));
#2160 = LINE('',#2161,#2162);
#2161 = CARTESIAN_POINT('',(-4.98,1.6275869541E-15,7.33));
#2162 = VECTOR('',#2163,1.);
#2163 = DIRECTION('',(0.,1.,-2.22044604925E-16));
#2164 = ORIENTED_EDGE('',*,*,#2165,.T.);
#2165 = EDGE_CURVE('',#2158,#719,#2166,.T.);
#2166 = LINE('',#2167,#2168);
#2167 = CARTESIAN_POINT('',(-4.98,-17.5,1.5825));
#2168 = VECTOR('',#2169,1.);
#2169 = DIRECTION('',(0.,0.,-1.));
#2170 = ORIENTED_EDGE('',*,*,#726,.F.);
#2171 = ORIENTED_EDGE('',*,*,#1894,.F.);
#2172 = PLANE('',#2173);
#2173 = AXIS2_PLACEMENT_3D('',#2174,#2175,#2176);
#2174 = CARTESIAN_POINT('',(-4.98,0.,3.165));
#2175 = DIRECTION('',(1.,0.,0.));
#2176 = DIRECTION('',(0.,0.,1.));
#2177 = ADVANCED_FACE('',(#2178),#2196,.F.);
#2178 = FACE_BOUND('',#2179,.F.);
#2179 = EDGE_LOOP('',(#2180,#2181,#2189,#2195));
#2180 = ORIENTED_EDGE('',*,*,#710,.F.);
#2181 = ORIENTED_EDGE('',*,*,#2182,.T.);
#2182 = EDGE_CURVE('',#711,#2183,#2185,.T.);
#2183 = VERTEX_POINT('',#2184);
#2184 = CARTESIAN_POINT('',(-16.32,-17.5,7.33));
#2185 = LINE('',#2186,#2187);
#2186 = CARTESIAN_POINT('',(-16.32,-17.5,1.5825));
#2187 = VECTOR('',#2188,1.);
#2188 = DIRECTION('',(0.,0.,1.));
#2189 = ORIENTED_EDGE('',*,*,#2190,.F.);
#2190 = EDGE_CURVE('',#1911,#2183,#2191,.T.);
#2191 = LINE('',#2192,#2193);
#2192 = CARTESIAN_POINT('',(-16.32,1.6275869541E-15,7.33));
#2193 = VECTOR('',#2194,1.);
#2194 = DIRECTION('',(0.,-1.,2.22044604925E-16));
#2195 = ORIENTED_EDGE('',*,*,#1918,.F.);
#2196 = PLANE('',#2197);
#2197 = AXIS2_PLACEMENT_3D('',#2198,#2199,#2200);
#2198 = CARTESIAN_POINT('',(-16.32,0.,3.165));
#2199 = DIRECTION('',(-1.,-0.,-0.));
#2200 = DIRECTION('',(0.,0.,-1.));
#2201 = ADVANCED_FACE('',(#2202),#2220,.F.);
#2202 = FACE_BOUND('',#2203,.F.);
#2203 = EDGE_LOOP('',(#2204,#2212,#2218,#2219));
#2204 = ORIENTED_EDGE('',*,*,#2205,.F.);
#2205 = EDGE_CURVE('',#2206,#1933,#2208,.T.);
#2206 = VERTEX_POINT('',#2207);
#2207 = CARTESIAN_POINT('',(-22.44370254975,-12.32,8.83));
#2208 = LINE('',#2209,#2210);
#2209 = CARTESIAN_POINT('',(0.,-12.32,8.83));
#2210 = VECTOR('',#2211,1.);
#2211 = DIRECTION('',(1.,0.,0.));
#2212 = ORIENTED_EDGE('',*,*,#2213,.T.);
#2213 = EDGE_CURVE('',#2206,#677,#2214,.T.);
#2214 = LINE('',#2215,#2216);
#2215 = CARTESIAN_POINT('',(-22.44370254975,-12.32,0.));
#2216 = VECTOR('',#2217,1.);
#2217 = DIRECTION('',(-0.,-0.,-1.));
#2218 = ORIENTED_EDGE('',*,*,#685,.F.);
#2219 = ORIENTED_EDGE('',*,*,#1945,.F.);
#2220 = PLANE('',#2221);
#2221 = AXIS2_PLACEMENT_3D('',#2222,#2223,#2224);
#2222 = CARTESIAN_POINT('',(0.,-12.32,3.915));
#2223 = DIRECTION('',(-0.,-1.,-0.));
#2224 = DIRECTION('',(0.,0.,-1.));
#2225 = ADVANCED_FACE('',(#2226),#2244,.F.);
#2226 = FACE_BOUND('',#2227,.F.);
#2227 = EDGE_LOOP('',(#2228,#2229,#2237,#2243));
#2228 = ORIENTED_EDGE('',*,*,#660,.F.);
#2229 = ORIENTED_EDGE('',*,*,#2230,.T.);
#2230 = EDGE_CURVE('',#661,#2231,#2233,.T.);
#2231 = VERTEX_POINT('',#2232);
#2232 = CARTESIAN_POINT('',(-22.5,-3.98,8.83));
#2233 = LINE('',#2234,#2235);
#2234 = CARTESIAN_POINT('',(-22.5,-3.98,1.9575));
#2235 = VECTOR('',#2236,1.);
#2236 = DIRECTION('',(0.,0.,1.));
#2237 = ORIENTED_EDGE('',*,*,#2238,.F.);
#2238 = EDGE_CURVE('',#1767,#2231,#2239,.T.);
#2239 = LINE('',#2240,#2241);
#2240 = CARTESIAN_POINT('',(0.,-3.98,8.83));
#2241 = VECTOR('',#2242,1.);
#2242 = DIRECTION('',(-1.,-0.,-0.));
#2243 = ORIENTED_EDGE('',*,*,#1774,.F.);
#2244 = PLANE('',#2245);
#2245 = AXIS2_PLACEMENT_3D('',#2246,#2247,#2248);
#2246 = CARTESIAN_POINT('',(0.,-3.98,3.915));
#2247 = DIRECTION('',(0.,1.,0.));
#2248 = DIRECTION('',(0.,0.,1.));
#2249 = ADVANCED_FACE('',(#2250),#2261,.F.);
#2250 = FACE_BOUND('',#2251,.F.);
#2251 = EDGE_LOOP('',(#2252,#2258,#2259,#2260));
#2252 = ORIENTED_EDGE('',*,*,#2253,.F.);
#2253 = EDGE_CURVE('',#1307,#1815,#2254,.T.);
#2254 = LINE('',#2255,#2256);
#2255 = CARTESIAN_POINT('',(-16.32,1.6275869541E-15,7.33));
#2256 = VECTOR('',#2257,1.);
#2257 = DIRECTION('',(0.,-1.,2.22044604925E-16));
#2258 = ORIENTED_EDGE('',*,*,#1306,.T.);
#2259 = ORIENTED_EDGE('',*,*,#636,.F.);
#2260 = ORIENTED_EDGE('',*,*,#1822,.T.);
#2261 = PLANE('',#2262);
#2262 = AXIS2_PLACEMENT_3D('',#2263,#2264,#2265);
#2263 = CARTESIAN_POINT('',(-16.32,0.,3.165));
#2264 = DIRECTION('',(-1.,-0.,-0.));
#2265 = DIRECTION('',(0.,0.,-1.));
#2266 = ADVANCED_FACE('',(#2267),#2285,.F.);
#2267 = FACE_BOUND('',#2268,.F.);
#2268 = EDGE_LOOP('',(#2269,#2277,#2283,#2284));
#2269 = ORIENTED_EDGE('',*,*,#2270,.F.);
#2270 = EDGE_CURVE('',#2271,#1346,#2273,.T.);
#2271 = VERTEX_POINT('',#2272);
#2272 = CARTESIAN_POINT('',(-22.5,3.98,8.83));
#2273 = LINE('',#2274,#2275);
#2274 = CARTESIAN_POINT('',(0.,3.98,8.83));
#2275 = VECTOR('',#2276,1.);
#2276 = DIRECTION('',(1.,0.,0.));
#2277 = ORIENTED_EDGE('',*,*,#2278,.T.);
#2278 = EDGE_CURVE('',#2271,#605,#2279,.T.);
#2279 = LINE('',#2280,#2281);
#2280 = CARTESIAN_POINT('',(-22.5,3.98,1.9575));
#2281 = VECTOR('',#2282,1.);
#2282 = DIRECTION('',(0.,0.,-1.));
#2283 = ORIENTED_EDGE('',*,*,#612,.F.);
#2284 = ORIENTED_EDGE('',*,*,#1345,.F.);
#2285 = PLANE('',#2286);
#2286 = AXIS2_PLACEMENT_3D('',#2287,#2288,#2289);
#2287 = CARTESIAN_POINT('',(0.,3.98,3.915));
#2288 = DIRECTION('',(-0.,-1.,-0.));
#2289 = DIRECTION('',(0.,0.,-1.));
#2290 = ADVANCED_FACE('',(#2291),#2309,.F.);
#2291 = FACE_BOUND('',#2292,.F.);
#2292 = EDGE_LOOP('',(#2293,#2301,#2307,#2308));
#2293 = ORIENTED_EDGE('',*,*,#2294,.F.);
#2294 = EDGE_CURVE('',#2295,#588,#2297,.T.);
#2295 = VERTEX_POINT('',#2296);
#2296 = CARTESIAN_POINT('',(-22.44370254975,12.32,8.83));
#2297 = LINE('',#2298,#2299);
#2298 = CARTESIAN_POINT('',(-22.44370254975,12.32,0.));
#2299 = VECTOR('',#2300,1.);
#2300 = DIRECTION('',(-0.,-0.,-1.));
#2301 = ORIENTED_EDGE('',*,*,#2302,.F.);
#2302 = EDGE_CURVE('',#1390,#2295,#2303,.T.);
#2303 = LINE('',#2304,#2305);
#2304 = CARTESIAN_POINT('',(0.,12.32,8.83));
#2305 = VECTOR('',#2306,1.);
#2306 = DIRECTION('',(-1.,-0.,-0.));
#2307 = ORIENTED_EDGE('',*,*,#1398,.T.);
#2308 = ORIENTED_EDGE('',*,*,#587,.F.);
#2309 = PLANE('',#2310);
#2310 = AXIS2_PLACEMENT_3D('',#2311,#2312,#2313);
#2311 = CARTESIAN_POINT('',(0.,12.32,3.915));
#2312 = DIRECTION('',(0.,1.,0.));
#2313 = DIRECTION('',(0.,0.,1.));
#2314 = ADVANCED_FACE('',(#2315),#2326,.F.);
#2315 = FACE_BOUND('',#2316,.F.);
#2316 = EDGE_LOOP('',(#2317,#2323,#2324,#2325));
#2317 = ORIENTED_EDGE('',*,*,#2318,.F.);
#2318 = EDGE_CURVE('',#1688,#1275,#2319,.T.);
#2319 = LINE('',#2320,#2321);
#2320 = CARTESIAN_POINT('',(0.,12.32,8.83));
#2321 = VECTOR('',#2322,1.);
#2322 = DIRECTION('',(-1.,-0.,-0.));
#2323 = ORIENTED_EDGE('',*,*,#1687,.T.);
#2324 = ORIENTED_EDGE('',*,*,#522,.F.);
#2325 = ORIENTED_EDGE('',*,*,#1282,.T.);
#2326 = PLANE('',#2327);
#2327 = AXIS2_PLACEMENT_3D('',#2328,#2329,#2330);
#2328 = CARTESIAN_POINT('',(0.,12.32,3.915));
#2329 = DIRECTION('',(0.,1.,0.));
#2330 = DIRECTION('',(0.,0.,1.));
#2331 = ADVANCED_FACE('',(#2332),#2343,.F.);
#2332 = FACE_BOUND('',#2333,.F.);
#2333 = EDGE_LOOP('',(#2334,#2340,#2341,#2342));
#2334 = ORIENTED_EDGE('',*,*,#2335,.F.);
#2335 = EDGE_CURVE('',#1799,#1323,#2336,.T.);
#2336 = LINE('',#2337,#2338);
#2337 = CARTESIAN_POINT('',(-4.98,1.6275869541E-15,7.33));
#2338 = VECTOR('',#2339,1.);
#2339 = DIRECTION('',(0.,1.,-2.22044604925E-16));
#2340 = ORIENTED_EDGE('',*,*,#1798,.T.);
#2341 = ORIENTED_EDGE('',*,*,#969,.F.);
#2342 = ORIENTED_EDGE('',*,*,#1330,.T.);
#2343 = PLANE('',#2344);
#2344 = AXIS2_PLACEMENT_3D('',#2345,#2346,#2347);
#2345 = CARTESIAN_POINT('',(-4.98,0.,3.165));
#2346 = DIRECTION('',(1.,0.,0.));
#2347 = DIRECTION('',(0.,0.,1.));
#2348 = ADVANCED_FACE('',(#2349),#2360,.F.);
#2349 = FACE_BOUND('',#2350,.F.);
#2350 = EDGE_LOOP('',(#2351,#2357,#2358,#2359));
#2351 = ORIENTED_EDGE('',*,*,#2352,.F.);
#2352 = EDGE_CURVE('',#1476,#1863,#2353,.T.);
#2353 = LINE('',#2354,#2355);
#2354 = CARTESIAN_POINT('',(0.,-3.98,8.83));
#2355 = VECTOR('',#2356,1.);
#2356 = DIRECTION('',(-1.,-0.,-0.));
#2357 = ORIENTED_EDGE('',*,*,#1475,.T.);
#2358 = ORIENTED_EDGE('',*,*,#945,.F.);
#2359 = ORIENTED_EDGE('',*,*,#1870,.T.);
#2360 = PLANE('',#2361);
#2361 = AXIS2_PLACEMENT_3D('',#2362,#2363,#2364);
#2362 = CARTESIAN_POINT('',(0.,-3.98,3.915));
#2363 = DIRECTION('',(0.,1.,0.));
#2364 = DIRECTION('',(0.,0.,1.));
#2365 = ADVANCED_FACE('',(#2366),#2377,.F.);
#2366 = FACE_BOUND('',#2367,.F.);
#2367 = EDGE_LOOP('',(#2368,#2374,#2375,#2376));
#2368 = ORIENTED_EDGE('',*,*,#2369,.F.);
#2369 = EDGE_CURVE('',#1640,#1540,#2370,.T.);
#2370 = LINE('',#2371,#2372);
#2371 = CARTESIAN_POINT('',(4.98,1.6275869541E-15,7.33));
#2372 = VECTOR('',#2373,1.);
#2373 = DIRECTION('',(0.,-1.,2.22044604925E-16));
#2374 = ORIENTED_EDGE('',*,*,#1639,.T.);
#2375 = ORIENTED_EDGE('',*,*,#921,.F.);
#2376 = ORIENTED_EDGE('',*,*,#1547,.T.);
#2377 = PLANE('',#2378);
#2378 = AXIS2_PLACEMENT_3D('',#2379,#2380,#2381);
#2379 = CARTESIAN_POINT('',(4.98,0.,3.165));
#2380 = DIRECTION('',(-1.,-0.,-0.));
#2381 = DIRECTION('',(0.,0.,-1.));
#2382 = ADVANCED_FACE('',(#2383),#2394,.F.);
#2383 = FACE_BOUND('',#2384,.F.);
#2384 = EDGE_LOOP('',(#2385,#2391,#2392,#2393));
#2385 = ORIENTED_EDGE('',*,*,#2386,.F.);
#2386 = EDGE_CURVE('',#1259,#1704,#2387,.T.);
#2387 = LINE('',#2388,#2389);
#2388 = CARTESIAN_POINT('',(0.,3.98,8.83));
#2389 = VECTOR('',#2390,1.);
#2390 = DIRECTION('',(1.,0.,0.));
#2391 = ORIENTED_EDGE('',*,*,#1258,.T.);
#2392 = ORIENTED_EDGE('',*,*,#897,.F.);
#2393 = ORIENTED_EDGE('',*,*,#1711,.T.);
#2394 = PLANE('',#2395);
#2395 = AXIS2_PLACEMENT_3D('',#2396,#2397,#2398);
#2396 = CARTESIAN_POINT('',(0.,3.98,3.915));
#2397 = DIRECTION('',(-0.,-1.,-0.));
#2398 = DIRECTION('',(0.,0.,-1.));
#2399 = ADVANCED_FACE('',(#2400),#2428,.F.);
#2400 = FACE_BOUND('',#2401,.F.);
#2401 = EDGE_LOOP('',(#2402,#2403,#2404,#2413,#2421,#2427));
#2402 = ORIENTED_EDGE('',*,*,#1389,.F.);
#2403 = ORIENTED_EDGE('',*,*,#2302,.T.);
#2404 = ORIENTED_EDGE('',*,*,#2405,.T.);
#2405 = EDGE_CURVE('',#2295,#2406,#2408,.T.);
#2406 = VERTEX_POINT('',#2407);
#2407 = CARTESIAN_POINT('',(-22.5,11.5,9.65));
#2408 = ELLIPSE('',#2409,8.485281374239,6.);
#2409 = AXIS2_PLACEMENT_3D('',#2410,#2411,#2412);
#2410 = CARTESIAN_POINT('',(-16.5,11.5,9.65));
#2411 = DIRECTION('',(0.,0.707106781187,0.707106781187));
#2412 = DIRECTION('',(0.,0.707106781187,-0.707106781187));
#2413 = ORIENTED_EDGE('',*,*,#2414,.T.);
#2414 = EDGE_CURVE('',#2406,#2415,#2417,.T.);
#2415 = VERTEX_POINT('',#2416);
#2416 = CARTESIAN_POINT('',(-22.5,8.15,13.));
#2417 = LINE('',#2418,#2419);
#2418 = CARTESIAN_POINT('',(-22.5,13.28,7.87));
#2419 = VECTOR('',#2420,1.);
#2420 = DIRECTION('',(0.,-0.707106781187,0.707106781187));
#2421 = ORIENTED_EDGE('',*,*,#2422,.T.);
#2422 = EDGE_CURVE('',#2415,#1354,#2423,.T.);
#2423 = LINE('',#2424,#2425);
#2424 = CARTESIAN_POINT('',(0.,8.15,13.));
#2425 = VECTOR('',#2426,1.);
#2426 = DIRECTION('',(1.,0.,0.));
#2427 = ORIENTED_EDGE('',*,*,#1361,.F.);
#2428 = PLANE('',#2429);
#2429 = AXIS2_PLACEMENT_3D('',#2430,#2431,#2432);
#2430 = CARTESIAN_POINT('',(0.,10.235,10.915));
#2431 = DIRECTION('',(0.,0.707106781187,0.707106781187));
#2432 = DIRECTION('',(0.,0.707106781187,-0.707106781187));
#2433 = ADVANCED_FACE('',(#2434),#2445,.F.);
#2434 = FACE_BOUND('',#2435,.F.);
#2435 = EDGE_LOOP('',(#2436,#2437,#2443,#2444));
#2436 = ORIENTED_EDGE('',*,*,#2422,.F.);
#2437 = ORIENTED_EDGE('',*,*,#2438,.T.);
#2438 = EDGE_CURVE('',#2415,#2271,#2439,.T.);
#2439 = LINE('',#2440,#2441);
#2440 = CARTESIAN_POINT('',(-22.5,4.695,9.545));
#2441 = VECTOR('',#2442,1.);
#2442 = DIRECTION('',(0.,-0.707106781187,-0.707106781187));
#2443 = ORIENTED_EDGE('',*,*,#2270,.T.);
#2444 = ORIENTED_EDGE('',*,*,#1353,.F.);
#2445 = PLANE('',#2446);
#2446 = AXIS2_PLACEMENT_3D('',#2447,#2448,#2449);
#2447 = CARTESIAN_POINT('',(0.,6.065,10.915));
#2448 = DIRECTION('',(0.,-0.707106781187,0.707106781187));
#2449 = DIRECTION('',(0.,-0.707106781187,-0.707106781187));
#2450 = ADVANCED_FACE('',(#2451),#2469,.F.);
#2451 = FACE_BOUND('',#2452,.F.);
#2452 = EDGE_LOOP('',(#2453,#2454,#2455,#2463));
#2453 = ORIENTED_EDGE('',*,*,#1766,.F.);
#2454 = ORIENTED_EDGE('',*,*,#2238,.T.);
#2455 = ORIENTED_EDGE('',*,*,#2456,.T.);
#2456 = EDGE_CURVE('',#2231,#2457,#2459,.T.);
#2457 = VERTEX_POINT('',#2458);
#2458 = CARTESIAN_POINT('',(-22.5,-8.15,13.));
#2459 = LINE('',#2460,#2461);
#2460 = CARTESIAN_POINT('',(-22.5,1.055,3.795));
#2461 = VECTOR('',#2462,1.);
#2462 = DIRECTION('',(0.,-0.707106781187,0.707106781187));
#2463 = ORIENTED_EDGE('',*,*,#2464,.T.);
#2464 = EDGE_CURVE('',#2457,#1759,#2465,.T.);
#2465 = LINE('',#2466,#2467);
#2466 = CARTESIAN_POINT('',(0.,-8.15,13.));
#2467 = VECTOR('',#2468,1.);
#2468 = DIRECTION('',(1.,0.,0.));
#2469 = PLANE('',#2470);
#2470 = AXIS2_PLACEMENT_3D('',#2471,#2472,#2473);
#2471 = CARTESIAN_POINT('',(0.,-6.065,10.915));
#2472 = DIRECTION('',(0.,0.707106781187,0.707106781187));
#2473 = DIRECTION('',(0.,-0.707106781187,0.707106781187));
#2474 = ADVANCED_FACE('',(#2475),#2496,.F.);
#2475 = FACE_BOUND('',#2476,.F.);
#2476 = EDGE_LOOP('',(#2477,#2478,#2486,#2493,#2494,#2495));
#2477 = ORIENTED_EDGE('',*,*,#2464,.F.);
#2478 = ORIENTED_EDGE('',*,*,#2479,.T.);
#2479 = EDGE_CURVE('',#2457,#2480,#2482,.T.);
#2480 = VERTEX_POINT('',#2481);
#2481 = CARTESIAN_POINT('',(-22.5,-11.5,9.65));
#2482 = LINE('',#2483,#2484);
#2483 = CARTESIAN_POINT('',(-22.5,-7.53,13.62));
#2484 = VECTOR('',#2485,1.);
#2485 = DIRECTION('',(0.,-0.707106781187,-0.707106781187));
#2486 = ORIENTED_EDGE('',*,*,#2487,.T.);
#2487 = EDGE_CURVE('',#2480,#2206,#2488,.T.);
#2488 = ELLIPSE('',#2489,8.485281374239,6.);
#2489 = AXIS2_PLACEMENT_3D('',#2490,#2491,#2492);
#2490 = CARTESIAN_POINT('',(-16.5,-11.5,9.65));
#2491 = DIRECTION('',(0.,-0.707106781187,0.707106781187));
#2492 = DIRECTION('',(0.,-0.707106781187,-0.707106781187));
#2493 = ORIENTED_EDGE('',*,*,#2205,.T.);
#2494 = ORIENTED_EDGE('',*,*,#1932,.F.);
#2495 = ORIENTED_EDGE('',*,*,#1758,.F.);
#2496 = PLANE('',#2497);
#2497 = AXIS2_PLACEMENT_3D('',#2498,#2499,#2500);
#2498 = CARTESIAN_POINT('',(0.,-10.235,10.915));
#2499 = DIRECTION('',(0.,-0.707106781187,0.707106781187));
#2500 = DIRECTION('',(0.,-0.707106781187,-0.707106781187));
#2501 = ADVANCED_FACE('',(#2502),#2520,.F.);
#2502 = FACE_BOUND('',#2503,.F.);
#2503 = EDGE_LOOP('',(#2504,#2512,#2513,#2514));
#2504 = ORIENTED_EDGE('',*,*,#2505,.F.);
#2505 = EDGE_CURVE('',#1903,#2506,#2508,.T.);
#2506 = VERTEX_POINT('',#2507);
#2507 = CARTESIAN_POINT('',(-10.65,-17.5,13.));
#2508 = LINE('',#2509,#2510);
#2509 = CARTESIAN_POINT('',(-10.65,2.886579864025E-15,13.));
#2510 = VECTOR('',#2511,1.);
#2511 = DIRECTION('',(0.,-1.,2.22044604925E-16));
#2512 = ORIENTED_EDGE('',*,*,#1910,.F.);
#2513 = ORIENTED_EDGE('',*,*,#2190,.T.);
#2514 = ORIENTED_EDGE('',*,*,#2515,.T.);
#2515 = EDGE_CURVE('',#2183,#2506,#2516,.T.);
#2516 = LINE('',#2517,#2518);
#2517 = CARTESIAN_POINT('',(-16.78,-17.5,6.87));
#2518 = VECTOR('',#2519,1.);
#2519 = DIRECTION('',(0.707106781187,0.,0.707106781187));
#2520 = PLANE('',#2521);
#2521 = AXIS2_PLACEMENT_3D('',#2522,#2523,#2524);
#2522 = CARTESIAN_POINT('',(-13.485,0.,10.165));
#2523 = DIRECTION('',(-0.707106781187,1.556475906809E-16,0.707106781187)
  );
#2524 = DIRECTION('',(-0.707106781187,-2.13420857757E-33,-0.707106781187
    ));
#2525 = ADVANCED_FACE('',(#2526),#2537,.F.);
#2526 = FACE_BOUND('',#2527,.F.);
#2527 = EDGE_LOOP('',(#2528,#2534,#2535,#2536));
#2528 = ORIENTED_EDGE('',*,*,#2529,.T.);
#2529 = EDGE_CURVE('',#2506,#2158,#2530,.T.);
#2530 = LINE('',#2531,#2532);
#2531 = CARTESIAN_POINT('',(-7.445,-17.5,9.795));
#2532 = VECTOR('',#2533,1.);
#2533 = DIRECTION('',(0.707106781187,0.,-0.707106781187));
#2534 = ORIENTED_EDGE('',*,*,#2157,.T.);
#2535 = ORIENTED_EDGE('',*,*,#1902,.F.);
#2536 = ORIENTED_EDGE('',*,*,#2505,.T.);
#2537 = PLANE('',#2538);
#2538 = AXIS2_PLACEMENT_3D('',#2539,#2540,#2541);
#2539 = CARTESIAN_POINT('',(-7.815,0.,10.165));
#2540 = DIRECTION('',(0.707106781187,1.56848510123E-16,0.707106781187));
#2541 = DIRECTION('',(0.707106781187,-3.427358619014E-33,-0.707106781187
    ));
#2542 = ADVANCED_FACE('',(#2543),#2561,.F.);
#2543 = FACE_BOUND('',#2544,.F.);
#2544 = EDGE_LOOP('',(#2545,#2553,#2554,#2555));
#2545 = ORIENTED_EDGE('',*,*,#2546,.F.);
#2546 = EDGE_CURVE('',#1436,#2547,#2549,.T.);
#2547 = VERTEX_POINT('',#2548);
#2548 = CARTESIAN_POINT('',(10.65,-17.5,13.));
#2549 = LINE('',#2550,#2551);
#2550 = CARTESIAN_POINT('',(10.65,2.886579864025E-15,13.));
#2551 = VECTOR('',#2552,1.);
#2552 = DIRECTION('',(0.,-1.,2.22044604925E-16));
#2553 = ORIENTED_EDGE('',*,*,#1443,.F.);
#2554 = ORIENTED_EDGE('',*,*,#2125,.T.);
#2555 = ORIENTED_EDGE('',*,*,#2556,.T.);
#2556 = EDGE_CURVE('',#2118,#2547,#2557,.T.);
#2557 = LINE('',#2558,#2559);
#2558 = CARTESIAN_POINT('',(-0.805,-17.5,1.545));
#2559 = VECTOR('',#2560,1.);
#2560 = DIRECTION('',(0.707106781187,0.,0.707106781187));
#2561 = PLANE('',#2562);
#2562 = AXIS2_PLACEMENT_3D('',#2563,#2564,#2565);
#2563 = CARTESIAN_POINT('',(7.815,0.,10.165));
#2564 = DIRECTION('',(-0.707106781187,1.561705812811E-16,0.707106781187)
  );
#2565 = DIRECTION('',(-0.707106781187,2.233461937325E-33,-0.707106781187
    ));
#2566 = ADVANCED_FACE('',(#2567),#2578,.F.);
#2567 = FACE_BOUND('',#2568,.F.);
#2568 = EDGE_LOOP('',(#2569,#2575,#2576,#2577));
#2569 = ORIENTED_EDGE('',*,*,#2570,.T.);
#2570 = EDGE_CURVE('',#2547,#2093,#2571,.T.);
#2571 = LINE('',#2572,#2573);
#2572 = CARTESIAN_POINT('',(8.53,-17.5,15.12));
#2573 = VECTOR('',#2574,1.);
#2574 = DIRECTION('',(0.707106781187,0.,-0.707106781187));
#2575 = ORIENTED_EDGE('',*,*,#2092,.T.);
#2576 = ORIENTED_EDGE('',*,*,#1435,.F.);
#2577 = ORIENTED_EDGE('',*,*,#2546,.T.);
#2578 = PLANE('',#2579);
#2579 = AXIS2_PLACEMENT_3D('',#2580,#2581,#2582);
#2580 = CARTESIAN_POINT('',(13.485,0.,10.165));
#2581 = DIRECTION('',(0.707106781187,1.569518022842E-16,0.707106781187)
  );
#2582 = DIRECTION('',(0.707106781187,2.521446359966E-33,-0.707106781187)
  );
#2583 = ADVANCED_FACE('',(#2584),#2595,.F.);
#2584 = FACE_BOUND('',#2585,.F.);
#2585 = EDGE_LOOP('',(#2586,#2587,#2588,#2589));
#2586 = ORIENTED_EDGE('',*,*,#1695,.T.);
#2587 = ORIENTED_EDGE('',*,*,#2318,.T.);
#2588 = ORIENTED_EDGE('',*,*,#1274,.T.);
#2589 = ORIENTED_EDGE('',*,*,#2590,.T.);
#2590 = EDGE_CURVE('',#1267,#1696,#2591,.T.);
#2591 = LINE('',#2592,#2593);
#2592 = CARTESIAN_POINT('',(0.,8.15,13.));
#2593 = VECTOR('',#2594,1.);
#2594 = DIRECTION('',(1.,0.,0.));
#2595 = PLANE('',#2596);
#2596 = AXIS2_PLACEMENT_3D('',#2597,#2598,#2599);
#2597 = CARTESIAN_POINT('',(0.,10.235,10.915));
#2598 = DIRECTION('',(0.,0.707106781187,0.707106781187));
#2599 = DIRECTION('',(0.,0.707106781187,-0.707106781187));
#2600 = ADVANCED_FACE('',(#2601),#2607,.F.);
#2601 = FACE_BOUND('',#2602,.F.);
#2602 = EDGE_LOOP('',(#2603,#2604,#2605,#2606));
#2603 = ORIENTED_EDGE('',*,*,#2590,.F.);
#2604 = ORIENTED_EDGE('',*,*,#1266,.T.);
#2605 = ORIENTED_EDGE('',*,*,#2386,.T.);
#2606 = ORIENTED_EDGE('',*,*,#1703,.T.);
#2607 = PLANE('',#2608);
#2608 = AXIS2_PLACEMENT_3D('',#2609,#2610,#2611);
#2609 = CARTESIAN_POINT('',(0.,6.065,10.915));
#2610 = DIRECTION('',(0.,-0.707106781187,0.707106781187));
#2611 = DIRECTION('',(0.,-0.707106781187,-0.707106781187));
#2612 = ADVANCED_FACE('',(#2613),#2624,.F.);
#2613 = FACE_BOUND('',#2614,.F.);
#2614 = EDGE_LOOP('',(#2615,#2616,#2617,#2618));
#2615 = ORIENTED_EDGE('',*,*,#1806,.T.);
#2616 = ORIENTED_EDGE('',*,*,#2335,.T.);
#2617 = ORIENTED_EDGE('',*,*,#1322,.T.);
#2618 = ORIENTED_EDGE('',*,*,#2619,.T.);
#2619 = EDGE_CURVE('',#1315,#1807,#2620,.T.);
#2620 = LINE('',#2621,#2622);
#2621 = CARTESIAN_POINT('',(-10.65,2.886579864025E-15,13.));
#2622 = VECTOR('',#2623,1.);
#2623 = DIRECTION('',(0.,-1.,2.22044604925E-16));
#2624 = PLANE('',#2625);
#2625 = AXIS2_PLACEMENT_3D('',#2626,#2627,#2628);
#2626 = CARTESIAN_POINT('',(-7.815,0.,10.165));
#2627 = DIRECTION('',(0.707106781187,1.56848510123E-16,0.707106781187));
#2628 = DIRECTION('',(0.707106781187,-3.427358619014E-33,-0.707106781187
    ));
#2629 = ADVANCED_FACE('',(#2630),#2636,.F.);
#2630 = FACE_BOUND('',#2631,.F.);
#2631 = EDGE_LOOP('',(#2632,#2633,#2634,#2635));
#2632 = ORIENTED_EDGE('',*,*,#2619,.F.);
#2633 = ORIENTED_EDGE('',*,*,#1314,.T.);
#2634 = ORIENTED_EDGE('',*,*,#2253,.T.);
#2635 = ORIENTED_EDGE('',*,*,#1814,.T.);
#2636 = PLANE('',#2637);
#2637 = AXIS2_PLACEMENT_3D('',#2638,#2639,#2640);
#2638 = CARTESIAN_POINT('',(-13.485,0.,10.165));
#2639 = DIRECTION('',(-0.707106781187,1.556475906809E-16,0.707106781187)
  );
#2640 = DIRECTION('',(-0.707106781187,-2.13420857757E-33,-0.707106781187
    ));
#2641 = ADVANCED_FACE('',(#2642),#2653,.F.);
#2642 = FACE_BOUND('',#2643,.F.);
#2643 = EDGE_LOOP('',(#2644,#2650,#2651,#2652));
#2644 = ORIENTED_EDGE('',*,*,#2645,.F.);
#2645 = EDGE_CURVE('',#1855,#1484,#2646,.T.);
#2646 = LINE('',#2647,#2648);
#2647 = CARTESIAN_POINT('',(0.,-8.15,13.));
#2648 = VECTOR('',#2649,1.);
#2649 = DIRECTION('',(1.,0.,0.));
#2650 = ORIENTED_EDGE('',*,*,#1854,.T.);
#2651 = ORIENTED_EDGE('',*,*,#2140,.T.);
#2652 = ORIENTED_EDGE('',*,*,#1491,.T.);
#2653 = PLANE('',#2654);
#2654 = AXIS2_PLACEMENT_3D('',#2655,#2656,#2657);
#2655 = CARTESIAN_POINT('',(0.,-10.235,10.915));
#2656 = DIRECTION('',(0.,-0.707106781187,0.707106781187));
#2657 = DIRECTION('',(0.,-0.707106781187,-0.707106781187));
#2658 = ADVANCED_FACE('',(#2659),#2665,.F.);
#2659 = FACE_BOUND('',#2660,.F.);
#2660 = EDGE_LOOP('',(#2661,#2662,#2663,#2664));
#2661 = ORIENTED_EDGE('',*,*,#1483,.T.);
#2662 = ORIENTED_EDGE('',*,*,#2352,.T.);
#2663 = ORIENTED_EDGE('',*,*,#1862,.T.);
#2664 = ORIENTED_EDGE('',*,*,#2645,.T.);
#2665 = PLANE('',#2666);
#2666 = AXIS2_PLACEMENT_3D('',#2667,#2668,#2669);
#2667 = CARTESIAN_POINT('',(0.,-6.065,10.915));
#2668 = DIRECTION('',(0.,0.707106781187,0.707106781187));
#2669 = DIRECTION('',(0.,-0.707106781187,0.707106781187));
#2670 = ADVANCED_FACE('',(#2671),#2682,.F.);
#2671 = FACE_BOUND('',#2672,.F.);
#2672 = EDGE_LOOP('',(#2673,#2679,#2680,#2681));
#2673 = ORIENTED_EDGE('',*,*,#2674,.F.);
#2674 = EDGE_CURVE('',#1648,#1532,#2675,.T.);
#2675 = LINE('',#2676,#2677);
#2676 = CARTESIAN_POINT('',(10.65,2.886579864025E-15,13.));
#2677 = VECTOR('',#2678,1.);
#2678 = DIRECTION('',(0.,-1.,2.22044604925E-16));
#2679 = ORIENTED_EDGE('',*,*,#1647,.T.);
#2680 = ORIENTED_EDGE('',*,*,#2369,.T.);
#2681 = ORIENTED_EDGE('',*,*,#1539,.T.);
#2682 = PLANE('',#2683);
#2683 = AXIS2_PLACEMENT_3D('',#2684,#2685,#2686);
#2684 = CARTESIAN_POINT('',(7.815,0.,10.165));
#2685 = DIRECTION('',(-0.707106781187,1.561705812811E-16,0.707106781187)
  );
#2686 = DIRECTION('',(-0.707106781187,2.233461937325E-33,-0.707106781187
    ));
#2687 = ADVANCED_FACE('',(#2688),#2694,.F.);
#2688 = FACE_BOUND('',#2689,.F.);
#2689 = EDGE_LOOP('',(#2690,#2691,#2692,#2693));
#2690 = ORIENTED_EDGE('',*,*,#1531,.T.);
#2691 = ORIENTED_EDGE('',*,*,#2058,.T.);
#2692 = ORIENTED_EDGE('',*,*,#1655,.T.);
#2693 = ORIENTED_EDGE('',*,*,#2674,.T.);
#2694 = PLANE('',#2695);
#2695 = AXIS2_PLACEMENT_3D('',#2696,#2697,#2698);
#2696 = CARTESIAN_POINT('',(13.485,0.,10.165));
#2697 = DIRECTION('',(0.707106781187,1.569518022842E-16,0.707106781187)
  );
#2698 = DIRECTION('',(0.707106781187,2.521446359966E-33,-0.707106781187)
  );
#2699 = ADVANCED_FACE('',(#2700,#2725,#2732),#2739,.T.);
#2700 = FACE_BOUND('',#2701,.T.);
#2701 = EDGE_LOOP('',(#2702,#2703,#2711,#2719));
#2702 = ORIENTED_EDGE('',*,*,#200,.F.);
#2703 = ORIENTED_EDGE('',*,*,#2704,.F.);
#2704 = EDGE_CURVE('',#2705,#192,#2707,.T.);
#2705 = VERTEX_POINT('',#2706);
#2706 = CARTESIAN_POINT('',(16.5,17.5,0.));
#2707 = LINE('',#2708,#2709);
#2708 = CARTESIAN_POINT('',(16.5,17.5,0.));
#2709 = VECTOR('',#2710,1.);
#2710 = DIRECTION('',(0.,0.,1.));
#2711 = ORIENTED_EDGE('',*,*,#2712,.T.);
#2712 = EDGE_CURVE('',#2705,#2713,#2715,.T.);
#2713 = VERTEX_POINT('',#2714);
#2714 = CARTESIAN_POINT('',(-16.5,17.5,0.));
#2715 = LINE('',#2716,#2717);
#2716 = CARTESIAN_POINT('',(16.5,17.5,0.));
#2717 = VECTOR('',#2718,1.);
#2718 = DIRECTION('',(-1.,0.,0.));
#2719 = ORIENTED_EDGE('',*,*,#2720,.T.);
#2720 = EDGE_CURVE('',#2713,#201,#2721,.T.);
#2721 = LINE('',#2722,#2723);
#2722 = CARTESIAN_POINT('',(-16.5,17.5,0.));
#2723 = VECTOR('',#2724,1.);
#2724 = DIRECTION('',(0.,0.,1.));
#2725 = FACE_BOUND('',#2726,.T.);
#2726 = EDGE_LOOP('',(#2727,#2728,#2729,#2730,#2731));
#2727 = ORIENTED_EDGE('',*,*,#992,.T.);
#2728 = ORIENTED_EDGE('',*,*,#1031,.T.);
#2729 = ORIENTED_EDGE('',*,*,#1054,.T.);
#2730 = ORIENTED_EDGE('',*,*,#1085,.T.);
#2731 = ORIENTED_EDGE('',*,*,#490,.F.);
#2732 = FACE_BOUND('',#2733,.T.);
#2733 = EDGE_LOOP('',(#2734,#2735,#2736,#2737,#2738));
#2734 = ORIENTED_EDGE('',*,*,#1107,.T.);
#2735 = ORIENTED_EDGE('',*,*,#1146,.T.);
#2736 = ORIENTED_EDGE('',*,*,#1169,.T.);
#2737 = ORIENTED_EDGE('',*,*,#1200,.T.);
#2738 = ORIENTED_EDGE('',*,*,#554,.F.);
#2739 = PLANE('',#2740);
#2740 = AXIS2_PLACEMENT_3D('',#2741,#2742,#2743);
#2741 = CARTESIAN_POINT('',(-1.005485003434E-16,17.5,10.));
#2742 = DIRECTION('',(0.,1.,0.));
#2743 = DIRECTION('',(0.,0.,1.));
#2744 = ADVANCED_FACE('',(#2745),#2790,.T.);
#2745 = FACE_BOUND('',#2746,.T.);
#2746 = EDGE_LOOP('',(#2747,#2748,#2749,#2750,#2751,#2759,#2767,#2773,
    #2774,#2775,#2776,#2777,#2783,#2784));
#2747 = ORIENTED_EDGE('',*,*,#1986,.T.);
#2748 = ORIENTED_EDGE('',*,*,#2000,.T.);
#2749 = ORIENTED_EDGE('',*,*,#2025,.T.);
#2750 = ORIENTED_EDGE('',*,*,#832,.F.);
#2751 = ORIENTED_EDGE('',*,*,#2752,.F.);
#2752 = EDGE_CURVE('',#2753,#824,#2755,.T.);
#2753 = VERTEX_POINT('',#2754);
#2754 = CARTESIAN_POINT('',(22.5,-11.5,0.));
#2755 = LINE('',#2756,#2757);
#2756 = CARTESIAN_POINT('',(22.5,-11.5,0.));
#2757 = VECTOR('',#2758,1.);
#2758 = DIRECTION('',(0.,0.,1.));
#2759 = ORIENTED_EDGE('',*,*,#2760,.T.);
#2760 = EDGE_CURVE('',#2753,#2761,#2763,.T.);
#2761 = VERTEX_POINT('',#2762);
#2762 = CARTESIAN_POINT('',(22.5,11.5,0.));
#2763 = LINE('',#2764,#2765);
#2764 = CARTESIAN_POINT('',(22.5,-11.5,0.));
#2765 = VECTOR('',#2766,1.);
#2766 = DIRECTION('',(0.,1.,0.));
#2767 = ORIENTED_EDGE('',*,*,#2768,.T.);
#2768 = EDGE_CURVE('',#2761,#458,#2769,.T.);
#2769 = LINE('',#2770,#2771);
#2770 = CARTESIAN_POINT('',(22.5,11.5,0.));
#2771 = VECTOR('',#2772,1.);
#2772 = DIRECTION('',(0.,0.,1.));
#2773 = ORIENTED_EDGE('',*,*,#455,.F.);
#2774 = ORIENTED_EDGE('',*,*,#2042,.T.);
#2775 = ORIENTED_EDGE('',*,*,#127,.T.);
#2776 = ORIENTED_EDGE('',*,*,#65,.T.);
#2777 = ORIENTED_EDGE('',*,*,#2778,.T.);
#2778 = EDGE_CURVE('',#22,#190,#2779,.T.);
#2779 = LINE('',#2780,#2781);
#2780 = CARTESIAN_POINT('',(22.5,11.5,0.));
#2781 = VECTOR('',#2782,1.);
#2782 = DIRECTION('',(0.,0.,1.));
#2783 = ORIENTED_EDGE('',*,*,#251,.F.);
#2784 = ORIENTED_EDGE('',*,*,#2785,.F.);
#2785 = EDGE_CURVE('',#1978,#243,#2786,.T.);
#2786 = LINE('',#2787,#2788);
#2787 = CARTESIAN_POINT('',(22.5,-11.5,0.));
#2788 = VECTOR('',#2789,1.);
#2789 = DIRECTION('',(0.,0.,1.));
#2790 = PLANE('',#2791);
#2791 = AXIS2_PLACEMENT_3D('',#2792,#2793,#2794);
#2792 = CARTESIAN_POINT('',(22.5,-4.710659341523E-16,9.10699330729));
#2793 = DIRECTION('',(1.,0.,0.));
#2794 = DIRECTION('',(0.,0.,1.));
#2795 = ADVANCED_FACE('',(#2796),#2884,.T.);
#2796 = FACE_BOUND('',#2797,.T.);
#2797 = EDGE_LOOP('',(#2798,#2807,#2814,#2815,#2824,#2833,#2841,#2850,
    #2859,#2867,#2876,#2883));
#2798 = ORIENTED_EDGE('',*,*,#2799,.F.);
#2799 = EDGE_CURVE('',#2800,#2705,#2802,.T.);
#2800 = VERTEX_POINT('',#2801);
#2801 = CARTESIAN_POINT('',(22.443702549758,12.32,0.));
#2802 = CIRCLE('',#2803,6.);
#2803 = AXIS2_PLACEMENT_3D('',#2804,#2805,#2806);
#2804 = CARTESIAN_POINT('',(16.5,11.5,0.));
#2805 = DIRECTION('',(0.,0.,1.));
#2806 = DIRECTION('',(1.,0.,0.));
#2807 = ORIENTED_EDGE('',*,*,#2808,.F.);
#2808 = EDGE_CURVE('',#2761,#2800,#2809,.T.);
#2809 = CIRCLE('',#2810,6.);
#2810 = AXIS2_PLACEMENT_3D('',#2811,#2812,#2813);
#2811 = CARTESIAN_POINT('',(16.5,11.5,0.));
#2812 = DIRECTION('',(0.,0.,1.));
#2813 = DIRECTION('',(1.,0.,0.));
#2814 = ORIENTED_EDGE('',*,*,#2760,.F.);
#2815 = ORIENTED_EDGE('',*,*,#2816,.F.);
#2816 = EDGE_CURVE('',#2817,#2753,#2819,.T.);
#2817 = VERTEX_POINT('',#2818);
#2818 = CARTESIAN_POINT('',(22.443702549758,-12.32,0.));
#2819 = CIRCLE('',#2820,6.);
#2820 = AXIS2_PLACEMENT_3D('',#2821,#2822,#2823);
#2821 = CARTESIAN_POINT('',(16.5,-11.5,0.));
#2822 = DIRECTION('',(0.,0.,1.));
#2823 = DIRECTION('',(1.,0.,0.));
#2824 = ORIENTED_EDGE('',*,*,#2825,.F.);
#2825 = EDGE_CURVE('',#2826,#2817,#2828,.T.);
#2826 = VERTEX_POINT('',#2827);
#2827 = CARTESIAN_POINT('',(16.5,-17.5,0.));
#2828 = CIRCLE('',#2829,6.);
#2829 = AXIS2_PLACEMENT_3D('',#2830,#2831,#2832);
#2830 = CARTESIAN_POINT('',(16.5,-11.5,0.));
#2831 = DIRECTION('',(0.,0.,1.));
#2832 = DIRECTION('',(1.,0.,0.));
#2833 = ORIENTED_EDGE('',*,*,#2834,.F.);
#2834 = EDGE_CURVE('',#2835,#2826,#2837,.T.);
#2835 = VERTEX_POINT('',#2836);
#2836 = CARTESIAN_POINT('',(-16.5,-17.5,0.));
#2837 = LINE('',#2838,#2839);
#2838 = CARTESIAN_POINT('',(-16.5,-17.5,0.));
#2839 = VECTOR('',#2840,1.);
#2840 = DIRECTION('',(1.,0.,0.));
#2841 = ORIENTED_EDGE('',*,*,#2842,.F.);
#2842 = EDGE_CURVE('',#2843,#2835,#2845,.T.);
#2843 = VERTEX_POINT('',#2844);
#2844 = CARTESIAN_POINT('',(-22.44370254975,-12.32,0.));
#2845 = CIRCLE('',#2846,6.);
#2846 = AXIS2_PLACEMENT_3D('',#2847,#2848,#2849);
#2847 = CARTESIAN_POINT('',(-16.5,-11.5,0.));
#2848 = DIRECTION('',(0.,0.,1.));
#2849 = DIRECTION('',(1.,0.,0.));
#2850 = ORIENTED_EDGE('',*,*,#2851,.F.);
#2851 = EDGE_CURVE('',#2852,#2843,#2854,.T.);
#2852 = VERTEX_POINT('',#2853);
#2853 = CARTESIAN_POINT('',(-22.5,-11.5,0.));
#2854 = CIRCLE('',#2855,6.);
#2855 = AXIS2_PLACEMENT_3D('',#2856,#2857,#2858);
#2856 = CARTESIAN_POINT('',(-16.5,-11.5,0.));
#2857 = DIRECTION('',(0.,0.,1.));
#2858 = DIRECTION('',(1.,0.,0.));
#2859 = ORIENTED_EDGE('',*,*,#2860,.F.);
#2860 = EDGE_CURVE('',#2861,#2852,#2863,.T.);
#2861 = VERTEX_POINT('',#2862);
#2862 = CARTESIAN_POINT('',(-22.5,11.5,0.));
#2863 = LINE('',#2864,#2865);
#2864 = CARTESIAN_POINT('',(-22.5,11.5,0.));
#2865 = VECTOR('',#2866,1.);
#2866 = DIRECTION('',(0.,-1.,0.));
#2867 = ORIENTED_EDGE('',*,*,#2868,.F.);
#2868 = EDGE_CURVE('',#2869,#2861,#2871,.T.);
#2869 = VERTEX_POINT('',#2870);
#2870 = CARTESIAN_POINT('',(-22.44370254975,12.32,0.));
#2871 = CIRCLE('',#2872,6.);
#2872 = AXIS2_PLACEMENT_3D('',#2873,#2874,#2875);
#2873 = CARTESIAN_POINT('',(-16.5,11.5,0.));
#2874 = DIRECTION('',(0.,0.,1.));
#2875 = DIRECTION('',(1.,0.,0.));
#2876 = ORIENTED_EDGE('',*,*,#2877,.F.);
#2877 = EDGE_CURVE('',#2713,#2869,#2878,.T.);
#2878 = CIRCLE('',#2879,6.);
#2879 = AXIS2_PLACEMENT_3D('',#2880,#2881,#2882);
#2880 = CARTESIAN_POINT('',(-16.5,11.5,0.));
#2881 = DIRECTION('',(0.,0.,1.));
#2882 = DIRECTION('',(1.,0.,0.));
#2883 = ORIENTED_EDGE('',*,*,#2712,.F.);
#2884 = PLANE('',#2885);
#2885 = AXIS2_PLACEMENT_3D('',#2886,#2887,#2888);
#2886 = CARTESIAN_POINT('',(1.040562437047E-16,6.897442439857E-16,0.));
#2887 = DIRECTION('',(-0.,-0.,-1.));
#2888 = DIRECTION('',(-1.,0.,0.));
#2889 = ADVANCED_FACE('',(#2890),#2926,.T.);
#2890 = FACE_BOUND('',#2891,.T.);
#2891 = EDGE_LOOP('',(#2892,#2893,#2894,#2895,#2896,#2902,#2903,#2909,
    #2910,#2911,#2912,#2913,#2919,#2920));
#2892 = ORIENTED_EDGE('',*,*,#2414,.T.);
#2893 = ORIENTED_EDGE('',*,*,#2438,.T.);
#2894 = ORIENTED_EDGE('',*,*,#2278,.T.);
#2895 = ORIENTED_EDGE('',*,*,#604,.F.);
#2896 = ORIENTED_EDGE('',*,*,#2897,.F.);
#2897 = EDGE_CURVE('',#2861,#596,#2898,.T.);
#2898 = LINE('',#2899,#2900);
#2899 = CARTESIAN_POINT('',(-22.5,11.5,0.));
#2900 = VECTOR('',#2901,1.);
#2901 = DIRECTION('',(0.,0.,1.));
#2902 = ORIENTED_EDGE('',*,*,#2860,.T.);
#2903 = ORIENTED_EDGE('',*,*,#2904,.T.);
#2904 = EDGE_CURVE('',#2852,#669,#2905,.T.);
#2905 = LINE('',#2906,#2907);
#2906 = CARTESIAN_POINT('',(-22.5,-11.5,0.));
#2907 = VECTOR('',#2908,1.);
#2908 = DIRECTION('',(0.,0.,1.));
#2909 = ORIENTED_EDGE('',*,*,#668,.F.);
#2910 = ORIENTED_EDGE('',*,*,#2230,.T.);
#2911 = ORIENTED_EDGE('',*,*,#2456,.T.);
#2912 = ORIENTED_EDGE('',*,*,#2479,.T.);
#2913 = ORIENTED_EDGE('',*,*,#2914,.T.);
#2914 = EDGE_CURVE('',#2480,#218,#2915,.T.);
#2915 = LINE('',#2916,#2917);
#2916 = CARTESIAN_POINT('',(-22.5,-11.5,0.));
#2917 = VECTOR('',#2918,1.);
#2918 = DIRECTION('',(0.,0.,1.));
#2919 = ORIENTED_EDGE('',*,*,#217,.F.);
#2920 = ORIENTED_EDGE('',*,*,#2921,.F.);
#2921 = EDGE_CURVE('',#2406,#209,#2922,.T.);
#2922 = LINE('',#2923,#2924);
#2923 = CARTESIAN_POINT('',(-22.5,11.5,0.));
#2924 = VECTOR('',#2925,1.);
#2925 = DIRECTION('',(0.,0.,1.));
#2926 = PLANE('',#2927);
#2927 = AXIS2_PLACEMENT_3D('',#2928,#2929,#2930);
#2928 = CARTESIAN_POINT('',(-22.5,-2.355329670762E-16,9.10699330729));
#2929 = DIRECTION('',(-1.,-0.,-0.));
#2930 = DIRECTION('',(0.,0.,-1.));
#2931 = ADVANCED_FACE('',(#2932,#2948,#2955),#2962,.T.);
#2932 = FACE_BOUND('',#2933,.T.);
#2933 = EDGE_LOOP('',(#2934,#2935,#2941,#2942));
#2934 = ORIENTED_EDGE('',*,*,#234,.F.);
#2935 = ORIENTED_EDGE('',*,*,#2936,.F.);
#2936 = EDGE_CURVE('',#2835,#226,#2937,.T.);
#2937 = LINE('',#2938,#2939);
#2938 = CARTESIAN_POINT('',(-16.5,-17.5,0.));
#2939 = VECTOR('',#2940,1.);
#2940 = DIRECTION('',(0.,0.,1.));
#2941 = ORIENTED_EDGE('',*,*,#2834,.T.);
#2942 = ORIENTED_EDGE('',*,*,#2943,.T.);
#2943 = EDGE_CURVE('',#2826,#235,#2944,.T.);
#2944 = LINE('',#2945,#2946);
#2945 = CARTESIAN_POINT('',(16.5,-17.5,0.));
#2946 = VECTOR('',#2947,1.);
#2947 = DIRECTION('',(0.,0.,1.));
#2948 = FACE_BOUND('',#2949,.T.);
#2949 = EDGE_LOOP('',(#2950,#2951,#2952,#2953,#2954));
#2950 = ORIENTED_EDGE('',*,*,#2182,.T.);
#2951 = ORIENTED_EDGE('',*,*,#2515,.T.);
#2952 = ORIENTED_EDGE('',*,*,#2529,.T.);
#2953 = ORIENTED_EDGE('',*,*,#2165,.T.);
#2954 = ORIENTED_EDGE('',*,*,#718,.F.);
#2955 = FACE_BOUND('',#2956,.T.);
#2956 = EDGE_LOOP('',(#2957,#2958,#2959,#2960,#2961));
#2957 = ORIENTED_EDGE('',*,*,#2117,.T.);
#2958 = ORIENTED_EDGE('',*,*,#2556,.T.);
#2959 = ORIENTED_EDGE('',*,*,#2570,.T.);
#2960 = ORIENTED_EDGE('',*,*,#2100,.T.);
#2961 = ORIENTED_EDGE('',*,*,#782,.F.);
#2962 = PLANE('',#2963);
#2963 = AXIS2_PLACEMENT_3D('',#2964,#2965,#2966);
#2964 = CARTESIAN_POINT('',(1.005485003434E-16,-17.5,10.));
#2965 = DIRECTION('',(-0.,-1.,-0.));
#2966 = DIRECTION('',(0.,0.,-1.));
#2967 = ADVANCED_FACE('',(#2968),#2979,.T.);
#2968 = FACE_BOUND('',#2969,.F.);
#2969 = EDGE_LOOP('',(#2970,#2971,#2972,#2973,#2974,#2975,#2976,#2977,
    #2978));
#2970 = ORIENTED_EDGE('',*,*,#465,.T.);
#2971 = ORIENTED_EDGE('',*,*,#80,.F.);
#2972 = ORIENTED_EDGE('',*,*,#21,.F.);
#2973 = ORIENTED_EDGE('',*,*,#2778,.T.);
#2974 = ORIENTED_EDGE('',*,*,#189,.T.);
#2975 = ORIENTED_EDGE('',*,*,#2704,.F.);
#2976 = ORIENTED_EDGE('',*,*,#2799,.F.);
#2977 = ORIENTED_EDGE('',*,*,#2808,.F.);
#2978 = ORIENTED_EDGE('',*,*,#2768,.T.);
#2979 = CYLINDRICAL_SURFACE('',#2980,6.);
#2980 = AXIS2_PLACEMENT_3D('',#2981,#2982,#2983);
#2981 = CARTESIAN_POINT('',(16.5,11.5,0.));
#2982 = DIRECTION('',(-0.,-0.,-1.));
#2983 = DIRECTION('',(1.,0.,0.));
#2984 = ADVANCED_FACE('',(#2985),#2996,.T.);
#2985 = FACE_BOUND('',#2986,.F.);
#2986 = EDGE_LOOP('',(#2987,#2988,#2989,#2990,#2991,#2992,#2993,#2994,
    #2995));
#2987 = ORIENTED_EDGE('',*,*,#2897,.F.);
#2988 = ORIENTED_EDGE('',*,*,#2868,.F.);
#2989 = ORIENTED_EDGE('',*,*,#2877,.F.);
#2990 = ORIENTED_EDGE('',*,*,#2720,.T.);
#2991 = ORIENTED_EDGE('',*,*,#208,.T.);
#2992 = ORIENTED_EDGE('',*,*,#2921,.F.);
#2993 = ORIENTED_EDGE('',*,*,#2405,.F.);
#2994 = ORIENTED_EDGE('',*,*,#2294,.T.);
#2995 = ORIENTED_EDGE('',*,*,#595,.T.);
#2996 = CYLINDRICAL_SURFACE('',#2997,6.);
#2997 = AXIS2_PLACEMENT_3D('',#2998,#2999,#3000);
#2998 = CARTESIAN_POINT('',(-16.5,11.5,0.));
#2999 = DIRECTION('',(-0.,-0.,-1.));
#3000 = DIRECTION('',(1.,0.,0.));
#3001 = ADVANCED_FACE('',(#3002),#3013,.T.);
#3002 = FACE_BOUND('',#3003,.F.);
#3003 = EDGE_LOOP('',(#3004,#3005,#3006,#3007,#3008,#3009,#3010,#3011,
    #3012));
#3004 = ORIENTED_EDGE('',*,*,#676,.T.);
#3005 = ORIENTED_EDGE('',*,*,#2213,.F.);
#3006 = ORIENTED_EDGE('',*,*,#2487,.F.);
#3007 = ORIENTED_EDGE('',*,*,#2914,.T.);
#3008 = ORIENTED_EDGE('',*,*,#225,.T.);
#3009 = ORIENTED_EDGE('',*,*,#2936,.F.);
#3010 = ORIENTED_EDGE('',*,*,#2842,.F.);
#3011 = ORIENTED_EDGE('',*,*,#2851,.F.);
#3012 = ORIENTED_EDGE('',*,*,#2904,.T.);
#3013 = CYLINDRICAL_SURFACE('',#3014,6.);
#3014 = AXIS2_PLACEMENT_3D('',#3015,#3016,#3017);
#3015 = CARTESIAN_POINT('',(-16.5,-11.5,0.));
#3016 = DIRECTION('',(-0.,-0.,-1.));
#3017 = DIRECTION('',(1.,0.,0.));
#3018 = ADVANCED_FACE('',(#3019),#3030,.T.);
#3019 = FACE_BOUND('',#3020,.F.);
#3020 = EDGE_LOOP('',(#3021,#3022,#3023,#3024,#3025,#3026,#3027,#3028,
    #3029));
#3021 = ORIENTED_EDGE('',*,*,#2752,.F.);
#3022 = ORIENTED_EDGE('',*,*,#2816,.F.);
#3023 = ORIENTED_EDGE('',*,*,#2825,.F.);
#3024 = ORIENTED_EDGE('',*,*,#2943,.T.);
#3025 = ORIENTED_EDGE('',*,*,#242,.T.);
#3026 = ORIENTED_EDGE('',*,*,#2785,.F.);
#3027 = ORIENTED_EDGE('',*,*,#1977,.F.);
#3028 = ORIENTED_EDGE('',*,*,#2075,.T.);
#3029 = ORIENTED_EDGE('',*,*,#823,.T.);
#3030 = CYLINDRICAL_SURFACE('',#3031,6.);
#3031 = AXIS2_PLACEMENT_3D('',#3032,#3033,#3034);
#3032 = CARTESIAN_POINT('',(16.5,-11.5,0.));
#3033 = DIRECTION('',(-0.,-0.,-1.));
#3034 = DIRECTION('',(1.,0.,0.));
#3035 = ( GEOMETRIC_REPRESENTATION_CONTEXT(3) 
GLOBAL_UNCERTAINTY_ASSIGNED_CONTEXT((#3039)) 
GLOBAL_UNIT_ASSIGNED_CONTEXT((#3036,#3037,#3038)) REPRESENTATION_CONTEXT
('Context #1','3D Context with UNIT and UNCERTAINTY') );
#3036 = ( LENGTH_UNIT() NAMED_UNIT(*) SI_UNIT(.MILLI.,.METRE.) );
#3037 = ( NAMED_UNIT(*) PLANE_ANGLE_UNIT() SI_UNIT($,.RADIAN.) );
#3038 = ( NAMED_UNIT(*) SI_UNIT($,.STERADIAN.) SOLID_ANGLE_UNIT() );
#3039 = UNCERTAINTY_MEASURE_WITH_UNIT(LENGTH_MEASURE(2.E-07),#3036,
  'distance_accuracy_value','confusion accuracy');
#3040 = PRODUCT_RELATED_PRODUCT_CATEGORY('part',$,(#7));
ENDSEC;
END-ISO-10303-21;
