ISO-10303-21;
HEADER;
FILE_DESCRIPTION(('FreeCAD Model'),'2;1');
FILE_NAME('Open CASCADE Shape Model','2026-10-06T20:34:04',('FreeCAD'),(
    'FreeCAD'),'Open CASCADE STEP processor 8.0','FreeCAD','Unknown');
FILE_SCHEMA(('AUTOMOTIVE_DESIGN { 1 0 10303 214 1 1 1 1 }'));
ENDSEC;
DATA;
#1 = APPLICATION_PROTOCOL_DEFINITION('international standard',
  'automotive_design',2000,#2);
#2 = APPLICATION_CONTEXT(
  'core data for automotive mechanical design processes');
#3 = SHAPE_DEFINITION_REPRESENTATION(#4,#10);
#4 = PRODUCT_DEFINITION_SHAPE('','',#5);
#5 = PRODUCT_DEFINITION('design','',#6,#9);
#6 = PRODUCT_DEFINITION_FORMATION('','',#7);
#7 = PRODUCT('Open CASCADE STEP translator 8.0 36',
  'Open CASCADE STEP translator 8.0 36','',(#8));
#8 = PRODUCT_CONTEXT('',#2,'mechanical');
#9 = PRODUCT_DEFINITION_CONTEXT('part definition',#2,'design');
#10 = ADVANCED_BREP_SHAPE_REPRESENTATION('',(#11,#15),#3150);
#11 = AXIS2_PLACEMENT_3D('',#12,#13,#14);
#12 = CARTESIAN_POINT('',(0.,0.,0.));
#13 = DIRECTION('',(0.,0.,1.));
#14 = DIRECTION('',(1.,0.,-0.));
#15 = MANIFOLD_SOLID_BREP('',#16);
#16 = CLOSED_SHELL('',(#17,#57,#90,#140,#223,#378,#395,#442,#467,#484,
    #606,#664,#737,#756,#773,#785,#824,#870,#902,#947,#978,#1003,#1027,
    #1052,#1076,#1118,#1142,#1177,#1194,#1276,#1334,#1346,#1363,#1380,
    #1397,#1409,#1438,#1461,#1484,#1507,#1524,#1548,#1617,#1633,#1650,
    #1667,#1692,#1717,#1748,#1801,#1818,#1853,#1869,#1881,#1910,#1933,
    #1956,#1973,#2064,#2162,#2254,#2267,#2300,#2332,#2365,#2383,#2403,
    #2439,#2456,#2493,#2510,#2522,#2539,#2551,#2580,#2603,#2626,#2643,
    #2667,#2690,#2713,#2731,#2760,#2783,#2806,#2823,#2852,#2875,#2898,
    #2921,#2938,#2951,#2991,#3024,#3051,#3084,#3096,#3108,#3121,#3138));
#17 = ADVANCED_FACE('',(#18),#52,.T.);
#18 = FACE_BOUND('',#19,.T.);
#19 = EDGE_LOOP('',(#20,#30,#38,#46));
#20 = ORIENTED_EDGE('',*,*,#21,.T.);
#21 = EDGE_CURVE('',#22,#24,#26,.T.);
#22 = VERTEX_POINT('',#23);
#23 = CARTESIAN_POINT('',(-37.7,123.8,-0.6));
#24 = VERTEX_POINT('',#25);
#25 = CARTESIAN_POINT('',(-37.7,123.8,3.));
#26 = LINE('',#27,#28);
#27 = CARTESIAN_POINT('',(-37.7,123.8,-0.6));
#28 = VECTOR('',#29,1.);
#29 = DIRECTION('',(0.,-1.221245327088E-15,1.));
#30 = ORIENTED_EDGE('',*,*,#31,.T.);
#31 = EDGE_CURVE('',#24,#32,#34,.T.);
#32 = VERTEX_POINT('',#33);
#33 = CARTESIAN_POINT('',(47.7,123.8,3.));
#34 = LINE('',#35,#36);
#35 = CARTESIAN_POINT('',(-37.7,123.8,3.));
#36 = VECTOR('',#37,1.);
#37 = DIRECTION('',(1.,0.,0.));
#38 = ORIENTED_EDGE('',*,*,#39,.F.);
#39 = EDGE_CURVE('',#40,#32,#42,.T.);
#40 = VERTEX_POINT('',#41);
#41 = CARTESIAN_POINT('',(47.7,123.8,-0.6));
#42 = LINE('',#43,#44);
#43 = CARTESIAN_POINT('',(47.7,123.8,-0.6));
#44 = VECTOR('',#45,1.);
#45 = DIRECTION('',(0.,-1.221245327088E-15,1.));
#46 = ORIENTED_EDGE('',*,*,#47,.F.);
#47 = EDGE_CURVE('',#22,#40,#48,.T.);
#48 = LINE('',#49,#50);
#49 = CARTESIAN_POINT('',(-37.7,123.8,-0.6));
#50 = VECTOR('',#51,1.);
#51 = DIRECTION('',(1.,0.,0.));
#52 = PLANE('',#53);
#53 = AXIS2_PLACEMENT_3D('',#54,#55,#56);
#54 = CARTESIAN_POINT('',(-37.7,123.8,-0.6));
#55 = DIRECTION('',(0.,1.,1.221245327088E-15));
#56 = DIRECTION('',(1.,0.,0.));
#57 = ADVANCED_FACE('',(#58),#85,.F.);
#58 = FACE_BOUND('',#59,.T.);
#59 = EDGE_LOOP('',(#60,#70,#77,#78));
#60 = ORIENTED_EDGE('',*,*,#61,.T.);
#61 = EDGE_CURVE('',#62,#64,#66,.T.);
#62 = VERTEX_POINT('',#63);
#63 = CARTESIAN_POINT('',(-41.7,127.8,-0.6));
#64 = VERTEX_POINT('',#65);
#65 = CARTESIAN_POINT('',(-41.7,127.8,3.));
#66 = LINE('',#67,#68);
#67 = CARTESIAN_POINT('',(-41.7,127.8,-0.6));
#68 = VECTOR('',#69,1.);
#69 = DIRECTION('',(0.,-1.221245327088E-15,1.));
#70 = ORIENTED_EDGE('',*,*,#71,.T.);
#71 = EDGE_CURVE('',#64,#24,#72,.T.);
#72 = CIRCLE('',#73,4.);
#73 = AXIS2_PLACEMENT_3D('',#74,#75,#76);
#74 = CARTESIAN_POINT('',(-37.7,127.8,3.));
#75 = DIRECTION('',(0.,-1.221245327088E-15,1.));
#76 = DIRECTION('',(1.,0.,0.));
#77 = ORIENTED_EDGE('',*,*,#21,.F.);
#78 = ORIENTED_EDGE('',*,*,#79,.F.);
#79 = EDGE_CURVE('',#62,#22,#80,.T.);
#80 = CIRCLE('',#81,4.);
#81 = AXIS2_PLACEMENT_3D('',#82,#83,#84);
#82 = CARTESIAN_POINT('',(-37.7,127.8,-0.6));
#83 = DIRECTION('',(0.,-1.221245327088E-15,1.));
#84 = DIRECTION('',(1.,0.,0.));
#85 = CYLINDRICAL_SURFACE('',#86,4.);
#86 = AXIS2_PLACEMENT_3D('',#87,#88,#89);
#87 = CARTESIAN_POINT('',(-37.7,127.8,-0.6));
#88 = DIRECTION('',(0.,1.221245327088E-15,-1.));
#89 = DIRECTION('',(1.,0.,0.));
#90 = ADVANCED_FACE('',(#91),#135,.F.);
#91 = FACE_BOUND('',#92,.T.);
#92 = EDGE_LOOP('',(#93,#102,#103,#112,#120,#129));
#93 = ORIENTED_EDGE('',*,*,#94,.F.);
#94 = EDGE_CURVE('',#40,#95,#97,.T.);
#95 = VERTEX_POINT('',#96);
#96 = CARTESIAN_POINT('',(51.5,126.55100040032,-0.6));
#97 = CIRCLE('',#98,4.);
#98 = AXIS2_PLACEMENT_3D('',#99,#100,#101);
#99 = CARTESIAN_POINT('',(47.7,127.8,-0.6));
#100 = DIRECTION('',(0.,-1.221245327088E-15,1.));
#101 = DIRECTION('',(1.,0.,0.));
#102 = ORIENTED_EDGE('',*,*,#39,.T.);
#103 = ORIENTED_EDGE('',*,*,#104,.T.);
#104 = EDGE_CURVE('',#32,#105,#107,.T.);
#105 = VERTEX_POINT('',#106);
#106 = CARTESIAN_POINT('',(51.7,127.8,3.));
#107 = CIRCLE('',#108,4.);
#108 = AXIS2_PLACEMENT_3D('',#109,#110,#111);
#109 = CARTESIAN_POINT('',(47.7,127.8,3.));
#110 = DIRECTION('',(0.,-1.221245327088E-15,1.));
#111 = DIRECTION('',(1.,0.,0.));
#112 = ORIENTED_EDGE('',*,*,#113,.F.);
#113 = EDGE_CURVE('',#114,#105,#116,.T.);
#114 = VERTEX_POINT('',#115);
#115 = CARTESIAN_POINT('',(51.7,127.8,2.13162820728E-14));
#116 = LINE('',#117,#118);
#117 = CARTESIAN_POINT('',(51.7,127.8,-0.6));
#118 = VECTOR('',#119,1.);
#119 = DIRECTION('',(0.,-1.221245327088E-15,1.));
#120 = ORIENTED_EDGE('',*,*,#121,.T.);
#121 = EDGE_CURVE('',#114,#122,#124,.T.);
#122 = VERTEX_POINT('',#123);
#123 = CARTESIAN_POINT('',(51.5,126.55100040032,7.105427357601E-15));
#124 = CIRCLE('',#125,4.);
#125 = AXIS2_PLACEMENT_3D('',#126,#127,#128);
#126 = CARTESIAN_POINT('',(47.7,127.8,2.426947531831E-14));
#127 = DIRECTION('',(0.,1.221245327088E-15,-1.));
#128 = DIRECTION('',(1.,0.,0.));
#129 = ORIENTED_EDGE('',*,*,#130,.T.);
#130 = EDGE_CURVE('',#122,#95,#131,.T.);
#131 = LINE('',#132,#133);
#132 = CARTESIAN_POINT('',(51.5,126.55100040032,-0.6));
#133 = VECTOR('',#134,1.);
#134 = DIRECTION('',(0.,1.221245327088E-15,-1.));
#135 = CYLINDRICAL_SURFACE('',#136,4.);
#136 = AXIS2_PLACEMENT_3D('',#137,#138,#139);
#137 = CARTESIAN_POINT('',(47.7,127.8,-0.6));
#138 = DIRECTION('',(0.,1.221245327088E-15,-1.));
#139 = DIRECTION('',(1.,0.,0.));
#140 = ADVANCED_FACE('',(#141),#218,.F.);
#141 = FACE_BOUND('',#142,.F.);
#142 = EDGE_LOOP('',(#143,#144,#145,#153,#162,#170,#179,#187,#195,#203,
    #211,#217));
#143 = ORIENTED_EDGE('',*,*,#47,.F.);
#144 = ORIENTED_EDGE('',*,*,#79,.F.);
#145 = ORIENTED_EDGE('',*,*,#146,.F.);
#146 = EDGE_CURVE('',#147,#62,#149,.T.);
#147 = VERTEX_POINT('',#148);
#148 = CARTESIAN_POINT('',(-41.7,191.2,-0.6));
#149 = LINE('',#150,#151);
#150 = CARTESIAN_POINT('',(-41.7,191.2,-0.6));
#151 = VECTOR('',#152,1.);
#152 = DIRECTION('',(0.,-1.,-1.221245327088E-15));
#153 = ORIENTED_EDGE('',*,*,#154,.F.);
#154 = EDGE_CURVE('',#155,#147,#157,.T.);
#155 = VERTEX_POINT('',#156);
#156 = CARTESIAN_POINT('',(-37.7,195.2,-0.6));
#157 = CIRCLE('',#158,4.);
#158 = AXIS2_PLACEMENT_3D('',#159,#160,#161);
#159 = CARTESIAN_POINT('',(-37.7,191.2,-0.6));
#160 = DIRECTION('',(0.,-1.221245327088E-15,1.));
#161 = DIRECTION('',(1.,0.,0.));
#162 = ORIENTED_EDGE('',*,*,#163,.F.);
#163 = EDGE_CURVE('',#164,#155,#166,.T.);
#164 = VERTEX_POINT('',#165);
#165 = CARTESIAN_POINT('',(47.7,195.2,-0.6));
#166 = LINE('',#167,#168);
#167 = CARTESIAN_POINT('',(47.7,195.2,-0.6));
#168 = VECTOR('',#169,1.);
#169 = DIRECTION('',(-1.,-0.,0.));
#170 = ORIENTED_EDGE('',*,*,#171,.F.);
#171 = EDGE_CURVE('',#172,#164,#174,.T.);
#172 = VERTEX_POINT('',#173);
#173 = CARTESIAN_POINT('',(51.5,192.44899959968,-0.6));
#174 = CIRCLE('',#175,4.);
#175 = AXIS2_PLACEMENT_3D('',#176,#177,#178);
#176 = CARTESIAN_POINT('',(47.7,191.2,-0.6));
#177 = DIRECTION('',(0.,-1.221245327088E-15,1.));
#178 = DIRECTION('',(1.,0.,0.));
#179 = ORIENTED_EDGE('',*,*,#180,.F.);
#180 = EDGE_CURVE('',#181,#172,#183,.T.);
#181 = VERTEX_POINT('',#182);
#182 = CARTESIAN_POINT('',(51.5,198.,-0.6));
#183 = LINE('',#184,#185);
#184 = CARTESIAN_POINT('',(51.5,159.625,-0.6));
#185 = VECTOR('',#186,1.);
#186 = DIRECTION('',(0.,-1.,-1.221245327088E-15));
#187 = ORIENTED_EDGE('',*,*,#188,.F.);
#188 = EDGE_CURVE('',#189,#181,#191,.T.);
#189 = VERTEX_POINT('',#190);
#190 = CARTESIAN_POINT('',(-51.47100850144,198.,-0.6));
#191 = LINE('',#192,#193);
#192 = CARTESIAN_POINT('',(-0.610062171524,198.,-0.6));
#193 = VECTOR('',#194,1.);
#194 = DIRECTION('',(1.,0.,0.));
#195 = ORIENTED_EDGE('',*,*,#196,.F.);
#196 = EDGE_CURVE('',#197,#189,#199,.T.);
#197 = VERTEX_POINT('',#198);
#198 = CARTESIAN_POINT('',(-51.47100850144,122.75,-0.6));
#199 = LINE('',#200,#201);
#200 = CARTESIAN_POINT('',(-51.47100850144,119.75,-0.6));
#201 = VECTOR('',#202,1.);
#202 = DIRECTION('',(0.,1.,1.110223024625E-15));
#203 = ORIENTED_EDGE('',*,*,#204,.T.);
#204 = EDGE_CURVE('',#197,#205,#207,.T.);
#205 = VERTEX_POINT('',#206);
#206 = CARTESIAN_POINT('',(51.5,122.75,-0.6));
#207 = LINE('',#208,#209);
#208 = CARTESIAN_POINT('',(-0.610062171524,122.75,-0.6));
#209 = VECTOR('',#210,1.);
#210 = DIRECTION('',(1.,0.,0.));
#211 = ORIENTED_EDGE('',*,*,#212,.F.);
#212 = EDGE_CURVE('',#95,#205,#213,.T.);
#213 = LINE('',#214,#215);
#214 = CARTESIAN_POINT('',(51.5,159.625,-0.6));
#215 = VECTOR('',#216,1.);
#216 = DIRECTION('',(0.,-1.,-1.221245327088E-15));
#217 = ORIENTED_EDGE('',*,*,#94,.F.);
#218 = PLANE('',#219);
#219 = AXIS2_PLACEMENT_3D('',#220,#221,#222);
#220 = CARTESIAN_POINT('',(3.381676614069,199.5,-0.6));
#221 = DIRECTION('',(0.,-1.221245327088E-15,1.));
#222 = DIRECTION('',(1.,0.,0.));
#223 = ADVANCED_FACE('',(#224,#258,#303),#373,.T.);
#224 = FACE_BOUND('',#225,.T.);
#225 = EDGE_LOOP('',(#226,#236,#244,#252));
#226 = ORIENTED_EDGE('',*,*,#227,.T.);
#227 = EDGE_CURVE('',#228,#230,#232,.T.);
#228 = VERTEX_POINT('',#229);
#229 = CARTESIAN_POINT('',(61.5,279.25,3.));
#230 = VERTEX_POINT('',#231);
#231 = CARTESIAN_POINT('',(-58.94495749276,279.25,3.));
#232 = LINE('',#233,#234);
#233 = CARTESIAN_POINT('',(-55.94495749276,279.25,3.));
#234 = VECTOR('',#235,1.);
#235 = DIRECTION('',(-1.,0.,0.));
#236 = ORIENTED_EDGE('',*,*,#237,.F.);
#237 = EDGE_CURVE('',#238,#230,#240,.T.);
#238 = VERTEX_POINT('',#239);
#239 = CARTESIAN_POINT('',(-58.94495749276,119.75,3.));
#240 = LINE('',#241,#242);
#241 = CARTESIAN_POINT('',(-58.94495749276,119.75,3.));
#242 = VECTOR('',#243,1.);
#243 = DIRECTION('',(0.,1.,1.33226762955E-15));
#244 = ORIENTED_EDGE('',*,*,#245,.T.);
#245 = EDGE_CURVE('',#238,#246,#248,.T.);
#246 = VERTEX_POINT('',#247);
#247 = CARTESIAN_POINT('',(61.5,119.75,3.));
#248 = LINE('',#249,#250);
#249 = CARTESIAN_POINT('',(-58.47100850146,119.75,3.));
#250 = VECTOR('',#251,1.);
#251 = DIRECTION('',(1.,0.,0.));
#252 = ORIENTED_EDGE('',*,*,#253,.T.);
#253 = EDGE_CURVE('',#246,#228,#254,.T.);
#254 = LINE('',#255,#256);
#255 = CARTESIAN_POINT('',(61.5,119.75,3.));
#256 = VECTOR('',#257,1.);
#257 = DIRECTION('',(4.454813390345E-17,1.,1.221245327088E-15));
#258 = FACE_BOUND('',#259,.T.);
#259 = EDGE_LOOP('',(#260,#261,#262,#270,#279,#287,#296,#302));
#260 = ORIENTED_EDGE('',*,*,#31,.F.);
#261 = ORIENTED_EDGE('',*,*,#71,.F.);
#262 = ORIENTED_EDGE('',*,*,#263,.F.);
#263 = EDGE_CURVE('',#264,#64,#266,.T.);
#264 = VERTEX_POINT('',#265);
#265 = CARTESIAN_POINT('',(-41.7,191.2,3.));
#266 = LINE('',#267,#268);
#267 = CARTESIAN_POINT('',(-41.7,191.2,3.));
#268 = VECTOR('',#269,1.);
#269 = DIRECTION('',(0.,-1.,-1.221245327088E-15));
#270 = ORIENTED_EDGE('',*,*,#271,.F.);
#271 = EDGE_CURVE('',#272,#264,#274,.T.);
#272 = VERTEX_POINT('',#273);
#273 = CARTESIAN_POINT('',(-37.7,195.2,3.));
#274 = CIRCLE('',#275,4.);
#275 = AXIS2_PLACEMENT_3D('',#276,#277,#278);
#276 = CARTESIAN_POINT('',(-37.7,191.2,3.));
#277 = DIRECTION('',(0.,-1.221245327088E-15,1.));
#278 = DIRECTION('',(1.,0.,0.));
#279 = ORIENTED_EDGE('',*,*,#280,.F.);
#280 = EDGE_CURVE('',#281,#272,#283,.T.);
#281 = VERTEX_POINT('',#282);
#282 = CARTESIAN_POINT('',(47.7,195.2,3.));
#283 = LINE('',#284,#285);
#284 = CARTESIAN_POINT('',(47.7,195.2,3.));
#285 = VECTOR('',#286,1.);
#286 = DIRECTION('',(-1.,-0.,0.));
#287 = ORIENTED_EDGE('',*,*,#288,.F.);
#288 = EDGE_CURVE('',#289,#281,#291,.T.);
#289 = VERTEX_POINT('',#290);
#290 = CARTESIAN_POINT('',(51.7,191.2,3.));
#291 = CIRCLE('',#292,4.);
#292 = AXIS2_PLACEMENT_3D('',#293,#294,#295);
#293 = CARTESIAN_POINT('',(47.7,191.2,3.));
#294 = DIRECTION('',(0.,-1.221245327088E-15,1.));
#295 = DIRECTION('',(1.,0.,0.));
#296 = ORIENTED_EDGE('',*,*,#297,.F.);
#297 = EDGE_CURVE('',#105,#289,#298,.T.);
#298 = LINE('',#299,#300);
#299 = CARTESIAN_POINT('',(51.7,127.8,3.));
#300 = VECTOR('',#301,1.);
#301 = DIRECTION('',(0.,1.,1.221245327088E-15));
#302 = ORIENTED_EDGE('',*,*,#104,.F.);
#303 = FACE_BOUND('',#304,.T.);
#304 = EDGE_LOOP('',(#305,#315,#324,#332,#341,#349,#358,#366));
#305 = ORIENTED_EDGE('',*,*,#306,.F.);
#306 = EDGE_CURVE('',#307,#309,#311,.T.);
#307 = VERTEX_POINT('',#308);
#308 = CARTESIAN_POINT('',(-37.7,203.8,3.));
#309 = VERTEX_POINT('',#310);
#310 = CARTESIAN_POINT('',(47.7,203.8,3.));
#311 = LINE('',#312,#313);
#312 = CARTESIAN_POINT('',(-37.7,203.8,3.));
#313 = VECTOR('',#314,1.);
#314 = DIRECTION('',(1.,0.,0.));
#315 = ORIENTED_EDGE('',*,*,#316,.F.);
#316 = EDGE_CURVE('',#317,#307,#319,.T.);
#317 = VERTEX_POINT('',#318);
#318 = CARTESIAN_POINT('',(-41.7,207.8,3.));
#319 = CIRCLE('',#320,4.);
#320 = AXIS2_PLACEMENT_3D('',#321,#322,#323);
#321 = CARTESIAN_POINT('',(-37.7,207.8,3.));
#322 = DIRECTION('',(0.,-1.221245327088E-15,1.));
#323 = DIRECTION('',(1.,0.,0.));
#324 = ORIENTED_EDGE('',*,*,#325,.F.);
#325 = EDGE_CURVE('',#326,#317,#328,.T.);
#326 = VERTEX_POINT('',#327);
#327 = CARTESIAN_POINT('',(-41.7,271.2,3.));
#328 = LINE('',#329,#330);
#329 = CARTESIAN_POINT('',(-41.7,271.2,3.));
#330 = VECTOR('',#331,1.);
#331 = DIRECTION('',(0.,-1.,-1.221245327088E-15));
#332 = ORIENTED_EDGE('',*,*,#333,.F.);
#333 = EDGE_CURVE('',#334,#326,#336,.T.);
#334 = VERTEX_POINT('',#335);
#335 = CARTESIAN_POINT('',(-37.7,275.2,3.));
#336 = CIRCLE('',#337,4.);
#337 = AXIS2_PLACEMENT_3D('',#338,#339,#340);
#338 = CARTESIAN_POINT('',(-37.7,271.2,3.));
#339 = DIRECTION('',(0.,-1.221245327088E-15,1.));
#340 = DIRECTION('',(1.,0.,0.));
#341 = ORIENTED_EDGE('',*,*,#342,.F.);
#342 = EDGE_CURVE('',#343,#334,#345,.T.);
#343 = VERTEX_POINT('',#344);
#344 = CARTESIAN_POINT('',(47.7,275.2,3.));
#345 = LINE('',#346,#347);
#346 = CARTESIAN_POINT('',(47.7,275.2,3.));
#347 = VECTOR('',#348,1.);
#348 = DIRECTION('',(-1.,-0.,0.));
#349 = ORIENTED_EDGE('',*,*,#350,.F.);
#350 = EDGE_CURVE('',#351,#343,#353,.T.);
#351 = VERTEX_POINT('',#352);
#352 = CARTESIAN_POINT('',(51.7,271.2,3.));
#353 = CIRCLE('',#354,4.);
#354 = AXIS2_PLACEMENT_3D('',#355,#356,#357);
#355 = CARTESIAN_POINT('',(47.7,271.2,3.));
#356 = DIRECTION('',(0.,-1.221245327088E-15,1.));
#357 = DIRECTION('',(1.,0.,0.));
#358 = ORIENTED_EDGE('',*,*,#359,.F.);
#359 = EDGE_CURVE('',#360,#351,#362,.T.);
#360 = VERTEX_POINT('',#361);
#361 = CARTESIAN_POINT('',(51.7,207.8,3.));
#362 = LINE('',#363,#364);
#363 = CARTESIAN_POINT('',(51.7,207.8,3.));
#364 = VECTOR('',#365,1.);
#365 = DIRECTION('',(0.,1.,1.221245327088E-15));
#366 = ORIENTED_EDGE('',*,*,#367,.F.);
#367 = EDGE_CURVE('',#309,#360,#368,.T.);
#368 = CIRCLE('',#369,4.);
#369 = AXIS2_PLACEMENT_3D('',#370,#371,#372);
#370 = CARTESIAN_POINT('',(47.7,207.8,3.));
#371 = DIRECTION('',(0.,-1.221245327088E-15,1.));
#372 = DIRECTION('',(1.,0.,0.));
#373 = PLANE('',#374);
#374 = AXIS2_PLACEMENT_3D('',#375,#376,#377);
#375 = CARTESIAN_POINT('',(1.277521253619,199.5,3.));
#376 = DIRECTION('',(0.,-1.221245327088E-15,1.));
#377 = DIRECTION('',(0.,-1.,-1.221245327088E-15));
#378 = ADVANCED_FACE('',(#379),#390,.T.);
#379 = FACE_BOUND('',#380,.T.);
#380 = EDGE_LOOP('',(#381,#387,#388,#389));
#381 = ORIENTED_EDGE('',*,*,#382,.T.);
#382 = EDGE_CURVE('',#147,#264,#383,.T.);
#383 = LINE('',#384,#385);
#384 = CARTESIAN_POINT('',(-41.7,191.2,-0.6));
#385 = VECTOR('',#386,1.);
#386 = DIRECTION('',(0.,-1.221245327088E-15,1.));
#387 = ORIENTED_EDGE('',*,*,#263,.T.);
#388 = ORIENTED_EDGE('',*,*,#61,.F.);
#389 = ORIENTED_EDGE('',*,*,#146,.F.);
#390 = PLANE('',#391);
#391 = AXIS2_PLACEMENT_3D('',#392,#393,#394);
#392 = CARTESIAN_POINT('',(-41.7,191.2,-0.6));
#393 = DIRECTION('',(1.,0.,0.));
#394 = DIRECTION('',(0.,-1.,-1.221245327088E-15));
#395 = ADVANCED_FACE('',(#396),#437,.F.);
#396 = FACE_BOUND('',#397,.F.);
#397 = EDGE_LOOP('',(#398,#399,#407,#415,#421,#422,#430,#436));
#398 = ORIENTED_EDGE('',*,*,#212,.T.);
#399 = ORIENTED_EDGE('',*,*,#400,.T.);
#400 = EDGE_CURVE('',#205,#401,#403,.T.);
#401 = VERTEX_POINT('',#402);
#402 = CARTESIAN_POINT('',(51.5,122.75,-1.));
#403 = LINE('',#404,#405);
#404 = CARTESIAN_POINT('',(51.5,122.75,-13.97997541352));
#405 = VECTOR('',#406,1.);
#406 = DIRECTION('',(0.,1.443289932013E-15,-1.));
#407 = ORIENTED_EDGE('',*,*,#408,.T.);
#408 = EDGE_CURVE('',#401,#409,#411,.T.);
#409 = VERTEX_POINT('',#410);
#410 = CARTESIAN_POINT('',(51.5,198.,-1.));
#411 = LINE('',#412,#413);
#412 = CARTESIAN_POINT('',(51.5,119.75,-1.));
#413 = VECTOR('',#414,1.);
#414 = DIRECTION('',(0.,1.,1.554312234475E-15));
#415 = ORIENTED_EDGE('',*,*,#416,.F.);
#416 = EDGE_CURVE('',#181,#409,#417,.T.);
#417 = LINE('',#418,#419);
#418 = CARTESIAN_POINT('',(51.5,198.,-13.97997541352));
#419 = VECTOR('',#420,1.);
#420 = DIRECTION('',(0.,1.33226762955E-15,-1.));
#421 = ORIENTED_EDGE('',*,*,#180,.T.);
#422 = ORIENTED_EDGE('',*,*,#423,.F.);
#423 = EDGE_CURVE('',#424,#172,#426,.T.);
#424 = VERTEX_POINT('',#425);
#425 = CARTESIAN_POINT('',(51.5,192.44899959968,1.136868377216E-13));
#426 = LINE('',#427,#428);
#427 = CARTESIAN_POINT('',(51.5,192.44899959968,-0.6));
#428 = VECTOR('',#429,1.);
#429 = DIRECTION('',(0.,1.221245327088E-15,-1.));
#430 = ORIENTED_EDGE('',*,*,#431,.F.);
#431 = EDGE_CURVE('',#122,#424,#432,.T.);
#432 = LINE('',#433,#434);
#433 = CARTESIAN_POINT('',(51.5,119.75,0.));
#434 = VECTOR('',#435,1.);
#435 = DIRECTION('',(0.,1.,1.554312234475E-15));
#436 = ORIENTED_EDGE('',*,*,#130,.T.);
#437 = PLANE('',#438);
#438 = AXIS2_PLACEMENT_3D('',#439,#440,#441);
#439 = CARTESIAN_POINT('',(51.5,119.75,-1.));
#440 = DIRECTION('',(1.,0.,0.));
#441 = DIRECTION('',(0.,-1.554312234475E-15,1.));
#442 = ADVANCED_FACE('',(#443),#462,.T.);
#443 = FACE_BOUND('',#444,.T.);
#444 = EDGE_LOOP('',(#445,#446,#447,#455));
#445 = ORIENTED_EDGE('',*,*,#431,.F.);
#446 = ORIENTED_EDGE('',*,*,#121,.F.);
#447 = ORIENTED_EDGE('',*,*,#448,.F.);
#448 = EDGE_CURVE('',#449,#114,#451,.T.);
#449 = VERTEX_POINT('',#450);
#450 = CARTESIAN_POINT('',(51.7,191.2,1.136868377216E-13));
#451 = LINE('',#452,#453);
#452 = CARTESIAN_POINT('',(51.7,163.65,7.599072286197E-14));
#453 = VECTOR('',#454,1.);
#454 = DIRECTION('',(0.,-1.,-1.443289932013E-15));
#455 = ORIENTED_EDGE('',*,*,#456,.F.);
#456 = EDGE_CURVE('',#424,#449,#457,.T.);
#457 = CIRCLE('',#458,4.);
#458 = AXIS2_PLACEMENT_3D('',#459,#460,#461);
#459 = CARTESIAN_POINT('',(47.7,191.2,1.157296480869E-13));
#460 = DIRECTION('',(0.,1.221245327088E-15,-1.));
#461 = DIRECTION('',(1.,0.,0.));
#462 = PLANE('',#463);
#463 = AXIS2_PLACEMENT_3D('',#464,#465,#466);
#464 = CARTESIAN_POINT('',(1.475,199.5,1.277119704056E-13));
#465 = DIRECTION('',(0.,-1.443289932013E-15,1.));
#466 = DIRECTION('',(0.,-1.,-1.443289932013E-15));
#467 = ADVANCED_FACE('',(#468),#479,.T.);
#468 = FACE_BOUND('',#469,.T.);
#469 = EDGE_LOOP('',(#470,#471,#472,#473));
#470 = ORIENTED_EDGE('',*,*,#448,.T.);
#471 = ORIENTED_EDGE('',*,*,#113,.T.);
#472 = ORIENTED_EDGE('',*,*,#297,.T.);
#473 = ORIENTED_EDGE('',*,*,#474,.F.);
#474 = EDGE_CURVE('',#449,#289,#475,.T.);
#475 = LINE('',#476,#477);
#476 = CARTESIAN_POINT('',(51.7,191.2,-0.6));
#477 = VECTOR('',#478,1.);
#478 = DIRECTION('',(0.,-1.221245327088E-15,1.));
#479 = PLANE('',#480);
#480 = AXIS2_PLACEMENT_3D('',#481,#482,#483);
#481 = CARTESIAN_POINT('',(51.7,127.8,-0.6));
#482 = DIRECTION('',(-1.,0.,0.));
#483 = DIRECTION('',(0.,1.,1.221245327088E-15));
#484 = ADVANCED_FACE('',(#485,#559),#601,.T.);
#485 = FACE_BOUND('',#486,.T.);
#486 = EDGE_LOOP('',(#487,#497,#503,#504,#505,#513,#521,#529,#537,#545,
    #553));
#487 = ORIENTED_EDGE('',*,*,#488,.F.);
#488 = EDGE_CURVE('',#489,#491,#493,.T.);
#489 = VERTEX_POINT('',#490);
#490 = CARTESIAN_POINT('',(-54.98113874298,122.75,-4.320930232558));
#491 = VERTEX_POINT('',#492);
#492 = CARTESIAN_POINT('',(-46.26849892008,122.75,-70.5));
#493 = LINE('',#494,#495);
#494 = CARTESIAN_POINT('',(-48.73080783166,122.75,-51.79690695809));
#495 = VECTOR('',#496,1.);
#496 = DIRECTION('',(0.13052619222,1.430942386567E-15,-0.991444861374));
#497 = ORIENTED_EDGE('',*,*,#498,.T.);
#498 = EDGE_CURVE('',#489,#197,#499,.T.);
#499 = LINE('',#500,#501);
#500 = CARTESIAN_POINT('',(-47.01508881873,122.75,4.123518821339));
#501 = VECTOR('',#502,1.);
#502 = DIRECTION('',(0.686201674044,-1.049865468393E-15,0.727411343422)
  );
#503 = ORIENTED_EDGE('',*,*,#204,.T.);
#504 = ORIENTED_EDGE('',*,*,#400,.T.);
#505 = ORIENTED_EDGE('',*,*,#506,.T.);
#506 = EDGE_CURVE('',#401,#507,#509,.T.);
#507 = VERTEX_POINT('',#508);
#508 = CARTESIAN_POINT('',(53.3,122.75,-1.));
#509 = LINE('',#510,#511);
#510 = CARTESIAN_POINT('',(24.349099521441,122.75,-1.));
#511 = VECTOR('',#512,1.);
#512 = DIRECTION('',(1.,0.,0.));
#513 = ORIENTED_EDGE('',*,*,#514,.T.);
#514 = EDGE_CURVE('',#507,#515,#517,.T.);
#515 = VERTEX_POINT('',#516);
#516 = CARTESIAN_POINT('',(53.5,122.75,-0.8));
#517 = LINE('',#518,#519);
#518 = CARTESIAN_POINT('',(32.434562053957,122.75,-21.86543794604));
#519 = VECTOR('',#520,1.);
#520 = DIRECTION('',(0.707106781187,-1.020560098144E-15,0.707106781187)
  );
#521 = ORIENTED_EDGE('',*,*,#522,.T.);
#522 = EDGE_CURVE('',#515,#523,#525,.T.);
#523 = VERTEX_POINT('',#524);
#524 = CARTESIAN_POINT('',(58.5,122.75,-0.8));
#525 = LINE('',#526,#527);
#526 = CARTESIAN_POINT('',(26.949099521441,122.75,-0.8));
#527 = VECTOR('',#528,1.);
#528 = DIRECTION('',(1.,1.922848456476E-31,-1.33226762955E-16));
#529 = ORIENTED_EDGE('',*,*,#530,.T.);
#530 = EDGE_CURVE('',#523,#531,#533,.T.);
#531 = VERTEX_POINT('',#532);
#532 = CARTESIAN_POINT('',(58.5,122.75,-18.));
#533 = LINE('',#534,#535);
#534 = CARTESIAN_POINT('',(58.5,122.75,-22.47997541352));
#535 = VECTOR('',#536,1.);
#536 = DIRECTION('',(0.,1.443289932013E-15,-1.));
#537 = ORIENTED_EDGE('',*,*,#538,.T.);
#538 = EDGE_CURVE('',#531,#539,#541,.T.);
#539 = VERTEX_POINT('',#540);
#540 = CARTESIAN_POINT('',(61.5,122.75,-18.));
#541 = LINE('',#542,#543);
#542 = CARTESIAN_POINT('',(28.449099521441,122.75,-18.));
#543 = VECTOR('',#544,1.);
#544 = DIRECTION('',(1.,0.,0.));
#545 = ORIENTED_EDGE('',*,*,#546,.T.);
#546 = EDGE_CURVE('',#539,#547,#549,.T.);
#547 = VERTEX_POINT('',#548);
#548 = CARTESIAN_POINT('',(-19.31849892008,122.75,-70.5));
#549 = LINE('',#550,#551);
#550 = CARTESIAN_POINT('',(61.5,122.75,-18.));
#551 = VECTOR('',#552,1.);
#552 = DIRECTION('',(-0.838595422435,9.071988684946E-16,-0.54475473148)
  );
#553 = ORIENTED_EDGE('',*,*,#554,.T.);
#554 = EDGE_CURVE('',#547,#491,#555,.T.);
#555 = LINE('',#556,#557);
#556 = CARTESIAN_POINT('',(-19.31849892008,122.75,-70.5));
#557 = VECTOR('',#558,1.);
#558 = DIRECTION('',(-1.,0.,0.));
#559 = FACE_BOUND('',#560,.T.);
#560 = EDGE_LOOP('',(#561,#571,#579,#587,#595));
#561 = ORIENTED_EDGE('',*,*,#562,.T.);
#562 = EDGE_CURVE('',#563,#565,#567,.T.);
#563 = VERTEX_POINT('',#564);
#564 = CARTESIAN_POINT('',(-40.26849892008,122.75,-6.6));
#565 = VERTEX_POINT('',#566);
#566 = CARTESIAN_POINT('',(-40.26849892008,122.75,-64.5));
#567 = LINE('',#568,#569);
#568 = CARTESIAN_POINT('',(-40.26849892008,122.75,-6.6));
#569 = VECTOR('',#570,1.);
#570 = DIRECTION('',(0.,7.771561172376E-16,-1.));
#571 = ORIENTED_EDGE('',*,*,#572,.T.);
#572 = EDGE_CURVE('',#565,#573,#575,.T.);
#573 = VERTEX_POINT('',#574);
#574 = CARTESIAN_POINT('',(-21.153194735,122.75,-64.5));
#575 = LINE('',#576,#577);
#576 = CARTESIAN_POINT('',(-40.26849892008,122.75,-64.5));
#577 = VECTOR('',#578,1.);
#578 = DIRECTION('',(1.,0.,0.));
#579 = ORIENTED_EDGE('',*,*,#580,.T.);
#580 = EDGE_CURVE('',#573,#581,#583,.T.);
#581 = VERTEX_POINT('',#582);
#582 = CARTESIAN_POINT('',(52.5,122.75,-14.81010907112));
#583 = LINE('',#584,#585);
#584 = CARTESIAN_POINT('',(-21.153194735,122.75,-64.5));
#585 = VECTOR('',#586,1.);
#586 = DIRECTION('',(0.828984431452,-4.346414075604E-16,0.559271680323)
  );
#587 = ORIENTED_EDGE('',*,*,#588,.T.);
#588 = EDGE_CURVE('',#581,#589,#591,.T.);
#589 = VERTEX_POINT('',#590);
#590 = CARTESIAN_POINT('',(52.5,122.75,-6.6));
#591 = LINE('',#592,#593);
#592 = CARTESIAN_POINT('',(52.5,122.75,-14.81010907112));
#593 = VECTOR('',#594,1.);
#594 = DIRECTION('',(-8.654485946587E-16,-7.771561172376E-16,1.));
#595 = ORIENTED_EDGE('',*,*,#596,.T.);
#596 = EDGE_CURVE('',#589,#563,#597,.T.);
#597 = LINE('',#598,#599);
#598 = CARTESIAN_POINT('',(52.5,122.75,-6.6));
#599 = VECTOR('',#600,1.);
#600 = DIRECTION('',(-1.,0.,0.));
#601 = PLANE('',#602);
#602 = AXIS2_PLACEMENT_3D('',#603,#604,#605);
#603 = CARTESIAN_POINT('',(-4.601800957117,122.75,-26.95995082705));
#604 = DIRECTION('',(0.,1.,1.443289932013E-15));
#605 = DIRECTION('',(0.,-1.443289932013E-15,1.));
#606 = ADVANCED_FACE('',(#607),#659,.F.);
#607 = FACE_BOUND('',#608,.F.);
#608 = EDGE_LOOP('',(#609,#610,#611,#619,#627,#636,#644,#653));
#609 = ORIENTED_EDGE('',*,*,#498,.T.);
#610 = ORIENTED_EDGE('',*,*,#196,.T.);
#611 = ORIENTED_EDGE('',*,*,#612,.F.);
#612 = EDGE_CURVE('',#613,#189,#615,.T.);
#613 = VERTEX_POINT('',#614);
#614 = CARTESIAN_POINT('',(-54.98113874298,198.,-4.320930232558));
#615 = LINE('',#616,#617);
#616 = CARTESIAN_POINT('',(-47.01508881873,198.,4.123518821339));
#617 = VECTOR('',#618,1.);
#618 = DIRECTION('',(0.686201674044,-9.69106586209E-16,0.727411343422));
#619 = ORIENTED_EDGE('',*,*,#620,.T.);
#620 = EDGE_CURVE('',#613,#621,#623,.T.);
#621 = VERTEX_POINT('',#622);
#622 = CARTESIAN_POINT('',(-54.98113874298,148.91158504803,
    -4.320930232558));
#623 = LINE('',#624,#625);
#624 = CARTESIAN_POINT('',(-54.98113874298,119.75,-4.320930232558));
#625 = VECTOR('',#626,1.);
#626 = DIRECTION('',(-5.130533921651E-17,-1.,-1.164609493117E-15));
#627 = ORIENTED_EDGE('',*,*,#628,.T.);
#628 = EDGE_CURVE('',#621,#629,#631,.T.);
#629 = VERTEX_POINT('',#630);
#630 = CARTESIAN_POINT('',(-53.75526865833,146.09031188703,
    -3.021440827532));
#631 = HYPERBOLA('',#632,13.998141227612,11.972535788548);
#632 = AXIS2_PLACEMENT_3D('',#633,#634,#635);
#633 = CARTESIAN_POINT('',(-42.8859393773,139.75,8.500643296544));
#634 = DIRECTION('',(-0.727411343422,-7.618368980599E-16,0.686201674044)
  );
#635 = DIRECTION('',(-0.686201674044,9.337892950329E-16,-0.727411343422)
  );
#636 = ORIENTED_EDGE('',*,*,#637,.F.);
#637 = EDGE_CURVE('',#638,#629,#640,.T.);
#638 = VERTEX_POINT('',#639);
#639 = CARTESIAN_POINT('',(-53.75526865833,133.40968811296,
    -3.021440827532));
#640 = LINE('',#641,#642);
#641 = CARTESIAN_POINT('',(-53.75526865833,129.75,-3.021440827532));
#642 = VECTOR('',#643,1.);
#643 = DIRECTION('',(8.659897596952E-17,1.,1.20202268037E-15));
#644 = ORIENTED_EDGE('',*,*,#645,.T.);
#645 = EDGE_CURVE('',#638,#646,#648,.T.);
#646 = VERTEX_POINT('',#647);
#647 = CARTESIAN_POINT('',(-54.98113874298,130.58841495196,
    -4.320930232558));
#648 = HYPERBOLA('',#649,13.998141227612,11.972535788548);
#649 = AXIS2_PLACEMENT_3D('',#650,#651,#652);
#650 = CARTESIAN_POINT('',(-42.8859393773,139.75,8.500643296544));
#651 = DIRECTION('',(-0.727411343422,-7.618368980599E-16,0.686201674044)
  );
#652 = DIRECTION('',(-0.686201674044,9.337892950329E-16,-0.727411343422)
  );
#653 = ORIENTED_EDGE('',*,*,#654,.T.);
#654 = EDGE_CURVE('',#646,#489,#655,.T.);
#655 = LINE('',#656,#657);
#656 = CARTESIAN_POINT('',(-54.98113874298,119.75,-4.320930232558));
#657 = VECTOR('',#658,1.);
#658 = DIRECTION('',(-5.130533921651E-17,-1.,-1.164609493117E-15));
#659 = PLANE('',#660);
#660 = AXIS2_PLACEMENT_3D('',#661,#662,#663);
#661 = CARTESIAN_POINT('',(-51.47100850144,119.75,-0.6));
#662 = DIRECTION('',(-0.727411343422,-7.618368980599E-16,0.686201674044)
  );
#663 = DIRECTION('',(-0.686201674044,8.075888218409E-16,-0.727411343422)
  );
#664 = ADVANCED_FACE('',(#665),#732,.F.);
#665 = FACE_BOUND('',#666,.F.);
#666 = EDGE_LOOP('',(#667,#675,#676,#677,#678,#686,#694,#702,#710,#718,
    #726));
#667 = ORIENTED_EDGE('',*,*,#668,.F.);
#668 = EDGE_CURVE('',#613,#669,#671,.T.);
#669 = VERTEX_POINT('',#670);
#670 = CARTESIAN_POINT('',(-46.26849892008,198.,-70.5));
#671 = LINE('',#672,#673);
#672 = CARTESIAN_POINT('',(-48.73080783166,198.,-51.79690695809));
#673 = VECTOR('',#674,1.);
#674 = DIRECTION('',(0.13052619222,1.320869895292E-15,-0.991444861374));
#675 = ORIENTED_EDGE('',*,*,#612,.T.);
#676 = ORIENTED_EDGE('',*,*,#188,.T.);
#677 = ORIENTED_EDGE('',*,*,#416,.T.);
#678 = ORIENTED_EDGE('',*,*,#679,.T.);
#679 = EDGE_CURVE('',#409,#680,#682,.T.);
#680 = VERTEX_POINT('',#681);
#681 = CARTESIAN_POINT('',(53.3,198.,-1.));
#682 = LINE('',#683,#684);
#683 = CARTESIAN_POINT('',(24.349099521441,198.,-1.));
#684 = VECTOR('',#685,1.);
#685 = DIRECTION('',(1.,0.,0.));
#686 = ORIENTED_EDGE('',*,*,#687,.T.);
#687 = EDGE_CURVE('',#680,#688,#690,.T.);
#688 = VERTEX_POINT('',#689);
#689 = CARTESIAN_POINT('',(53.5,198.,-0.8));
#690 = LINE('',#691,#692);
#691 = CARTESIAN_POINT('',(32.434562053957,198.,-21.86543794604));
#692 = VECTOR('',#693,1.);
#693 = DIRECTION('',(0.707106781187,-9.420554752103E-16,0.707106781187)
  );
#694 = ORIENTED_EDGE('',*,*,#695,.T.);
#695 = EDGE_CURVE('',#688,#696,#698,.T.);
#696 = VERTEX_POINT('',#697);
#697 = CARTESIAN_POINT('',(58.5,198.,-0.8));
#698 = LINE('',#699,#700);
#699 = CARTESIAN_POINT('',(26.949099521441,198.,-0.8));
#700 = VECTOR('',#701,1.);
#701 = DIRECTION('',(1.,1.774937036747E-31,-1.33226762955E-16));
#702 = ORIENTED_EDGE('',*,*,#703,.T.);
#703 = EDGE_CURVE('',#696,#704,#706,.T.);
#704 = VERTEX_POINT('',#705);
#705 = CARTESIAN_POINT('',(58.5,198.,-18.));
#706 = LINE('',#707,#708);
#707 = CARTESIAN_POINT('',(58.5,198.,-22.47997541352));
#708 = VECTOR('',#709,1.);
#709 = DIRECTION('',(0.,1.33226762955E-15,-1.));
#710 = ORIENTED_EDGE('',*,*,#711,.T.);
#711 = EDGE_CURVE('',#704,#712,#714,.T.);
#712 = VERTEX_POINT('',#713);
#713 = CARTESIAN_POINT('',(61.5,198.,-18.));
#714 = LINE('',#715,#716);
#715 = CARTESIAN_POINT('',(28.449099521441,198.,-18.));
#716 = VECTOR('',#717,1.);
#717 = DIRECTION('',(1.,0.,0.));
#718 = ORIENTED_EDGE('',*,*,#719,.T.);
#719 = EDGE_CURVE('',#712,#720,#722,.T.);
#720 = VERTEX_POINT('',#721);
#721 = CARTESIAN_POINT('',(-19.31849892008,198.,-70.5));
#722 = LINE('',#723,#724);
#723 = CARTESIAN_POINT('',(61.5,198.,-18.));
#724 = VECTOR('',#725,1.);
#725 = DIRECTION('',(-0.838595422435,8.467189439282E-16,-0.54475473148)
  );
#726 = ORIENTED_EDGE('',*,*,#727,.T.);
#727 = EDGE_CURVE('',#720,#669,#728,.T.);
#728 = LINE('',#729,#730);
#729 = CARTESIAN_POINT('',(-19.31849892008,198.,-70.5));
#730 = VECTOR('',#731,1.);
#731 = DIRECTION('',(-1.,0.,0.));
#732 = PLANE('',#733);
#733 = AXIS2_PLACEMENT_3D('',#734,#735,#736);
#734 = CARTESIAN_POINT('',(-4.601800957117,198.,-26.95995082705));
#735 = DIRECTION('',(0.,1.,1.33226762955E-15));
#736 = DIRECTION('',(0.,-1.33226762955E-15,1.));
#737 = ADVANCED_FACE('',(#738),#751,.F.);
#738 = FACE_BOUND('',#739,.T.);
#739 = EDGE_LOOP('',(#740,#741,#742,#743,#749,#750));
#740 = ORIENTED_EDGE('',*,*,#456,.T.);
#741 = ORIENTED_EDGE('',*,*,#474,.T.);
#742 = ORIENTED_EDGE('',*,*,#288,.T.);
#743 = ORIENTED_EDGE('',*,*,#744,.F.);
#744 = EDGE_CURVE('',#164,#281,#745,.T.);
#745 = LINE('',#746,#747);
#746 = CARTESIAN_POINT('',(47.7,195.2,-0.6));
#747 = VECTOR('',#748,1.);
#748 = DIRECTION('',(0.,-1.221245327088E-15,1.));
#749 = ORIENTED_EDGE('',*,*,#171,.F.);
#750 = ORIENTED_EDGE('',*,*,#423,.F.);
#751 = CYLINDRICAL_SURFACE('',#752,4.);
#752 = AXIS2_PLACEMENT_3D('',#753,#754,#755);
#753 = CARTESIAN_POINT('',(47.7,191.2,-0.6));
#754 = DIRECTION('',(0.,1.221245327088E-15,-1.));
#755 = DIRECTION('',(1.,0.,0.));
#756 = ADVANCED_FACE('',(#757),#768,.T.);
#757 = FACE_BOUND('',#758,.T.);
#758 = EDGE_LOOP('',(#759,#760,#761,#767));
#759 = ORIENTED_EDGE('',*,*,#744,.T.);
#760 = ORIENTED_EDGE('',*,*,#280,.T.);
#761 = ORIENTED_EDGE('',*,*,#762,.F.);
#762 = EDGE_CURVE('',#155,#272,#763,.T.);
#763 = LINE('',#764,#765);
#764 = CARTESIAN_POINT('',(-37.7,195.2,-0.6));
#765 = VECTOR('',#766,1.);
#766 = DIRECTION('',(0.,-1.221245327088E-15,1.));
#767 = ORIENTED_EDGE('',*,*,#163,.F.);
#768 = PLANE('',#769);
#769 = AXIS2_PLACEMENT_3D('',#770,#771,#772);
#770 = CARTESIAN_POINT('',(47.7,195.2,-0.6));
#771 = DIRECTION('',(-0.,-1.,-1.221245327088E-15));
#772 = DIRECTION('',(-1.,0.,0.));
#773 = ADVANCED_FACE('',(#774),#780,.F.);
#774 = FACE_BOUND('',#775,.T.);
#775 = EDGE_LOOP('',(#776,#777,#778,#779));
#776 = ORIENTED_EDGE('',*,*,#762,.T.);
#777 = ORIENTED_EDGE('',*,*,#271,.T.);
#778 = ORIENTED_EDGE('',*,*,#382,.F.);
#779 = ORIENTED_EDGE('',*,*,#154,.F.);
#780 = CYLINDRICAL_SURFACE('',#781,4.);
#781 = AXIS2_PLACEMENT_3D('',#782,#783,#784);
#782 = CARTESIAN_POINT('',(-37.7,191.2,-0.6));
#783 = DIRECTION('',(0.,1.221245327088E-15,-1.));
#784 = DIRECTION('',(1.,0.,0.));
#785 = ADVANCED_FACE('',(#786),#819,.T.);
#786 = FACE_BOUND('',#787,.T.);
#787 = EDGE_LOOP('',(#788,#796,#804,#812,#818));
#788 = ORIENTED_EDGE('',*,*,#789,.T.);
#789 = EDGE_CURVE('',#228,#790,#792,.T.);
#790 = VERTEX_POINT('',#791);
#791 = CARTESIAN_POINT('',(61.5,279.25,-18.));
#792 = LINE('',#793,#794);
#793 = CARTESIAN_POINT('',(61.5,279.25,2.652877917342E-13));
#794 = VECTOR('',#795,1.);
#795 = DIRECTION('',(0.,1.554312234475E-15,-1.));
#796 = ORIENTED_EDGE('',*,*,#797,.T.);
#797 = EDGE_CURVE('',#790,#798,#800,.T.);
#798 = VERTEX_POINT('',#799);
#799 = CARTESIAN_POINT('',(-19.31849892008,279.25,-70.5));
#800 = LINE('',#801,#802);
#801 = CARTESIAN_POINT('',(61.5,279.25,-18.));
#802 = VECTOR('',#803,1.);
#803 = DIRECTION('',(-0.838595422435,8.467189439282E-16,-0.54475473148)
  );
#804 = ORIENTED_EDGE('',*,*,#805,.T.);
#805 = EDGE_CURVE('',#798,#806,#808,.T.);
#806 = VERTEX_POINT('',#807);
#807 = CARTESIAN_POINT('',(-49.26849892008,279.25,-70.5));
#808 = LINE('',#809,#810);
#809 = CARTESIAN_POINT('',(-19.31849892008,279.25,-70.5));
#810 = VECTOR('',#811,1.);
#811 = DIRECTION('',(-1.,0.,0.));
#812 = ORIENTED_EDGE('',*,*,#813,.F.);
#813 = EDGE_CURVE('',#230,#806,#814,.T.);
#814 = LINE('',#815,#816);
#815 = CARTESIAN_POINT('',(-58.94495749276,279.25,3.));
#816 = VECTOR('',#817,1.);
#817 = DIRECTION('',(0.13052619222,1.320869895292E-15,-0.991444861374));
#818 = ORIENTED_EDGE('',*,*,#227,.F.);
#819 = PLANE('',#820);
#820 = AXIS2_PLACEMENT_3D('',#821,#822,#823);
#821 = CARTESIAN_POINT('',(-4.563540187244,279.25,-25.37037829543));
#822 = DIRECTION('',(0.,1.,1.381234715802E-15));
#823 = DIRECTION('',(0.,1.381234715802E-15,-1.));
#824 = ADVANCED_FACE('',(#825,#843,#854),#865,.T.);
#825 = FACE_BOUND('',#826,.T.);
#826 = EDGE_LOOP('',(#827,#835,#841,#842));
#827 = ORIENTED_EDGE('',*,*,#828,.F.);
#828 = EDGE_CURVE('',#829,#806,#831,.T.);
#829 = VERTEX_POINT('',#830);
#830 = CARTESIAN_POINT('',(-49.26849892008,119.75,-70.5));
#831 = LINE('',#832,#833);
#832 = CARTESIAN_POINT('',(-49.26849892008,276.25,-70.5));
#833 = VECTOR('',#834,1.);
#834 = DIRECTION('',(0.,1.,1.554312234475E-15));
#835 = ORIENTED_EDGE('',*,*,#836,.T.);
#836 = EDGE_CURVE('',#829,#238,#837,.T.);
#837 = LINE('',#838,#839);
#838 = CARTESIAN_POINT('',(-49.26849892008,119.75,-70.5));
#839 = VECTOR('',#840,1.);
#840 = DIRECTION('',(-0.13052619222,-1.651087369115E-15,0.991444861374)
  );
#841 = ORIENTED_EDGE('',*,*,#237,.T.);
#842 = ORIENTED_EDGE('',*,*,#813,.T.);
#843 = FACE_BOUND('',#844,.T.);
#844 = EDGE_LOOP('',(#845));
#845 = ORIENTED_EDGE('',*,*,#846,.F.);
#846 = EDGE_CURVE('',#847,#847,#849,.T.);
#847 = VERTEX_POINT('',#848);
#848 = CARTESIAN_POINT('',(-57.44052736613,148.74999999995,
    -8.427281321677));
#849 = CIRCLE('',#850,8.999999999952);
#850 = AXIS2_PLACEMENT_3D('',#851,#852,#853);
#851 = CARTESIAN_POINT('',(-57.44052736613,139.75,-8.427281321677));
#852 = DIRECTION('',(-0.991444861374,1.375457309469E-16,-0.13052619222)
  );
#853 = DIRECTION('',(1.218375533595E-16,1.,1.283306780146E-16));
#854 = FACE_BOUND('',#855,.T.);
#855 = EDGE_LOOP('',(#856));
#856 = ORIENTED_EDGE('',*,*,#857,.F.);
#857 = EDGE_CURVE('',#858,#858,#860,.T.);
#858 = VERTEX_POINT('',#859);
#859 = CARTESIAN_POINT('',(-57.44052736613,232.24999999995,
    -8.427281321677));
#860 = CIRCLE('',#861,8.999999999952);
#861 = AXIS2_PLACEMENT_3D('',#862,#863,#864);
#862 = CARTESIAN_POINT('',(-57.44052736613,223.25,-8.427281321677));
#863 = DIRECTION('',(-0.991444861374,1.375457309469E-16,-0.13052619222)
  );
#864 = DIRECTION('',(1.218375533595E-16,1.,1.283306780146E-16));
#865 = PLANE('',#866);
#866 = AXIS2_PLACEMENT_3D('',#867,#868,#869);
#867 = CARTESIAN_POINT('',(-54.10672820642,199.5,-33.75));
#868 = DIRECTION('',(-0.991444861374,1.594045023113E-16,-0.13052619222)
  );
#869 = DIRECTION('',(-0.13052619222,-1.210797404018E-15,0.991444861374)
  );
#870 = ADVANCED_FACE('',(#871),#897,.T.);
#871 = FACE_BOUND('',#872,.T.);
#872 = EDGE_LOOP('',(#873,#874,#882,#890,#896));
#873 = ORIENTED_EDGE('',*,*,#836,.F.);
#874 = ORIENTED_EDGE('',*,*,#875,.F.);
#875 = EDGE_CURVE('',#876,#829,#878,.T.);
#876 = VERTEX_POINT('',#877);
#877 = CARTESIAN_POINT('',(-19.31849892008,119.75,-70.5));
#878 = LINE('',#879,#880);
#879 = CARTESIAN_POINT('',(-19.31849892008,119.75,-70.5));
#880 = VECTOR('',#881,1.);
#881 = DIRECTION('',(-1.,0.,0.));
#882 = ORIENTED_EDGE('',*,*,#883,.F.);
#883 = EDGE_CURVE('',#884,#876,#886,.T.);
#884 = VERTEX_POINT('',#885);
#885 = CARTESIAN_POINT('',(61.5,119.75,-18.));
#886 = LINE('',#887,#888);
#887 = CARTESIAN_POINT('',(61.5,119.75,-18.));
#888 = VECTOR('',#889,1.);
#889 = DIRECTION('',(-0.838595422435,9.071988684946E-16,-0.54475473148)
  );
#890 = ORIENTED_EDGE('',*,*,#891,.F.);
#891 = EDGE_CURVE('',#246,#884,#892,.T.);
#892 = LINE('',#893,#894);
#893 = CARTESIAN_POINT('',(61.5,119.75,0.));
#894 = VECTOR('',#895,1.);
#895 = DIRECTION('',(0.,1.665334536938E-15,-1.));
#896 = ORIENTED_EDGE('',*,*,#245,.F.);
#897 = PLANE('',#898);
#898 = AXIS2_PLACEMENT_3D('',#899,#900,#901);
#899 = CARTESIAN_POINT('',(-4.563540187244,119.75,-25.37037829543));
#900 = DIRECTION('',(0.,-1.,-1.652665964184E-15));
#901 = DIRECTION('',(0.,-1.652665964184E-15,1.));
#902 = ADVANCED_FACE('',(#903),#942,.T.);
#903 = FACE_BOUND('',#904,.T.);
#904 = EDGE_LOOP('',(#905,#906,#907,#913,#919,#927,#935,#941));
#905 = ORIENTED_EDGE('',*,*,#253,.F.);
#906 = ORIENTED_EDGE('',*,*,#891,.T.);
#907 = ORIENTED_EDGE('',*,*,#908,.T.);
#908 = EDGE_CURVE('',#884,#539,#909,.T.);
#909 = LINE('',#910,#911);
#910 = CARTESIAN_POINT('',(61.5,119.75,-18.));
#911 = VECTOR('',#912,1.);
#912 = DIRECTION('',(0.,1.,1.665334536938E-15));
#913 = ORIENTED_EDGE('',*,*,#914,.T.);
#914 = EDGE_CURVE('',#539,#712,#915,.T.);
#915 = LINE('',#916,#917);
#916 = CARTESIAN_POINT('',(61.5,119.75,-18.));
#917 = VECTOR('',#918,1.);
#918 = DIRECTION('',(0.,1.,1.554312234475E-15));
#919 = ORIENTED_EDGE('',*,*,#920,.T.);
#920 = EDGE_CURVE('',#712,#921,#923,.T.);
#921 = VERTEX_POINT('',#922);
#922 = CARTESIAN_POINT('',(61.5,201.,-18.));
#923 = LINE('',#924,#925);
#924 = CARTESIAN_POINT('',(61.5,198.,-18.));
#925 = VECTOR('',#926,1.);
#926 = DIRECTION('',(0.,1.,1.554312234475E-15));
#927 = ORIENTED_EDGE('',*,*,#928,.T.);
#928 = EDGE_CURVE('',#921,#929,#931,.T.);
#929 = VERTEX_POINT('',#930);
#930 = CARTESIAN_POINT('',(61.5,276.25,-18.));
#931 = LINE('',#932,#933);
#932 = CARTESIAN_POINT('',(61.5,119.75,-18.));
#933 = VECTOR('',#934,1.);
#934 = DIRECTION('',(0.,1.,1.554312234475E-15));
#935 = ORIENTED_EDGE('',*,*,#936,.T.);
#936 = EDGE_CURVE('',#929,#790,#937,.T.);
#937 = LINE('',#938,#939);
#938 = CARTESIAN_POINT('',(61.5,276.25,-18.));
#939 = VECTOR('',#940,1.);
#940 = DIRECTION('',(0.,1.,1.554312234475E-15));
#941 = ORIENTED_EDGE('',*,*,#789,.F.);
#942 = PLANE('',#943);
#943 = AXIS2_PLACEMENT_3D('',#944,#945,#946);
#944 = CARTESIAN_POINT('',(61.5,199.5,-7.5));
#945 = DIRECTION('',(1.,0.,0.));
#946 = DIRECTION('',(0.,1.,1.33226762955E-15));
#947 = ADVANCED_FACE('',(#948),#973,.T.);
#948 = FACE_BOUND('',#949,.T.);
#949 = EDGE_LOOP('',(#950,#958,#959,#967));
#950 = ORIENTED_EDGE('',*,*,#951,.T.);
#951 = EDGE_CURVE('',#952,#307,#954,.T.);
#952 = VERTEX_POINT('',#953);
#953 = CARTESIAN_POINT('',(-37.7,203.8,-0.6));
#954 = LINE('',#955,#956);
#955 = CARTESIAN_POINT('',(-37.7,203.8,-0.6));
#956 = VECTOR('',#957,1.);
#957 = DIRECTION('',(0.,-1.221245327088E-15,1.));
#958 = ORIENTED_EDGE('',*,*,#306,.T.);
#959 = ORIENTED_EDGE('',*,*,#960,.F.);
#960 = EDGE_CURVE('',#961,#309,#963,.T.);
#961 = VERTEX_POINT('',#962);
#962 = CARTESIAN_POINT('',(47.7,203.8,-0.6));
#963 = LINE('',#964,#965);
#964 = CARTESIAN_POINT('',(47.7,203.8,-0.6));
#965 = VECTOR('',#966,1.);
#966 = DIRECTION('',(0.,-1.221245327088E-15,1.));
#967 = ORIENTED_EDGE('',*,*,#968,.F.);
#968 = EDGE_CURVE('',#952,#961,#969,.T.);
#969 = LINE('',#970,#971);
#970 = CARTESIAN_POINT('',(-37.7,203.8,-0.6));
#971 = VECTOR('',#972,1.);
#972 = DIRECTION('',(1.,0.,0.));
#973 = PLANE('',#974);
#974 = AXIS2_PLACEMENT_3D('',#975,#976,#977);
#975 = CARTESIAN_POINT('',(-37.7,203.8,-0.6));
#976 = DIRECTION('',(0.,1.,1.221245327088E-15));
#977 = DIRECTION('',(1.,0.,0.));
#978 = ADVANCED_FACE('',(#979),#998,.F.);
#979 = FACE_BOUND('',#980,.T.);
#980 = EDGE_LOOP('',(#981,#989,#990,#991));
#981 = ORIENTED_EDGE('',*,*,#982,.T.);
#982 = EDGE_CURVE('',#983,#317,#985,.T.);
#983 = VERTEX_POINT('',#984);
#984 = CARTESIAN_POINT('',(-41.7,207.8,-0.6));
#985 = LINE('',#986,#987);
#986 = CARTESIAN_POINT('',(-41.7,207.8,-0.6));
#987 = VECTOR('',#988,1.);
#988 = DIRECTION('',(0.,-1.221245327088E-15,1.));
#989 = ORIENTED_EDGE('',*,*,#316,.T.);
#990 = ORIENTED_EDGE('',*,*,#951,.F.);
#991 = ORIENTED_EDGE('',*,*,#992,.F.);
#992 = EDGE_CURVE('',#983,#952,#993,.T.);
#993 = CIRCLE('',#994,4.);
#994 = AXIS2_PLACEMENT_3D('',#995,#996,#997);
#995 = CARTESIAN_POINT('',(-37.7,207.8,-0.6));
#996 = DIRECTION('',(0.,-1.221245327088E-15,1.));
#997 = DIRECTION('',(1.,0.,0.));
#998 = CYLINDRICAL_SURFACE('',#999,4.);
#999 = AXIS2_PLACEMENT_3D('',#1000,#1001,#1002);
#1000 = CARTESIAN_POINT('',(-37.7,207.8,-0.6));
#1001 = DIRECTION('',(0.,1.221245327088E-15,-1.));
#1002 = DIRECTION('',(1.,0.,0.));
#1003 = ADVANCED_FACE('',(#1004),#1022,.T.);
#1004 = FACE_BOUND('',#1005,.T.);
#1005 = EDGE_LOOP('',(#1006,#1014,#1015,#1016));
#1006 = ORIENTED_EDGE('',*,*,#1007,.T.);
#1007 = EDGE_CURVE('',#1008,#326,#1010,.T.);
#1008 = VERTEX_POINT('',#1009);
#1009 = CARTESIAN_POINT('',(-41.7,271.2,-0.6));
#1010 = LINE('',#1011,#1012);
#1011 = CARTESIAN_POINT('',(-41.7,271.2,-0.6));
#1012 = VECTOR('',#1013,1.);
#1013 = DIRECTION('',(0.,-1.221245327088E-15,1.));
#1014 = ORIENTED_EDGE('',*,*,#325,.T.);
#1015 = ORIENTED_EDGE('',*,*,#982,.F.);
#1016 = ORIENTED_EDGE('',*,*,#1017,.F.);
#1017 = EDGE_CURVE('',#1008,#983,#1018,.T.);
#1018 = LINE('',#1019,#1020);
#1019 = CARTESIAN_POINT('',(-41.7,271.2,-0.6));
#1020 = VECTOR('',#1021,1.);
#1021 = DIRECTION('',(0.,-1.,-1.221245327088E-15));
#1022 = PLANE('',#1023);
#1023 = AXIS2_PLACEMENT_3D('',#1024,#1025,#1026);
#1024 = CARTESIAN_POINT('',(-41.7,271.2,-0.6));
#1025 = DIRECTION('',(1.,0.,0.));
#1026 = DIRECTION('',(0.,-1.,-1.221245327088E-15));
#1027 = ADVANCED_FACE('',(#1028),#1047,.F.);
#1028 = FACE_BOUND('',#1029,.T.);
#1029 = EDGE_LOOP('',(#1030,#1038,#1039,#1040));
#1030 = ORIENTED_EDGE('',*,*,#1031,.T.);
#1031 = EDGE_CURVE('',#1032,#334,#1034,.T.);
#1032 = VERTEX_POINT('',#1033);
#1033 = CARTESIAN_POINT('',(-37.7,275.2,-0.6));
#1034 = LINE('',#1035,#1036);
#1035 = CARTESIAN_POINT('',(-37.7,275.2,-0.6));
#1036 = VECTOR('',#1037,1.);
#1037 = DIRECTION('',(0.,-1.221245327088E-15,1.));
#1038 = ORIENTED_EDGE('',*,*,#333,.T.);
#1039 = ORIENTED_EDGE('',*,*,#1007,.F.);
#1040 = ORIENTED_EDGE('',*,*,#1041,.F.);
#1041 = EDGE_CURVE('',#1032,#1008,#1042,.T.);
#1042 = CIRCLE('',#1043,4.);
#1043 = AXIS2_PLACEMENT_3D('',#1044,#1045,#1046);
#1044 = CARTESIAN_POINT('',(-37.7,271.2,-0.6));
#1045 = DIRECTION('',(0.,-1.221245327088E-15,1.));
#1046 = DIRECTION('',(1.,0.,0.));
#1047 = CYLINDRICAL_SURFACE('',#1048,4.);
#1048 = AXIS2_PLACEMENT_3D('',#1049,#1050,#1051);
#1049 = CARTESIAN_POINT('',(-37.7,271.2,-0.6));
#1050 = DIRECTION('',(0.,1.221245327088E-15,-1.));
#1051 = DIRECTION('',(1.,0.,0.));
#1052 = ADVANCED_FACE('',(#1053),#1071,.T.);
#1053 = FACE_BOUND('',#1054,.T.);
#1054 = EDGE_LOOP('',(#1055,#1063,#1064,#1065));
#1055 = ORIENTED_EDGE('',*,*,#1056,.T.);
#1056 = EDGE_CURVE('',#1057,#343,#1059,.T.);
#1057 = VERTEX_POINT('',#1058);
#1058 = CARTESIAN_POINT('',(47.7,275.2,-0.6));
#1059 = LINE('',#1060,#1061);
#1060 = CARTESIAN_POINT('',(47.7,275.2,-0.6));
#1061 = VECTOR('',#1062,1.);
#1062 = DIRECTION('',(0.,-1.221245327088E-15,1.));
#1063 = ORIENTED_EDGE('',*,*,#342,.T.);
#1064 = ORIENTED_EDGE('',*,*,#1031,.F.);
#1065 = ORIENTED_EDGE('',*,*,#1066,.F.);
#1066 = EDGE_CURVE('',#1057,#1032,#1067,.T.);
#1067 = LINE('',#1068,#1069);
#1068 = CARTESIAN_POINT('',(47.7,275.2,-0.6));
#1069 = VECTOR('',#1070,1.);
#1070 = DIRECTION('',(-1.,-0.,0.));
#1071 = PLANE('',#1072);
#1072 = AXIS2_PLACEMENT_3D('',#1073,#1074,#1075);
#1073 = CARTESIAN_POINT('',(47.7,275.2,-0.6));
#1074 = DIRECTION('',(-0.,-1.,-1.221245327088E-15));
#1075 = DIRECTION('',(-1.,0.,0.));
#1076 = ADVANCED_FACE('',(#1077),#1113,.F.);
#1077 = FACE_BOUND('',#1078,.T.);
#1078 = EDGE_LOOP('',(#1079,#1090,#1096,#1097,#1098,#1107));
#1079 = ORIENTED_EDGE('',*,*,#1080,.T.);
#1080 = EDGE_CURVE('',#1081,#1083,#1085,.T.);
#1081 = VERTEX_POINT('',#1082);
#1082 = CARTESIAN_POINT('',(51.5,272.44899959968,2.344791028008E-13));
#1083 = VERTEX_POINT('',#1084);
#1084 = CARTESIAN_POINT('',(51.7,271.2,2.344791028008E-13));
#1085 = CIRCLE('',#1086,4.);
#1086 = AXIS2_PLACEMENT_3D('',#1087,#1088,#1089);
#1087 = CARTESIAN_POINT('',(47.7,271.2,2.311928426479E-13));
#1088 = DIRECTION('',(0.,1.221245327088E-15,-1.));
#1089 = DIRECTION('',(1.,0.,0.));
#1090 = ORIENTED_EDGE('',*,*,#1091,.T.);
#1091 = EDGE_CURVE('',#1083,#351,#1092,.T.);
#1092 = LINE('',#1093,#1094);
#1093 = CARTESIAN_POINT('',(51.7,271.2,-0.6));
#1094 = VECTOR('',#1095,1.);
#1095 = DIRECTION('',(0.,-1.221245327088E-15,1.));
#1096 = ORIENTED_EDGE('',*,*,#350,.T.);
#1097 = ORIENTED_EDGE('',*,*,#1056,.F.);
#1098 = ORIENTED_EDGE('',*,*,#1099,.F.);
#1099 = EDGE_CURVE('',#1100,#1057,#1102,.T.);
#1100 = VERTEX_POINT('',#1101);
#1101 = CARTESIAN_POINT('',(51.5,272.44899959968,-0.6));
#1102 = CIRCLE('',#1103,4.);
#1103 = AXIS2_PLACEMENT_3D('',#1104,#1105,#1106);
#1104 = CARTESIAN_POINT('',(47.7,271.2,-0.6));
#1105 = DIRECTION('',(0.,-1.221245327088E-15,1.));
#1106 = DIRECTION('',(1.,0.,0.));
#1107 = ORIENTED_EDGE('',*,*,#1108,.F.);
#1108 = EDGE_CURVE('',#1081,#1100,#1109,.T.);
#1109 = LINE('',#1110,#1111);
#1110 = CARTESIAN_POINT('',(51.5,272.44899959968,-0.6));
#1111 = VECTOR('',#1112,1.);
#1112 = DIRECTION('',(0.,1.221245327088E-15,-1.));
#1113 = CYLINDRICAL_SURFACE('',#1114,4.);
#1114 = AXIS2_PLACEMENT_3D('',#1115,#1116,#1117);
#1115 = CARTESIAN_POINT('',(47.7,271.2,-0.6));
#1116 = DIRECTION('',(0.,1.221245327088E-15,-1.));
#1117 = DIRECTION('',(1.,0.,0.));
#1118 = ADVANCED_FACE('',(#1119),#1137,.T.);
#1119 = FACE_BOUND('',#1120,.T.);
#1120 = EDGE_LOOP('',(#1121,#1129,#1135,#1136));
#1121 = ORIENTED_EDGE('',*,*,#1122,.T.);
#1122 = EDGE_CURVE('',#1083,#1123,#1125,.T.);
#1123 = VERTEX_POINT('',#1124);
#1124 = CARTESIAN_POINT('',(51.7,207.8,1.350031197944E-13));
#1125 = LINE('',#1126,#1127);
#1126 = CARTESIAN_POINT('',(51.7,203.65,1.337223201425E-13));
#1127 = VECTOR('',#1128,1.);
#1128 = DIRECTION('',(0.,-1.,-1.443289932013E-15));
#1129 = ORIENTED_EDGE('',*,*,#1130,.T.);
#1130 = EDGE_CURVE('',#1123,#360,#1131,.T.);
#1131 = LINE('',#1132,#1133);
#1132 = CARTESIAN_POINT('',(51.7,207.8,-0.6));
#1133 = VECTOR('',#1134,1.);
#1134 = DIRECTION('',(0.,-1.221245327088E-15,1.));
#1135 = ORIENTED_EDGE('',*,*,#359,.T.);
#1136 = ORIENTED_EDGE('',*,*,#1091,.F.);
#1137 = PLANE('',#1138);
#1138 = AXIS2_PLACEMENT_3D('',#1139,#1140,#1141);
#1139 = CARTESIAN_POINT('',(51.7,207.8,-0.6));
#1140 = DIRECTION('',(-1.,0.,0.));
#1141 = DIRECTION('',(0.,1.,1.221245327088E-15));
#1142 = ADVANCED_FACE('',(#1143),#1172,.F.);
#1143 = FACE_BOUND('',#1144,.T.);
#1144 = EDGE_LOOP('',(#1145,#1154,#1155,#1156,#1157,#1166));
#1145 = ORIENTED_EDGE('',*,*,#1146,.F.);
#1146 = EDGE_CURVE('',#961,#1147,#1149,.T.);
#1147 = VERTEX_POINT('',#1148);
#1148 = CARTESIAN_POINT('',(51.5,206.55100040032,-0.6));
#1149 = CIRCLE('',#1150,4.);
#1150 = AXIS2_PLACEMENT_3D('',#1151,#1152,#1153);
#1151 = CARTESIAN_POINT('',(47.7,207.8,-0.6));
#1152 = DIRECTION('',(0.,-1.221245327088E-15,1.));
#1153 = DIRECTION('',(1.,0.,0.));
#1154 = ORIENTED_EDGE('',*,*,#960,.T.);
#1155 = ORIENTED_EDGE('',*,*,#367,.T.);
#1156 = ORIENTED_EDGE('',*,*,#1130,.F.);
#1157 = ORIENTED_EDGE('',*,*,#1158,.T.);
#1158 = EDGE_CURVE('',#1123,#1159,#1161,.T.);
#1159 = VERTEX_POINT('',#1160);
#1160 = CARTESIAN_POINT('',(51.5,206.55100040032,1.350031197944E-13));
#1161 = CIRCLE('',#1162,4.);
#1162 = AXIS2_PLACEMENT_3D('',#1163,#1164,#1165);
#1163 = CARTESIAN_POINT('',(47.7,207.8,1.397326698793E-13));
#1164 = DIRECTION('',(0.,1.221245327088E-15,-1.));
#1165 = DIRECTION('',(1.,0.,0.));
#1166 = ORIENTED_EDGE('',*,*,#1167,.T.);
#1167 = EDGE_CURVE('',#1159,#1147,#1168,.T.);
#1168 = LINE('',#1169,#1170);
#1169 = CARTESIAN_POINT('',(51.5,206.55100040032,-0.6));
#1170 = VECTOR('',#1171,1.);
#1171 = DIRECTION('',(0.,1.221245327088E-15,-1.));
#1172 = CYLINDRICAL_SURFACE('',#1173,4.);
#1173 = AXIS2_PLACEMENT_3D('',#1174,#1175,#1176);
#1174 = CARTESIAN_POINT('',(47.7,207.8,-0.6));
#1175 = DIRECTION('',(0.,1.221245327088E-15,-1.));
#1176 = DIRECTION('',(1.,0.,0.));
#1177 = ADVANCED_FACE('',(#1178),#1189,.F.);
#1178 = FACE_BOUND('',#1179,.F.);
#1179 = EDGE_LOOP('',(#1180,#1181,#1187,#1188));
#1180 = ORIENTED_EDGE('',*,*,#506,.T.);
#1181 = ORIENTED_EDGE('',*,*,#1182,.T.);
#1182 = EDGE_CURVE('',#507,#680,#1183,.T.);
#1183 = LINE('',#1184,#1185);
#1184 = CARTESIAN_POINT('',(53.3,119.75,-1.));
#1185 = VECTOR('',#1186,1.);
#1186 = DIRECTION('',(0.,1.,1.554312234475E-15));
#1187 = ORIENTED_EDGE('',*,*,#679,.F.);
#1188 = ORIENTED_EDGE('',*,*,#408,.F.);
#1189 = PLANE('',#1190);
#1190 = AXIS2_PLACEMENT_3D('',#1191,#1192,#1193);
#1191 = CARTESIAN_POINT('',(53.3,119.75,-1.));
#1192 = DIRECTION('',(0.,-1.554312234475E-15,1.));
#1193 = DIRECTION('',(-1.,0.,0.));
#1194 = ADVANCED_FACE('',(#1195,#1237),#1271,.T.);
#1195 = FACE_BOUND('',#1196,.T.);
#1196 = EDGE_LOOP('',(#1197,#1198,#1199,#1208,#1215,#1222,#1229,#1230,
    #1231));
#1197 = ORIENTED_EDGE('',*,*,#668,.F.);
#1198 = ORIENTED_EDGE('',*,*,#620,.T.);
#1199 = ORIENTED_EDGE('',*,*,#1200,.T.);
#1200 = EDGE_CURVE('',#621,#1201,#1203,.T.);
#1201 = VERTEX_POINT('',#1202);
#1202 = CARTESIAN_POINT('',(-54.02177145702,148.97172338023,
    -11.60804824045));
#1203 = CIRCLE('',#1204,9.899428571429);
#1204 = AXIS2_PLACEMENT_3D('',#1205,#1206,#1207);
#1205 = CARTESIAN_POINT('',(-54.49163862669,139.75,-8.039052754024));
#1206 = DIRECTION('',(-0.991444861374,2.427535531561E-16,-0.13052619222)
  );
#1207 = DIRECTION('',(1.110223024625E-16,1.,1.016509097715E-15));
#1208 = ORIENTED_EDGE('',*,*,#1209,.F.);
#1209 = EDGE_CURVE('',#1210,#1201,#1212,.T.);
#1210 = VERTEX_POINT('',#1211);
#1211 = CARTESIAN_POINT('',(-50.93826815609,139.75,-35.02958112014));
#1212 = B_SPLINE_CURVE_WITH_KNOTS('',1,(#1213,#1214),.UNSPECIFIED.,.F.,
  .F.,(2,2),(0.,1.),.PIECEWISE_BEZIER_KNOTS.);
#1213 = CARTESIAN_POINT('',(-50.93826815609,139.75,-35.02958112014));
#1214 = CARTESIAN_POINT('',(-54.02177145702,148.97172338023,
    -11.60804824045));
#1215 = ORIENTED_EDGE('',*,*,#1216,.F.);
#1216 = EDGE_CURVE('',#1217,#1210,#1219,.T.);
#1217 = VERTEX_POINT('',#1218);
#1218 = CARTESIAN_POINT('',(-54.02177145702,130.52827661976,
    -11.60804824045));
#1219 = B_SPLINE_CURVE_WITH_KNOTS('',1,(#1220,#1221),.UNSPECIFIED.,.F.,
  .F.,(2,2),(0.,1.),.PIECEWISE_BEZIER_KNOTS.);
#1220 = CARTESIAN_POINT('',(-54.02177145702,130.52827661976,
    -11.60804824045));
#1221 = CARTESIAN_POINT('',(-50.93826815609,139.75,-35.02958112014));
#1222 = ORIENTED_EDGE('',*,*,#1223,.T.);
#1223 = EDGE_CURVE('',#1217,#646,#1224,.T.);
#1224 = CIRCLE('',#1225,9.899428571429);
#1225 = AXIS2_PLACEMENT_3D('',#1226,#1227,#1228);
#1226 = CARTESIAN_POINT('',(-54.49163862669,139.75,-8.039052754024));
#1227 = DIRECTION('',(-0.991444861374,2.427535531561E-16,-0.13052619222)
  );
#1228 = DIRECTION('',(1.110223024625E-16,1.,1.016509097715E-15));
#1229 = ORIENTED_EDGE('',*,*,#654,.T.);
#1230 = ORIENTED_EDGE('',*,*,#488,.T.);
#1231 = ORIENTED_EDGE('',*,*,#1232,.T.);
#1232 = EDGE_CURVE('',#491,#669,#1233,.T.);
#1233 = LINE('',#1234,#1235);
#1234 = CARTESIAN_POINT('',(-46.26849892008,119.75,-70.5));
#1235 = VECTOR('',#1236,1.);
#1236 = DIRECTION('',(0.,1.,1.554312234475E-15));
#1237 = FACE_BOUND('',#1238,.T.);
#1238 = EDGE_LOOP('',(#1239,#1249,#1257,#1265));
#1239 = ORIENTED_EDGE('',*,*,#1240,.T.);
#1240 = EDGE_CURVE('',#1241,#1243,#1245,.T.);
#1241 = VERTEX_POINT('',#1242);
#1242 = CARTESIAN_POINT('',(-46.98638257404,128.75,-65.04713228301));
#1243 = VERTEX_POINT('',#1244);
#1244 = CARTESIAN_POINT('',(-50.90216834064,128.75,-35.3037864418));
#1245 = LINE('',#1246,#1247);
#1246 = CARTESIAN_POINT('',(-46.98638257404,128.75,-65.04713228301));
#1247 = VECTOR('',#1248,1.);
#1248 = DIRECTION('',(-0.13052619222,-2.209348573315E-16,0.991444861374)
  );
#1249 = ORIENTED_EDGE('',*,*,#1250,.T.);
#1250 = EDGE_CURVE('',#1243,#1251,#1253,.T.);
#1251 = VERTEX_POINT('',#1252);
#1252 = CARTESIAN_POINT('',(-50.90216834064,192.,-35.3037864418));
#1253 = LINE('',#1254,#1255);
#1254 = CARTESIAN_POINT('',(-50.90216834064,128.75,-35.3037864418));
#1255 = VECTOR('',#1256,1.);
#1256 = DIRECTION('',(1.218375533595E-16,1.,2.393529804771E-16));
#1257 = ORIENTED_EDGE('',*,*,#1258,.T.);
#1258 = EDGE_CURVE('',#1251,#1259,#1261,.T.);
#1259 = VERTEX_POINT('',#1260);
#1260 = CARTESIAN_POINT('',(-46.98638257404,192.,-65.04713228301));
#1261 = LINE('',#1262,#1263);
#1262 = CARTESIAN_POINT('',(-50.90216834064,192.,-35.3037864418));
#1263 = VECTOR('',#1264,1.);
#1264 = DIRECTION('',(0.13052619222,2.209348573315E-16,-0.991444861374)
  );
#1265 = ORIENTED_EDGE('',*,*,#1266,.T.);
#1266 = EDGE_CURVE('',#1259,#1241,#1267,.T.);
#1267 = LINE('',#1268,#1269);
#1268 = CARTESIAN_POINT('',(-46.98638257404,192.,-65.04713228301));
#1269 = VECTOR('',#1270,1.);
#1270 = DIRECTION('',(-1.218375533595E-16,-1.,-2.393529804771E-16));
#1271 = PLANE('',#1272);
#1272 = AXIS2_PLACEMENT_3D('',#1273,#1274,#1275);
#1273 = CARTESIAN_POINT('',(-46.26849892008,119.75,-70.5));
#1274 = DIRECTION('',(0.991444861374,-2.028784574871E-16,0.13052619222)
  );
#1275 = DIRECTION('',(-0.13052619222,-1.541014877841E-15,0.991444861374)
  );
#1276 = ADVANCED_FACE('',(#1277),#1329,.T.);
#1277 = FACE_BOUND('',#1278,.T.);
#1278 = EDGE_LOOP('',(#1279,#1280,#1281,#1282,#1290,#1298,#1306,#1314,
    #1320,#1321,#1322,#1323));
#1279 = ORIENTED_EDGE('',*,*,#875,.T.);
#1280 = ORIENTED_EDGE('',*,*,#828,.T.);
#1281 = ORIENTED_EDGE('',*,*,#805,.F.);
#1282 = ORIENTED_EDGE('',*,*,#1283,.F.);
#1283 = EDGE_CURVE('',#1284,#798,#1286,.T.);
#1284 = VERTEX_POINT('',#1285);
#1285 = CARTESIAN_POINT('',(-19.31849892008,276.25,-70.5));
#1286 = LINE('',#1287,#1288);
#1287 = CARTESIAN_POINT('',(-19.31849892008,276.25,-70.5));
#1288 = VECTOR('',#1289,1.);
#1289 = DIRECTION('',(0.,1.,1.554312234475E-15));
#1290 = ORIENTED_EDGE('',*,*,#1291,.T.);
#1291 = EDGE_CURVE('',#1284,#1292,#1294,.T.);
#1292 = VERTEX_POINT('',#1293);
#1293 = CARTESIAN_POINT('',(-46.26849892008,276.25,-70.5));
#1294 = LINE('',#1295,#1296);
#1295 = CARTESIAN_POINT('',(-19.31849892008,276.25,-70.5));
#1296 = VECTOR('',#1297,1.);
#1297 = DIRECTION('',(-1.,0.,0.));
#1298 = ORIENTED_EDGE('',*,*,#1299,.F.);
#1299 = EDGE_CURVE('',#1300,#1292,#1302,.T.);
#1300 = VERTEX_POINT('',#1301);
#1301 = CARTESIAN_POINT('',(-46.26849892008,201.,-70.5));
#1302 = LINE('',#1303,#1304);
#1303 = CARTESIAN_POINT('',(-46.26849892008,119.75,-70.5));
#1304 = VECTOR('',#1305,1.);
#1305 = DIRECTION('',(0.,1.,1.554312234475E-15));
#1306 = ORIENTED_EDGE('',*,*,#1307,.F.);
#1307 = EDGE_CURVE('',#1308,#1300,#1310,.T.);
#1308 = VERTEX_POINT('',#1309);
#1309 = CARTESIAN_POINT('',(-19.31849892008,201.,-70.5));
#1310 = LINE('',#1311,#1312);
#1311 = CARTESIAN_POINT('',(-19.31849892008,201.,-70.5));
#1312 = VECTOR('',#1313,1.);
#1313 = DIRECTION('',(-1.,0.,0.));
#1314 = ORIENTED_EDGE('',*,*,#1315,.F.);
#1315 = EDGE_CURVE('',#720,#1308,#1316,.T.);
#1316 = LINE('',#1317,#1318);
#1317 = CARTESIAN_POINT('',(-19.31849892008,198.,-70.5));
#1318 = VECTOR('',#1319,1.);
#1319 = DIRECTION('',(0.,1.,1.554312234475E-15));
#1320 = ORIENTED_EDGE('',*,*,#727,.T.);
#1321 = ORIENTED_EDGE('',*,*,#1232,.F.);
#1322 = ORIENTED_EDGE('',*,*,#554,.F.);
#1323 = ORIENTED_EDGE('',*,*,#1324,.F.);
#1324 = EDGE_CURVE('',#876,#547,#1325,.T.);
#1325 = LINE('',#1326,#1327);
#1326 = CARTESIAN_POINT('',(-19.31849892008,119.75,-70.5));
#1327 = VECTOR('',#1328,1.);
#1328 = DIRECTION('',(0.,1.,1.665334536938E-15));
#1329 = PLANE('',#1330);
#1330 = AXIS2_PLACEMENT_3D('',#1331,#1332,#1333);
#1331 = CARTESIAN_POINT('',(-42.29488581139,199.5,-70.5));
#1332 = DIRECTION('',(0.,1.443289932013E-15,-1.));
#1333 = DIRECTION('',(0.,1.,1.443289932013E-15));
#1334 = ADVANCED_FACE('',(#1335),#1341,.F.);
#1335 = FACE_BOUND('',#1336,.F.);
#1336 = EDGE_LOOP('',(#1337,#1338,#1339,#1340));
#1337 = ORIENTED_EDGE('',*,*,#908,.T.);
#1338 = ORIENTED_EDGE('',*,*,#546,.T.);
#1339 = ORIENTED_EDGE('',*,*,#1324,.F.);
#1340 = ORIENTED_EDGE('',*,*,#883,.F.);
#1341 = PLANE('',#1342);
#1342 = AXIS2_PLACEMENT_3D('',#1343,#1344,#1345);
#1343 = CARTESIAN_POINT('',(61.5,119.75,-18.));
#1344 = DIRECTION('',(-0.54475473148,-1.3965419195E-15,0.838595422435));
#1345 = DIRECTION('',(-0.838595422435,9.071988684946E-16,-0.54475473148)
  );
#1346 = ADVANCED_FACE('',(#1347),#1358,.F.);
#1347 = FACE_BOUND('',#1348,.F.);
#1348 = EDGE_LOOP('',(#1349,#1350,#1351,#1352));
#1349 = ORIENTED_EDGE('',*,*,#538,.T.);
#1350 = ORIENTED_EDGE('',*,*,#914,.T.);
#1351 = ORIENTED_EDGE('',*,*,#711,.F.);
#1352 = ORIENTED_EDGE('',*,*,#1353,.F.);
#1353 = EDGE_CURVE('',#531,#704,#1354,.T.);
#1354 = LINE('',#1355,#1356);
#1355 = CARTESIAN_POINT('',(58.5,119.75,-18.));
#1356 = VECTOR('',#1357,1.);
#1357 = DIRECTION('',(0.,1.,1.554312234475E-15));
#1358 = PLANE('',#1359);
#1359 = AXIS2_PLACEMENT_3D('',#1360,#1361,#1362);
#1360 = CARTESIAN_POINT('',(61.5,119.75,-18.));
#1361 = DIRECTION('',(0.,-1.554312234475E-15,1.));
#1362 = DIRECTION('',(-1.,0.,0.));
#1363 = ADVANCED_FACE('',(#1364),#1375,.F.);
#1364 = FACE_BOUND('',#1365,.F.);
#1365 = EDGE_LOOP('',(#1366,#1367,#1368,#1369));
#1366 = ORIENTED_EDGE('',*,*,#530,.T.);
#1367 = ORIENTED_EDGE('',*,*,#1353,.T.);
#1368 = ORIENTED_EDGE('',*,*,#703,.F.);
#1369 = ORIENTED_EDGE('',*,*,#1370,.F.);
#1370 = EDGE_CURVE('',#523,#696,#1371,.T.);
#1371 = LINE('',#1372,#1373);
#1372 = CARTESIAN_POINT('',(58.5,119.75,-0.8));
#1373 = VECTOR('',#1374,1.);
#1374 = DIRECTION('',(0.,1.,1.554312234475E-15));
#1375 = PLANE('',#1376);
#1376 = AXIS2_PLACEMENT_3D('',#1377,#1378,#1379);
#1377 = CARTESIAN_POINT('',(58.5,119.75,-18.));
#1378 = DIRECTION('',(1.,0.,0.));
#1379 = DIRECTION('',(0.,-1.554312234475E-15,1.));
#1380 = ADVANCED_FACE('',(#1381),#1392,.F.);
#1381 = FACE_BOUND('',#1382,.F.);
#1382 = EDGE_LOOP('',(#1383,#1384,#1390,#1391));
#1383 = ORIENTED_EDGE('',*,*,#514,.T.);
#1384 = ORIENTED_EDGE('',*,*,#1385,.T.);
#1385 = EDGE_CURVE('',#515,#688,#1386,.T.);
#1386 = LINE('',#1387,#1388);
#1387 = CARTESIAN_POINT('',(53.5,119.75,-0.8));
#1388 = VECTOR('',#1389,1.);
#1389 = DIRECTION('',(0.,1.,1.554312234475E-15));
#1390 = ORIENTED_EDGE('',*,*,#687,.F.);
#1391 = ORIENTED_EDGE('',*,*,#1182,.F.);
#1392 = PLANE('',#1393);
#1393 = AXIS2_PLACEMENT_3D('',#1394,#1395,#1396);
#1394 = CARTESIAN_POINT('',(53.5,119.75,-0.8));
#1395 = DIRECTION('',(-0.707106781187,-1.099064721079E-15,0.707106781187
    ));
#1396 = DIRECTION('',(-0.707106781187,1.099064721079E-15,-0.707106781187
    ));
#1397 = ADVANCED_FACE('',(#1398),#1404,.F.);
#1398 = FACE_BOUND('',#1399,.F.);
#1399 = EDGE_LOOP('',(#1400,#1401,#1402,#1403));
#1400 = ORIENTED_EDGE('',*,*,#522,.T.);
#1401 = ORIENTED_EDGE('',*,*,#1370,.T.);
#1402 = ORIENTED_EDGE('',*,*,#695,.F.);
#1403 = ORIENTED_EDGE('',*,*,#1385,.F.);
#1404 = PLANE('',#1405);
#1405 = AXIS2_PLACEMENT_3D('',#1406,#1407,#1408);
#1406 = CARTESIAN_POINT('',(58.5,119.75,-0.8));
#1407 = DIRECTION('',(1.33226762955E-16,-1.554312234475E-15,1.));
#1408 = DIRECTION('',(-1.,-2.070759876205E-31,1.33226762955E-16));
#1409 = ADVANCED_FACE('',(#1410),#1433,.F.);
#1410 = FACE_BOUND('',#1411,.F.);
#1411 = EDGE_LOOP('',(#1412,#1413,#1420,#1428));
#1412 = ORIENTED_EDGE('',*,*,#562,.T.);
#1413 = ORIENTED_EDGE('',*,*,#1414,.T.);
#1414 = EDGE_CURVE('',#565,#1415,#1417,.T.);
#1415 = VERTEX_POINT('',#1416);
#1416 = CARTESIAN_POINT('',(-38.83839460897,121.55,-63.06989568888));
#1417 = B_SPLINE_CURVE_WITH_KNOTS('',1,(#1418,#1419),.UNSPECIFIED.,.F.,
  .F.,(2,2),(0.,1.),.PIECEWISE_BEZIER_KNOTS.);
#1418 = CARTESIAN_POINT('',(-40.26849892008,122.75,-64.5));
#1419 = CARTESIAN_POINT('',(-38.83839460897,121.55,-63.06989568888));
#1420 = ORIENTED_EDGE('',*,*,#1421,.F.);
#1421 = EDGE_CURVE('',#1422,#1415,#1424,.T.);
#1422 = VERTEX_POINT('',#1423);
#1423 = CARTESIAN_POINT('',(-38.83839460897,121.55,-8.030104311113));
#1424 = LINE('',#1425,#1426);
#1425 = CARTESIAN_POINT('',(-38.83839460897,121.55,-6.6));
#1426 = VECTOR('',#1427,1.);
#1427 = DIRECTION('',(0.,6.661338147751E-16,-1.));
#1428 = ORIENTED_EDGE('',*,*,#1429,.F.);
#1429 = EDGE_CURVE('',#563,#1422,#1430,.T.);
#1430 = B_SPLINE_CURVE_WITH_KNOTS('',1,(#1431,#1432),.UNSPECIFIED.,.F.,
  .F.,(2,2),(0.,1.),.PIECEWISE_BEZIER_KNOTS.);
#1431 = CARTESIAN_POINT('',(-40.26849892008,122.75,-6.6));
#1432 = CARTESIAN_POINT('',(-38.83839460897,121.55,-8.030104311113));
#1433 = B_SPLINE_SURFACE_WITH_KNOTS('',1,1,(
    (#1434,#1435)
    ,(#1436,#1437
    )),.UNSPECIFIED.,.F.,.F.,.F.,(2,2),(2,2),(0.,57.9),(0.,1.),
  .PIECEWISE_BEZIER_KNOTS.);
#1434 = CARTESIAN_POINT('',(-40.26849892008,122.75,-6.6));
#1435 = CARTESIAN_POINT('',(-38.83839460897,121.55,-8.030104311113));
#1436 = CARTESIAN_POINT('',(-40.26849892008,122.75,-64.5));
#1437 = CARTESIAN_POINT('',(-38.83839460897,121.55,-63.06989568888));
#1438 = ADVANCED_FACE('',(#1439),#1456,.F.);
#1439 = FACE_BOUND('',#1440,.F.);
#1440 = EDGE_LOOP('',(#1441,#1442,#1443,#1451));
#1441 = ORIENTED_EDGE('',*,*,#596,.T.);
#1442 = ORIENTED_EDGE('',*,*,#1429,.T.);
#1443 = ORIENTED_EDGE('',*,*,#1444,.F.);
#1444 = EDGE_CURVE('',#1445,#1422,#1447,.T.);
#1445 = VERTEX_POINT('',#1446);
#1446 = CARTESIAN_POINT('',(51.069895688887,121.55,-8.030104311113));
#1447 = LINE('',#1448,#1449);
#1448 = CARTESIAN_POINT('',(52.5,121.55,-8.030104311113));
#1449 = VECTOR('',#1450,1.);
#1450 = DIRECTION('',(-1.,0.,0.));
#1451 = ORIENTED_EDGE('',*,*,#1452,.F.);
#1452 = EDGE_CURVE('',#589,#1445,#1453,.T.);
#1453 = B_SPLINE_CURVE_WITH_KNOTS('',1,(#1454,#1455),.UNSPECIFIED.,.F.,
  .F.,(2,2),(0.,1.),.PIECEWISE_BEZIER_KNOTS.);
#1454 = CARTESIAN_POINT('',(52.5,122.75,-6.6));
#1455 = CARTESIAN_POINT('',(51.069895688887,121.55,-8.030104311113));
#1456 = B_SPLINE_SURFACE_WITH_KNOTS('',1,1,(
    (#1457,#1458)
    ,(#1459,#1460
    )),.UNSPECIFIED.,.F.,.F.,.F.,(2,2),(2,2),(0.,92.768498920089),(0.,1.
    ),.PIECEWISE_BEZIER_KNOTS.);
#1457 = CARTESIAN_POINT('',(52.5,122.75,-6.6));
#1458 = CARTESIAN_POINT('',(51.069895688887,121.55,-8.030104311113));
#1459 = CARTESIAN_POINT('',(-40.26849892008,122.75,-6.6));
#1460 = CARTESIAN_POINT('',(-38.83839460897,121.55,-8.030104311113));
#1461 = ADVANCED_FACE('',(#1462),#1479,.F.);
#1462 = FACE_BOUND('',#1463,.F.);
#1463 = EDGE_LOOP('',(#1464,#1465,#1466,#1474));
#1464 = ORIENTED_EDGE('',*,*,#588,.T.);
#1465 = ORIENTED_EDGE('',*,*,#1452,.T.);
#1466 = ORIENTED_EDGE('',*,*,#1467,.F.);
#1467 = EDGE_CURVE('',#1468,#1445,#1470,.T.);
#1468 = VERTEX_POINT('',#1469);
#1469 = CARTESIAN_POINT('',(51.069895688887,121.55,-14.04979627623));
#1470 = LINE('',#1471,#1472);
#1471 = CARTESIAN_POINT('',(51.069895688887,121.55,-14.81010907112));
#1472 = VECTOR('',#1473,1.);
#1473 = DIRECTION('',(-8.654485946587E-16,-6.661338147751E-16,1.));
#1474 = ORIENTED_EDGE('',*,*,#1475,.F.);
#1475 = EDGE_CURVE('',#581,#1468,#1476,.T.);
#1476 = B_SPLINE_CURVE_WITH_KNOTS('',1,(#1477,#1478),.UNSPECIFIED.,.F.,
  .F.,(2,2),(0.,1.),.PIECEWISE_BEZIER_KNOTS.);
#1477 = CARTESIAN_POINT('',(52.5,122.75,-14.81010907112));
#1478 = CARTESIAN_POINT('',(51.069895688887,121.55,-14.04979627623));
#1479 = B_SPLINE_SURFACE_WITH_KNOTS('',1,1,(
    (#1480,#1481)
    ,(#1482,#1483
    )),.UNSPECIFIED.,.F.,.F.,.F.,(2,2),(2,2),(0.,8.210109071127),(0.,1.)
  ,.PIECEWISE_BEZIER_KNOTS.);
#1480 = CARTESIAN_POINT('',(52.5,122.75,-14.81010907112));
#1481 = CARTESIAN_POINT('',(51.069895688887,121.55,-14.04979627623));
#1482 = CARTESIAN_POINT('',(52.5,122.75,-6.6));
#1483 = CARTESIAN_POINT('',(51.069895688887,121.55,-8.030104311113));
#1484 = ADVANCED_FACE('',(#1485),#1502,.F.);
#1485 = FACE_BOUND('',#1486,.F.);
#1486 = EDGE_LOOP('',(#1487,#1488,#1489,#1497));
#1487 = ORIENTED_EDGE('',*,*,#580,.T.);
#1488 = ORIENTED_EDGE('',*,*,#1475,.T.);
#1489 = ORIENTED_EDGE('',*,*,#1490,.F.);
#1490 = EDGE_CURVE('',#1491,#1468,#1493,.T.);
#1491 = VERTEX_POINT('',#1492);
#1492 = CARTESIAN_POINT('',(-21.59049580075,121.55,-63.06989568888));
#1493 = LINE('',#1494,#1495);
#1494 = CARTESIAN_POINT('',(-21.95301157611,121.55,-63.31446579073));
#1495 = VECTOR('',#1496,1.);
#1496 = DIRECTION('',(0.828984431452,-3.725497779089E-16,0.559271680323)
  );
#1497 = ORIENTED_EDGE('',*,*,#1498,.F.);
#1498 = EDGE_CURVE('',#573,#1491,#1499,.T.);
#1499 = B_SPLINE_CURVE_WITH_KNOTS('',1,(#1500,#1501),.UNSPECIFIED.,.F.,
  .F.,(2,2),(0.,1.),.PIECEWISE_BEZIER_KNOTS.);
#1500 = CARTESIAN_POINT('',(-21.153194735,122.75,-64.5));
#1501 = CARTESIAN_POINT('',(-21.59049580075,121.55,-63.06989568888));
#1502 = B_SPLINE_SURFACE_WITH_KNOTS('',1,1,(
    (#1503,#1504)
    ,(#1505,#1506
    )),.UNSPECIFIED.,.F.,.F.,.F.,(2,2),(2,2),(0.,88.847500556832),(0.,1.
    ),.PIECEWISE_BEZIER_KNOTS.);
#1503 = CARTESIAN_POINT('',(-21.153194735,122.75,-64.5));
#1504 = CARTESIAN_POINT('',(-21.59049580075,121.55,-63.06989568888));
#1505 = CARTESIAN_POINT('',(52.5,122.75,-14.81010907112));
#1506 = CARTESIAN_POINT('',(51.069895688887,121.55,-14.04979627623));
#1507 = ADVANCED_FACE('',(#1508),#1519,.F.);
#1508 = FACE_BOUND('',#1509,.F.);
#1509 = EDGE_LOOP('',(#1510,#1511,#1512,#1518));
#1510 = ORIENTED_EDGE('',*,*,#572,.T.);
#1511 = ORIENTED_EDGE('',*,*,#1498,.T.);
#1512 = ORIENTED_EDGE('',*,*,#1513,.F.);
#1513 = EDGE_CURVE('',#1415,#1491,#1514,.T.);
#1514 = LINE('',#1515,#1516);
#1515 = CARTESIAN_POINT('',(-40.26849892008,121.55,-63.06989568888));
#1516 = VECTOR('',#1517,1.);
#1517 = DIRECTION('',(1.,0.,0.));
#1518 = ORIENTED_EDGE('',*,*,#1414,.F.);
#1519 = B_SPLINE_SURFACE_WITH_KNOTS('',1,1,(
    (#1520,#1521)
    ,(#1522,#1523
    )),.UNSPECIFIED.,.F.,.F.,.F.,(2,2),(2,2),(0.,19.115304185082),(0.,1.
    ),.PIECEWISE_BEZIER_KNOTS.);
#1520 = CARTESIAN_POINT('',(-40.26849892008,122.75,-64.5));
#1521 = CARTESIAN_POINT('',(-38.83839460897,121.55,-63.06989568888));
#1522 = CARTESIAN_POINT('',(-21.153194735,122.75,-64.5));
#1523 = CARTESIAN_POINT('',(-21.59049580075,121.55,-63.06989568888));
#1524 = ADVANCED_FACE('',(#1525),#1543,.T.);
#1525 = FACE_BOUND('',#1526,.T.);
#1526 = EDGE_LOOP('',(#1527,#1534,#1541,#1542));
#1527 = ORIENTED_EDGE('',*,*,#1528,.F.);
#1528 = EDGE_CURVE('',#1529,#1217,#1531,.T.);
#1529 = VERTEX_POINT('',#1530);
#1530 = CARTESIAN_POINT('',(-52.7387749345,132.29767217021,
    -10.74247721088));
#1531 = B_SPLINE_CURVE_WITH_KNOTS('',1,(#1532,#1533),.UNSPECIFIED.,.F.,
  .F.,(2,2),(0.,1.),.PIECEWISE_BEZIER_KNOTS.);
#1532 = CARTESIAN_POINT('',(-52.7387749345,132.29767217021,
    -10.74247721088));
#1533 = CARTESIAN_POINT('',(-54.35988967415,130.06197382127,
    -11.83615901719));
#1534 = ORIENTED_EDGE('',*,*,#1535,.T.);
#1535 = EDGE_CURVE('',#1529,#638,#1536,.T.);
#1536 = CIRCLE('',#1537,8.);
#1537 = AXIS2_PLACEMENT_3D('',#1538,#1539,#1540);
#1538 = CARTESIAN_POINT('',(-53.11848749369,139.75,-7.858273977799));
#1539 = DIRECTION('',(-0.991444861374,2.534762780824E-16,-0.13052619222)
  );
#1540 = DIRECTION('',(1.218375533595E-16,1.,1.016509097715E-15));
#1541 = ORIENTED_EDGE('',*,*,#645,.T.);
#1542 = ORIENTED_EDGE('',*,*,#1223,.F.);
#1543 = CONICAL_SURFACE('',#1544,8.,0.940762417249);
#1544 = AXIS2_PLACEMENT_3D('',#1545,#1546,#1547);
#1545 = CARTESIAN_POINT('',(-53.11848749369,139.75,-7.858273977799));
#1546 = DIRECTION('',(-0.991444861374,2.427535531561E-16,-0.13052619222)
  );
#1547 = DIRECTION('',(1.110223024625E-16,1.,1.016509097715E-15));
#1548 = ADVANCED_FACE('',(#1549,#1576),#1612,.F.);
#1549 = FACE_BOUND('',#1550,.F.);
#1550 = EDGE_LOOP('',(#1551,#1561,#1567,#1568,#1569));
#1551 = ORIENTED_EDGE('',*,*,#1552,.T.);
#1552 = EDGE_CURVE('',#1553,#1555,#1557,.T.);
#1553 = VERTEX_POINT('',#1554);
#1554 = CARTESIAN_POINT('',(-52.7387749345,147.20232782978,
    -10.74247721088));
#1555 = VERTEX_POINT('',#1556);
#1556 = CARTESIAN_POINT('',(-50.24691126485,139.75,-29.67006092802));
#1557 = LINE('',#1558,#1559);
#1558 = CARTESIAN_POINT('',(-52.7387749345,147.20232782978,
    -10.74247721088));
#1559 = VECTOR('',#1560,1.);
#1560 = DIRECTION('',(0.12159049685,-0.363636363636,-0.923571516515));
#1561 = ORIENTED_EDGE('',*,*,#1562,.T.);
#1562 = EDGE_CURVE('',#1555,#1529,#1563,.T.);
#1563 = LINE('',#1564,#1565);
#1564 = CARTESIAN_POINT('',(-50.24691126485,139.75,-29.67006092802));
#1565 = VECTOR('',#1566,1.);
#1566 = DIRECTION('',(-0.12159049685,-0.363636363636,0.923571516515));
#1567 = ORIENTED_EDGE('',*,*,#1535,.T.);
#1568 = ORIENTED_EDGE('',*,*,#637,.T.);
#1569 = ORIENTED_EDGE('',*,*,#1570,.T.);
#1570 = EDGE_CURVE('',#629,#1553,#1571,.T.);
#1571 = CIRCLE('',#1572,8.);
#1572 = AXIS2_PLACEMENT_3D('',#1573,#1574,#1575);
#1573 = CARTESIAN_POINT('',(-53.11848749369,139.75,-7.858273977799));
#1574 = DIRECTION('',(-0.991444861374,2.534762780824E-16,-0.13052619222)
  );
#1575 = DIRECTION('',(1.218375533595E-16,1.,1.016509097715E-15));
#1576 = FACE_BOUND('',#1577,.F.);
#1577 = EDGE_LOOP('',(#1578,#1589,#1598,#1606));
#1578 = ORIENTED_EDGE('',*,*,#1579,.F.);
#1579 = EDGE_CURVE('',#1580,#1582,#1584,.T.);
#1580 = VERTEX_POINT('',#1581);
#1581 = CARTESIAN_POINT('',(-53.11848749369,135.2,-7.858273977799));
#1582 = VERTEX_POINT('',#1583);
#1583 = CARTESIAN_POINT('',(-52.52564986972,140.0212837491,
    -12.36132279821));
#1584 = CIRCLE('',#1585,4.55);
#1585 = AXIS2_PLACEMENT_3D('',#1586,#1587,#1588);
#1586 = CARTESIAN_POINT('',(-53.11848749369,139.75,-7.858273977799));
#1587 = DIRECTION('',(-0.991444861374,2.817693086276E-16,-0.13052619222)
  );
#1588 = DIRECTION('',(-1.672697776277E-16,-1.,-8.881784197001E-16));
#1589 = ORIENTED_EDGE('',*,*,#1590,.F.);
#1590 = EDGE_CURVE('',#1591,#1580,#1593,.T.);
#1591 = VERTEX_POINT('',#1592);
#1592 = CARTESIAN_POINT('',(-52.52564986972,139.47871625089,
    -12.36132279821));
#1593 = CIRCLE('',#1594,4.55);
#1594 = AXIS2_PLACEMENT_3D('',#1595,#1596,#1597);
#1595 = CARTESIAN_POINT('',(-53.11848749369,139.75,-7.858273977799));
#1596 = DIRECTION('',(-0.991444861374,2.817693086276E-16,-0.13052619222)
  );
#1597 = DIRECTION('',(-1.672697776277E-16,-1.,-8.881784197001E-16));
#1598 = ORIENTED_EDGE('',*,*,#1599,.F.);
#1599 = EDGE_CURVE('',#1600,#1591,#1602,.T.);
#1600 = VERTEX_POINT('',#1601);
#1601 = CARTESIAN_POINT('',(-52.47890915181,139.75,-12.71635379853));
#1602 = LINE('',#1603,#1604);
#1603 = CARTESIAN_POINT('',(-52.89745730313,137.32074095682,
    -9.537164956734));
#1604 = VECTOR('',#1605,1.);
#1605 = DIRECTION('',(-0.104041402947,-0.603857687995,0.790272914329));
#1606 = ORIENTED_EDGE('',*,*,#1607,.F.);
#1607 = EDGE_CURVE('',#1582,#1600,#1608,.T.);
#1608 = LINE('',#1609,#1610);
#1609 = CARTESIAN_POINT('',(-52.68208908597,140.92925904317,
    -11.173048978));
#1610 = VECTOR('',#1611,1.);
#1611 = DIRECTION('',(0.104041402947,-0.603857687995,-0.790272914329));
#1612 = PLANE('',#1613);
#1613 = AXIS2_PLACEMENT_3D('',#1614,#1615,#1616);
#1614 = CARTESIAN_POINT('',(-53.11848749369,139.75,-7.858273977799));
#1615 = DIRECTION('',(-0.991444861374,2.427535531561E-16,-0.13052619222)
  );
#1616 = DIRECTION('',(1.110223024625E-16,1.,1.016509097715E-15));
#1617 = ADVANCED_FACE('',(#1618),#1628,.T.);
#1618 = FACE_BOUND('',#1619,.T.);
#1619 = EDGE_LOOP('',(#1620,#1621,#1622,#1623));
#1620 = ORIENTED_EDGE('',*,*,#1200,.F.);
#1621 = ORIENTED_EDGE('',*,*,#628,.T.);
#1622 = ORIENTED_EDGE('',*,*,#1570,.T.);
#1623 = ORIENTED_EDGE('',*,*,#1624,.T.);
#1624 = EDGE_CURVE('',#1553,#1201,#1625,.T.);
#1625 = B_SPLINE_CURVE_WITH_KNOTS('',1,(#1626,#1627),.UNSPECIFIED.,.F.,
  .F.,(2,2),(0.,1.),.PIECEWISE_BEZIER_KNOTS.);
#1626 = CARTESIAN_POINT('',(-52.7387749345,147.20232782978,
    -10.74247721088));
#1627 = CARTESIAN_POINT('',(-54.35988967415,149.43802617872,
    -11.83615901719));
#1628 = CONICAL_SURFACE('',#1629,8.,0.940762417249);
#1629 = AXIS2_PLACEMENT_3D('',#1630,#1631,#1632);
#1630 = CARTESIAN_POINT('',(-53.11848749369,139.75,-7.858273977799));
#1631 = DIRECTION('',(-0.991444861374,2.427535531561E-16,-0.13052619222)
  );
#1632 = DIRECTION('',(1.110223024625E-16,1.,1.016509097715E-15));
#1633 = ADVANCED_FACE('',(#1634),#1645,.F.);
#1634 = FACE_BOUND('',#1635,.F.);
#1635 = EDGE_LOOP('',(#1636,#1637,#1643,#1644));
#1636 = ORIENTED_EDGE('',*,*,#920,.T.);
#1637 = ORIENTED_EDGE('',*,*,#1638,.T.);
#1638 = EDGE_CURVE('',#921,#1308,#1639,.T.);
#1639 = LINE('',#1640,#1641);
#1640 = CARTESIAN_POINT('',(61.5,201.,-18.));
#1641 = VECTOR('',#1642,1.);
#1642 = DIRECTION('',(-0.838595422435,8.467189439282E-16,-0.54475473148)
  );
#1643 = ORIENTED_EDGE('',*,*,#1315,.F.);
#1644 = ORIENTED_EDGE('',*,*,#719,.F.);
#1645 = PLANE('',#1646);
#1646 = AXIS2_PLACEMENT_3D('',#1647,#1648,#1649);
#1647 = CARTESIAN_POINT('',(61.5,198.,-18.));
#1648 = DIRECTION('',(-0.54475473148,-1.303439124866E-15,0.838595422435)
  );
#1649 = DIRECTION('',(-0.838595422435,8.467189439282E-16,-0.54475473148)
  );
#1650 = ADVANCED_FACE('',(#1651),#1662,.F.);
#1651 = FACE_BOUND('',#1652,.F.);
#1652 = EDGE_LOOP('',(#1653,#1654,#1655,#1656));
#1653 = ORIENTED_EDGE('',*,*,#936,.T.);
#1654 = ORIENTED_EDGE('',*,*,#797,.T.);
#1655 = ORIENTED_EDGE('',*,*,#1283,.F.);
#1656 = ORIENTED_EDGE('',*,*,#1657,.F.);
#1657 = EDGE_CURVE('',#929,#1284,#1658,.T.);
#1658 = LINE('',#1659,#1660);
#1659 = CARTESIAN_POINT('',(61.5,276.25,-18.));
#1660 = VECTOR('',#1661,1.);
#1661 = DIRECTION('',(-0.838595422435,8.467189439282E-16,-0.54475473148)
  );
#1662 = PLANE('',#1663);
#1663 = AXIS2_PLACEMENT_3D('',#1664,#1665,#1666);
#1664 = CARTESIAN_POINT('',(61.5,276.25,-18.));
#1665 = DIRECTION('',(-0.54475473148,-1.303439124866E-15,0.838595422435)
  );
#1666 = DIRECTION('',(-0.838595422435,8.467189439282E-16,-0.54475473148)
  );
#1667 = ADVANCED_FACE('',(#1668),#1687,.F.);
#1668 = FACE_BOUND('',#1669,.F.);
#1669 = EDGE_LOOP('',(#1670,#1678,#1685,#1686));
#1670 = ORIENTED_EDGE('',*,*,#1671,.T.);
#1671 = EDGE_CURVE('',#847,#1672,#1674,.T.);
#1672 = VERTEX_POINT('',#1673);
#1673 = CARTESIAN_POINT('',(-56.44908250475,148.74999999995,
    -8.296755129457));
#1674 = LINE('',#1675,#1676);
#1675 = CARTESIAN_POINT('',(-57.44052736613,148.74999999995,
    -8.427281321677));
#1676 = VECTOR('',#1677,1.);
#1677 = DIRECTION('',(0.991444861374,-3.179969394402E-17,0.13052619222)
  );
#1678 = ORIENTED_EDGE('',*,*,#1679,.T.);
#1679 = EDGE_CURVE('',#1672,#1672,#1680,.T.);
#1680 = CIRCLE('',#1681,8.999999999952);
#1681 = AXIS2_PLACEMENT_3D('',#1682,#1683,#1684);
#1682 = CARTESIAN_POINT('',(-56.44908250475,139.75,-8.296755129457));
#1683 = DIRECTION('',(-0.991444861374,1.375457309469E-16,-0.13052619222)
  );
#1684 = DIRECTION('',(1.218375533595E-16,1.,1.283306780146E-16));
#1685 = ORIENTED_EDGE('',*,*,#1671,.F.);
#1686 = ORIENTED_EDGE('',*,*,#846,.F.);
#1687 = CYLINDRICAL_SURFACE('',#1688,8.999999999952);
#1688 = AXIS2_PLACEMENT_3D('',#1689,#1690,#1691);
#1689 = CARTESIAN_POINT('',(-57.44052736613,139.75,-8.427281321677));
#1690 = DIRECTION('',(-0.991444861374,1.268230060206E-16,-0.13052619222)
  );
#1691 = DIRECTION('',(1.110223024625E-16,1.,1.283306780146E-16));
#1692 = ADVANCED_FACE('',(#1693),#1712,.F.);
#1693 = FACE_BOUND('',#1694,.F.);
#1694 = EDGE_LOOP('',(#1695,#1703,#1710,#1711));
#1695 = ORIENTED_EDGE('',*,*,#1696,.T.);
#1696 = EDGE_CURVE('',#858,#1697,#1699,.T.);
#1697 = VERTEX_POINT('',#1698);
#1698 = CARTESIAN_POINT('',(-56.44908250475,232.24999999995,
    -8.296755129457));
#1699 = LINE('',#1700,#1701);
#1700 = CARTESIAN_POINT('',(-57.44052736613,232.24999999995,
    -8.427281321677));
#1701 = VECTOR('',#1702,1.);
#1702 = DIRECTION('',(0.991444861374,-3.179969394402E-17,0.13052619222)
  );
#1703 = ORIENTED_EDGE('',*,*,#1704,.T.);
#1704 = EDGE_CURVE('',#1697,#1697,#1705,.T.);
#1705 = CIRCLE('',#1706,8.999999999952);
#1706 = AXIS2_PLACEMENT_3D('',#1707,#1708,#1709);
#1707 = CARTESIAN_POINT('',(-56.44908250475,223.25,-8.296755129457));
#1708 = DIRECTION('',(-0.991444861374,1.375457309469E-16,-0.13052619222)
  );
#1709 = DIRECTION('',(1.218375533595E-16,1.,1.283306780146E-16));
#1710 = ORIENTED_EDGE('',*,*,#1696,.F.);
#1711 = ORIENTED_EDGE('',*,*,#857,.F.);
#1712 = CYLINDRICAL_SURFACE('',#1713,8.999999999952);
#1713 = AXIS2_PLACEMENT_3D('',#1714,#1715,#1716);
#1714 = CARTESIAN_POINT('',(-57.44052736613,223.25,-8.427281321677));
#1715 = DIRECTION('',(-0.991444861374,1.268230060206E-16,-0.13052619222)
  );
#1716 = DIRECTION('',(1.110223024625E-16,1.,1.283306780146E-16));
#1717 = ADVANCED_FACE('',(#1718),#1743,.F.);
#1718 = FACE_BOUND('',#1719,.F.);
#1719 = EDGE_LOOP('',(#1720,#1728,#1729,#1737));
#1720 = ORIENTED_EDGE('',*,*,#1721,.T.);
#1721 = EDGE_CURVE('',#1722,#921,#1724,.T.);
#1722 = VERTEX_POINT('',#1723);
#1723 = CARTESIAN_POINT('',(58.5,201.,-18.));
#1724 = LINE('',#1725,#1726);
#1725 = CARTESIAN_POINT('',(28.449099521441,201.,-18.));
#1726 = VECTOR('',#1727,1.);
#1727 = DIRECTION('',(1.,0.,0.));
#1728 = ORIENTED_EDGE('',*,*,#928,.T.);
#1729 = ORIENTED_EDGE('',*,*,#1730,.F.);
#1730 = EDGE_CURVE('',#1731,#929,#1733,.T.);
#1731 = VERTEX_POINT('',#1732);
#1732 = CARTESIAN_POINT('',(58.5,276.25,-18.));
#1733 = LINE('',#1734,#1735);
#1734 = CARTESIAN_POINT('',(28.449099521441,276.25,-18.));
#1735 = VECTOR('',#1736,1.);
#1736 = DIRECTION('',(1.,0.,0.));
#1737 = ORIENTED_EDGE('',*,*,#1738,.F.);
#1738 = EDGE_CURVE('',#1722,#1731,#1739,.T.);
#1739 = LINE('',#1740,#1741);
#1740 = CARTESIAN_POINT('',(58.5,119.75,-18.));
#1741 = VECTOR('',#1742,1.);
#1742 = DIRECTION('',(0.,1.,1.554312234475E-15));
#1743 = PLANE('',#1744);
#1744 = AXIS2_PLACEMENT_3D('',#1745,#1746,#1747);
#1745 = CARTESIAN_POINT('',(61.5,119.75,-18.));
#1746 = DIRECTION('',(0.,-1.554312234475E-15,1.));
#1747 = DIRECTION('',(-1.,0.,0.));
#1748 = ADVANCED_FACE('',(#1749),#1796,.F.);
#1749 = FACE_BOUND('',#1750,.F.);
#1750 = EDGE_LOOP('',(#1751,#1752,#1753,#1754,#1755,#1756,#1757,#1765,
    #1773,#1781,#1789,#1795));
#1751 = ORIENTED_EDGE('',*,*,#968,.F.);
#1752 = ORIENTED_EDGE('',*,*,#992,.F.);
#1753 = ORIENTED_EDGE('',*,*,#1017,.F.);
#1754 = ORIENTED_EDGE('',*,*,#1041,.F.);
#1755 = ORIENTED_EDGE('',*,*,#1066,.F.);
#1756 = ORIENTED_EDGE('',*,*,#1099,.F.);
#1757 = ORIENTED_EDGE('',*,*,#1758,.F.);
#1758 = EDGE_CURVE('',#1759,#1100,#1761,.T.);
#1759 = VERTEX_POINT('',#1760);
#1760 = CARTESIAN_POINT('',(51.5,276.25,-0.6));
#1761 = LINE('',#1762,#1763);
#1762 = CARTESIAN_POINT('',(51.5,159.625,-0.6));
#1763 = VECTOR('',#1764,1.);
#1764 = DIRECTION('',(0.,-1.,-1.221245327088E-15));
#1765 = ORIENTED_EDGE('',*,*,#1766,.F.);
#1766 = EDGE_CURVE('',#1767,#1759,#1769,.T.);
#1767 = VERTEX_POINT('',#1768);
#1768 = CARTESIAN_POINT('',(-51.47100850144,276.25,-0.6));
#1769 = LINE('',#1770,#1771);
#1770 = CARTESIAN_POINT('',(-0.610062171524,276.25,-0.6));
#1771 = VECTOR('',#1772,1.);
#1772 = DIRECTION('',(1.,0.,0.));
#1773 = ORIENTED_EDGE('',*,*,#1774,.F.);
#1774 = EDGE_CURVE('',#1775,#1767,#1777,.T.);
#1775 = VERTEX_POINT('',#1776);
#1776 = CARTESIAN_POINT('',(-51.47100850144,201.,-0.6));
#1777 = LINE('',#1778,#1779);
#1778 = CARTESIAN_POINT('',(-51.47100850144,119.75,-0.6));
#1779 = VECTOR('',#1780,1.);
#1780 = DIRECTION('',(0.,1.,1.110223024625E-15));
#1781 = ORIENTED_EDGE('',*,*,#1782,.T.);
#1782 = EDGE_CURVE('',#1775,#1783,#1785,.T.);
#1783 = VERTEX_POINT('',#1784);
#1784 = CARTESIAN_POINT('',(51.5,201.,-0.6));
#1785 = LINE('',#1786,#1787);
#1786 = CARTESIAN_POINT('',(-0.610062171524,201.,-0.6));
#1787 = VECTOR('',#1788,1.);
#1788 = DIRECTION('',(1.,0.,0.));
#1789 = ORIENTED_EDGE('',*,*,#1790,.F.);
#1790 = EDGE_CURVE('',#1147,#1783,#1791,.T.);
#1791 = LINE('',#1792,#1793);
#1792 = CARTESIAN_POINT('',(51.5,159.625,-0.6));
#1793 = VECTOR('',#1794,1.);
#1794 = DIRECTION('',(0.,-1.,-1.221245327088E-15));
#1795 = ORIENTED_EDGE('',*,*,#1146,.F.);
#1796 = PLANE('',#1797);
#1797 = AXIS2_PLACEMENT_3D('',#1798,#1799,#1800);
#1798 = CARTESIAN_POINT('',(3.381676614069,199.5,-0.6));
#1799 = DIRECTION('',(0.,-1.221245327088E-15,1.));
#1800 = DIRECTION('',(1.,0.,0.));
#1801 = ADVANCED_FACE('',(#1802),#1813,.T.);
#1802 = FACE_BOUND('',#1803,.T.);
#1803 = EDGE_LOOP('',(#1804,#1810,#1811,#1812));
#1804 = ORIENTED_EDGE('',*,*,#1805,.F.);
#1805 = EDGE_CURVE('',#1159,#1081,#1806,.T.);
#1806 = LINE('',#1807,#1808);
#1807 = CARTESIAN_POINT('',(51.5,119.75,0.));
#1808 = VECTOR('',#1809,1.);
#1809 = DIRECTION('',(0.,1.,1.554312234475E-15));
#1810 = ORIENTED_EDGE('',*,*,#1158,.F.);
#1811 = ORIENTED_EDGE('',*,*,#1122,.F.);
#1812 = ORIENTED_EDGE('',*,*,#1080,.F.);
#1813 = PLANE('',#1814);
#1814 = AXIS2_PLACEMENT_3D('',#1815,#1816,#1817);
#1815 = CARTESIAN_POINT('',(1.475,199.5,1.277119704056E-13));
#1816 = DIRECTION('',(0.,-1.443289932013E-15,1.));
#1817 = DIRECTION('',(0.,-1.,-1.443289932013E-15));
#1818 = ADVANCED_FACE('',(#1819),#1848,.F.);
#1819 = FACE_BOUND('',#1820,.F.);
#1820 = EDGE_LOOP('',(#1821,#1822,#1830,#1838,#1844,#1845,#1846,#1847));
#1821 = ORIENTED_EDGE('',*,*,#1790,.T.);
#1822 = ORIENTED_EDGE('',*,*,#1823,.T.);
#1823 = EDGE_CURVE('',#1783,#1824,#1826,.T.);
#1824 = VERTEX_POINT('',#1825);
#1825 = CARTESIAN_POINT('',(51.5,201.,-1.));
#1826 = LINE('',#1827,#1828);
#1827 = CARTESIAN_POINT('',(51.5,201.,-13.97997541352));
#1828 = VECTOR('',#1829,1.);
#1829 = DIRECTION('',(0.,1.33226762955E-15,-1.));
#1830 = ORIENTED_EDGE('',*,*,#1831,.T.);
#1831 = EDGE_CURVE('',#1824,#1832,#1834,.T.);
#1832 = VERTEX_POINT('',#1833);
#1833 = CARTESIAN_POINT('',(51.5,276.25,-1.));
#1834 = LINE('',#1835,#1836);
#1835 = CARTESIAN_POINT('',(51.5,119.75,-1.));
#1836 = VECTOR('',#1837,1.);
#1837 = DIRECTION('',(0.,1.,1.554312234475E-15));
#1838 = ORIENTED_EDGE('',*,*,#1839,.F.);
#1839 = EDGE_CURVE('',#1759,#1832,#1840,.T.);
#1840 = LINE('',#1841,#1842);
#1841 = CARTESIAN_POINT('',(51.5,276.25,-13.97997541352));
#1842 = VECTOR('',#1843,1.);
#1843 = DIRECTION('',(0.,1.33226762955E-15,-1.));
#1844 = ORIENTED_EDGE('',*,*,#1758,.T.);
#1845 = ORIENTED_EDGE('',*,*,#1108,.F.);
#1846 = ORIENTED_EDGE('',*,*,#1805,.F.);
#1847 = ORIENTED_EDGE('',*,*,#1167,.T.);
#1848 = PLANE('',#1849);
#1849 = AXIS2_PLACEMENT_3D('',#1850,#1851,#1852);
#1850 = CARTESIAN_POINT('',(51.5,119.75,-1.));
#1851 = DIRECTION('',(1.,0.,0.));
#1852 = DIRECTION('',(0.,-1.554312234475E-15,1.));
#1853 = ADVANCED_FACE('',(#1854),#1864,.T.);
#1854 = FACE_BOUND('',#1855,.T.);
#1855 = EDGE_LOOP('',(#1856,#1857,#1858,#1863));
#1856 = ORIENTED_EDGE('',*,*,#1624,.F.);
#1857 = ORIENTED_EDGE('',*,*,#1552,.T.);
#1858 = ORIENTED_EDGE('',*,*,#1859,.T.);
#1859 = EDGE_CURVE('',#1555,#1210,#1860,.T.);
#1860 = B_SPLINE_CURVE_WITH_KNOTS('',1,(#1861,#1862),.UNSPECIFIED.,.F.,
  .F.,(2,2),(0.,1.),.PIECEWISE_BEZIER_KNOTS.);
#1861 = CARTESIAN_POINT('',(-50.24691126485,139.75,-29.67006092802));
#1862 = CARTESIAN_POINT('',(-51.1204669036,139.75,-36.44201784947));
#1863 = ORIENTED_EDGE('',*,*,#1209,.T.);
#1864 = B_SPLINE_SURFACE_WITH_KNOTS('',1,1,(
    (#1865,#1866)
    ,(#1867,#1868
    )),.UNSPECIFIED.,.F.,.F.,.F.,(2,2),(2,2),(4.28199207551E-15,
    26.642071991495),(0.,1.),.PIECEWISE_BEZIER_KNOTS.);
#1865 = CARTESIAN_POINT('',(-52.7387749345,147.20232782978,
    -10.74247721088));
#1866 = CARTESIAN_POINT('',(-54.35988967415,149.43802617872,
    -11.83615901719));
#1867 = CARTESIAN_POINT('',(-50.24691126485,139.75,-29.67006092802));
#1868 = CARTESIAN_POINT('',(-51.1204669036,139.75,-36.44201784947));
#1869 = ADVANCED_FACE('',(#1870),#1876,.T.);
#1870 = FACE_BOUND('',#1871,.T.);
#1871 = EDGE_LOOP('',(#1872,#1873,#1874,#1875));
#1872 = ORIENTED_EDGE('',*,*,#1859,.F.);
#1873 = ORIENTED_EDGE('',*,*,#1562,.T.);
#1874 = ORIENTED_EDGE('',*,*,#1528,.T.);
#1875 = ORIENTED_EDGE('',*,*,#1216,.T.);
#1876 = B_SPLINE_SURFACE_WITH_KNOTS('',1,1,(
    (#1877,#1878)
    ,(#1879,#1880
    )),.UNSPECIFIED.,.F.,.F.,.F.,(2,2),(2,2),(-6.148170459576,
    20.493901531919),(0.,1.),.PIECEWISE_BEZIER_KNOTS.);
#1877 = CARTESIAN_POINT('',(-50.24691126485,139.75,-29.67006092802));
#1878 = CARTESIAN_POINT('',(-51.1204669036,139.75,-36.44201784947));
#1879 = CARTESIAN_POINT('',(-52.7387749345,132.29767217021,
    -10.74247721088));
#1880 = CARTESIAN_POINT('',(-54.35988967415,130.06197382127,
    -11.83615901719));
#1881 = ADVANCED_FACE('',(#1882),#1905,.F.);
#1882 = FACE_BOUND('',#1883,.F.);
#1883 = EDGE_LOOP('',(#1884,#1885,#1892,#1900));
#1884 = ORIENTED_EDGE('',*,*,#1240,.T.);
#1885 = ORIENTED_EDGE('',*,*,#1886,.T.);
#1886 = EDGE_CURVE('',#1243,#1887,#1889,.T.);
#1887 = VERTEX_POINT('',#1888);
#1888 = CARTESIAN_POINT('',(-51.82585269278,130.5933360594,
    -37.28463392734));
#1889 = B_SPLINE_CURVE_WITH_KNOTS('',1,(#1890,#1891),.UNSPECIFIED.,.F.,
  .F.,(2,2),(0.,1.),.PIECEWISE_BEZIER_KNOTS.);
#1890 = CARTESIAN_POINT('',(-50.90216834064,128.75,-35.3037864418));
#1891 = CARTESIAN_POINT('',(-51.82585269278,130.5933360594,
    -37.28463392734));
#1892 = ORIENTED_EDGE('',*,*,#1893,.F.);
#1893 = EDGE_CURVE('',#1894,#1887,#1896,.T.);
#1894 = VERTEX_POINT('',#1895);
#1895 = CARTESIAN_POINT('',(-48.39127419982,130.5933360594,
    -63.37284764079));
#1896 = LINE('',#1897,#1898);
#1897 = CARTESIAN_POINT('',(-48.150670563,130.5933360594,-65.20041370467
    ));
#1898 = VECTOR('',#1899,1.);
#1899 = DIRECTION('',(-0.13052619222,-2.228139641566E-16,0.991444861374)
  );
#1900 = ORIENTED_EDGE('',*,*,#1901,.F.);
#1901 = EDGE_CURVE('',#1241,#1894,#1902,.T.);
#1902 = B_SPLINE_CURVE_WITH_KNOTS('',1,(#1903,#1904),.UNSPECIFIED.,.F.,
  .F.,(2,2),(0.,1.),.PIECEWISE_BEZIER_KNOTS.);
#1903 = CARTESIAN_POINT('',(-46.98638257404,128.75,-65.04713228301));
#1904 = CARTESIAN_POINT('',(-48.39127419982,130.5933360594,
    -63.37284764079));
#1905 = B_SPLINE_SURFACE_WITH_KNOTS('',1,1,(
    (#1906,#1907)
    ,(#1908,#1909
    )),.UNSPECIFIED.,.F.,.F.,.F.,(2,2),(2,2),(0.,30.),(0.,1.),
  .PIECEWISE_BEZIER_KNOTS.);
#1906 = CARTESIAN_POINT('',(-46.98638257404,128.75,-65.04713228301));
#1907 = CARTESIAN_POINT('',(-48.39127419982,130.5933360594,
    -63.37284764079));
#1908 = CARTESIAN_POINT('',(-50.90216834064,128.75,-35.3037864418));
#1909 = CARTESIAN_POINT('',(-51.82585269278,130.5933360594,
    -37.28463392734));
#1910 = ADVANCED_FACE('',(#1911),#1928,.F.);
#1911 = FACE_BOUND('',#1912,.F.);
#1912 = EDGE_LOOP('',(#1913,#1914,#1915,#1923));
#1913 = ORIENTED_EDGE('',*,*,#1266,.T.);
#1914 = ORIENTED_EDGE('',*,*,#1901,.T.);
#1915 = ORIENTED_EDGE('',*,*,#1916,.F.);
#1916 = EDGE_CURVE('',#1917,#1894,#1919,.T.);
#1917 = VERTEX_POINT('',#1918);
#1918 = CARTESIAN_POINT('',(-48.39127419982,190.15666394059,
    -63.37284764079));
#1919 = LINE('',#1920,#1921);
#1920 = CARTESIAN_POINT('',(-48.39127419982,192.,-63.37284764079));
#1921 = VECTOR('',#1922,1.);
#1922 = DIRECTION('',(-1.242843264025E-16,-1.,-2.410989590519E-16));
#1923 = ORIENTED_EDGE('',*,*,#1924,.F.);
#1924 = EDGE_CURVE('',#1259,#1917,#1925,.T.);
#1925 = B_SPLINE_CURVE_WITH_KNOTS('',1,(#1926,#1927),.UNSPECIFIED.,.F.,
  .F.,(2,2),(0.,1.),.PIECEWISE_BEZIER_KNOTS.);
#1926 = CARTESIAN_POINT('',(-46.98638257404,192.,-65.04713228301));
#1927 = CARTESIAN_POINT('',(-48.39127419982,190.15666394059,
    -63.37284764079));
#1928 = B_SPLINE_SURFACE_WITH_KNOTS('',1,1,(
    (#1929,#1930)
    ,(#1931,#1932
    )),.UNSPECIFIED.,.F.,.F.,.F.,(2,2),(2,2),(0.,63.25),(0.,1.),
  .PIECEWISE_BEZIER_KNOTS.);
#1929 = CARTESIAN_POINT('',(-46.98638257404,192.,-65.04713228301));
#1930 = CARTESIAN_POINT('',(-48.39127419982,190.15666394059,
    -63.37284764079));
#1931 = CARTESIAN_POINT('',(-46.98638257404,128.75,-65.04713228301));
#1932 = CARTESIAN_POINT('',(-48.39127419982,130.5933360594,
    -63.37284764079));
#1933 = ADVANCED_FACE('',(#1934),#1951,.F.);
#1934 = FACE_BOUND('',#1935,.F.);
#1935 = EDGE_LOOP('',(#1936,#1937,#1938,#1946));
#1936 = ORIENTED_EDGE('',*,*,#1258,.T.);
#1937 = ORIENTED_EDGE('',*,*,#1924,.T.);
#1938 = ORIENTED_EDGE('',*,*,#1939,.F.);
#1939 = EDGE_CURVE('',#1940,#1917,#1942,.T.);
#1940 = VERTEX_POINT('',#1941);
#1941 = CARTESIAN_POINT('',(-51.82585269278,190.15666394059,
    -37.28463392734));
#1942 = LINE('',#1943,#1944);
#1943 = CARTESIAN_POINT('',(-52.0664563296,190.15666394059,
    -35.45706786346));
#1944 = VECTOR('',#1945,1.);
#1945 = DIRECTION('',(0.13052619222,2.228139641566E-16,-0.991444861374)
  );
#1946 = ORIENTED_EDGE('',*,*,#1947,.F.);
#1947 = EDGE_CURVE('',#1251,#1940,#1948,.T.);
#1948 = B_SPLINE_CURVE_WITH_KNOTS('',1,(#1949,#1950),.UNSPECIFIED.,.F.,
  .F.,(2,2),(0.,1.),.PIECEWISE_BEZIER_KNOTS.);
#1949 = CARTESIAN_POINT('',(-50.90216834064,192.,-35.3037864418));
#1950 = CARTESIAN_POINT('',(-51.82585269278,190.15666394059,
    -37.28463392734));
#1951 = B_SPLINE_SURFACE_WITH_KNOTS('',1,1,(
    (#1952,#1953)
    ,(#1954,#1955
    )),.UNSPECIFIED.,.F.,.F.,.F.,(2,2),(2,2),(0.,30.),(0.,1.),
  .PIECEWISE_BEZIER_KNOTS.);
#1952 = CARTESIAN_POINT('',(-50.90216834064,192.,-35.3037864418));
#1953 = CARTESIAN_POINT('',(-51.82585269278,190.15666394059,
    -37.28463392734));
#1954 = CARTESIAN_POINT('',(-46.98638257404,192.,-65.04713228301));
#1955 = CARTESIAN_POINT('',(-48.39127419982,190.15666394059,
    -63.37284764079));
#1956 = ADVANCED_FACE('',(#1957),#1968,.F.);
#1957 = FACE_BOUND('',#1958,.F.);
#1958 = EDGE_LOOP('',(#1959,#1960,#1961,#1967));
#1959 = ORIENTED_EDGE('',*,*,#1250,.T.);
#1960 = ORIENTED_EDGE('',*,*,#1947,.T.);
#1961 = ORIENTED_EDGE('',*,*,#1962,.F.);
#1962 = EDGE_CURVE('',#1887,#1940,#1963,.T.);
#1963 = LINE('',#1964,#1965);
#1964 = CARTESIAN_POINT('',(-51.82585269278,128.75,-37.28463392734));
#1965 = VECTOR('',#1966,1.);
#1966 = DIRECTION('',(1.242843264025E-16,1.,2.410989590519E-16));
#1967 = ORIENTED_EDGE('',*,*,#1886,.F.);
#1968 = B_SPLINE_SURFACE_WITH_KNOTS('',1,1,(
    (#1969,#1970)
    ,(#1971,#1972
    )),.UNSPECIFIED.,.F.,.F.,.F.,(2,2),(2,2),(0.,63.25),(0.,1.),
  .PIECEWISE_BEZIER_KNOTS.);
#1969 = CARTESIAN_POINT('',(-50.90216834064,128.75,-35.3037864418));
#1970 = CARTESIAN_POINT('',(-51.82585269278,130.5933360594,
    -37.28463392734));
#1971 = CARTESIAN_POINT('',(-50.90216834064,192.,-35.3037864418));
#1972 = CARTESIAN_POINT('',(-51.82585269278,190.15666394059,
    -37.28463392734));
#1973 = ADVANCED_FACE('',(#1974,#2025),#2059,.F.);
#1974 = FACE_BOUND('',#1975,.F.);
#1975 = EDGE_LOOP('',(#1976,#1984,#1990,#1991,#1992,#2000,#2008,#2016,
    #2022,#2023,#2024));
#1976 = ORIENTED_EDGE('',*,*,#1977,.F.);
#1977 = EDGE_CURVE('',#1978,#1292,#1980,.T.);
#1978 = VERTEX_POINT('',#1979);
#1979 = CARTESIAN_POINT('',(-54.98113874298,276.25,-4.320930232558));
#1980 = LINE('',#1981,#1982);
#1981 = CARTESIAN_POINT('',(-48.73080783166,276.25,-51.79690695809));
#1982 = VECTOR('',#1983,1.);
#1983 = DIRECTION('',(0.13052619222,1.320869895292E-15,-0.991444861374)
  );
#1984 = ORIENTED_EDGE('',*,*,#1985,.T.);
#1985 = EDGE_CURVE('',#1978,#1767,#1986,.T.);
#1986 = LINE('',#1987,#1988);
#1987 = CARTESIAN_POINT('',(-47.01508881873,276.25,4.12351882134));
#1988 = VECTOR('',#1989,1.);
#1989 = DIRECTION('',(0.686201674044,-9.69106586209E-16,0.727411343422)
  );
#1990 = ORIENTED_EDGE('',*,*,#1766,.T.);
#1991 = ORIENTED_EDGE('',*,*,#1839,.T.);
#1992 = ORIENTED_EDGE('',*,*,#1993,.T.);
#1993 = EDGE_CURVE('',#1832,#1994,#1996,.T.);
#1994 = VERTEX_POINT('',#1995);
#1995 = CARTESIAN_POINT('',(53.3,276.25,-1.));
#1996 = LINE('',#1997,#1998);
#1997 = CARTESIAN_POINT('',(24.349099521441,276.25,-1.));
#1998 = VECTOR('',#1999,1.);
#1999 = DIRECTION('',(1.,0.,0.));
#2000 = ORIENTED_EDGE('',*,*,#2001,.T.);
#2001 = EDGE_CURVE('',#1994,#2002,#2004,.T.);
#2002 = VERTEX_POINT('',#2003);
#2003 = CARTESIAN_POINT('',(53.5,276.25,-0.8));
#2004 = LINE('',#2005,#2006);
#2005 = CARTESIAN_POINT('',(32.434562053957,276.25,-21.86543794604));
#2006 = VECTOR('',#2007,1.);
#2007 = DIRECTION('',(0.707106781187,-9.420554752103E-16,0.707106781187)
  );
#2008 = ORIENTED_EDGE('',*,*,#2009,.T.);
#2009 = EDGE_CURVE('',#2002,#2010,#2012,.T.);
#2010 = VERTEX_POINT('',#2011);
#2011 = CARTESIAN_POINT('',(58.5,276.25,-0.8));
#2012 = LINE('',#2013,#2014);
#2013 = CARTESIAN_POINT('',(26.949099521441,276.25,-0.8));
#2014 = VECTOR('',#2015,1.);
#2015 = DIRECTION('',(1.,1.774937036747E-31,-1.33226762955E-16));
#2016 = ORIENTED_EDGE('',*,*,#2017,.T.);
#2017 = EDGE_CURVE('',#2010,#1731,#2018,.T.);
#2018 = LINE('',#2019,#2020);
#2019 = CARTESIAN_POINT('',(58.5,276.25,-22.47997541352));
#2020 = VECTOR('',#2021,1.);
#2021 = DIRECTION('',(0.,1.33226762955E-15,-1.));
#2022 = ORIENTED_EDGE('',*,*,#1730,.T.);
#2023 = ORIENTED_EDGE('',*,*,#1657,.T.);
#2024 = ORIENTED_EDGE('',*,*,#1291,.T.);
#2025 = FACE_BOUND('',#2026,.F.);
#2026 = EDGE_LOOP('',(#2027,#2037,#2045,#2053));
#2027 = ORIENTED_EDGE('',*,*,#2028,.T.);
#2028 = EDGE_CURVE('',#2029,#2031,#2033,.T.);
#2029 = VERTEX_POINT('',#2030);
#2030 = CARTESIAN_POINT('',(-47.36589939338,276.25,-16.));
#2031 = VERTEX_POINT('',#2032);
#2032 = CARTESIAN_POINT('',(-40.98075326039,276.25,-64.5));
#2033 = LINE('',#2034,#2035);
#2034 = CARTESIAN_POINT('',(-47.36589939338,276.25,-16.));
#2035 = VECTOR('',#2036,1.);
#2036 = DIRECTION('',(0.13052619222,5.503624563718E-16,-0.991444861374)
  );
#2037 = ORIENTED_EDGE('',*,*,#2038,.T.);
#2038 = EDGE_CURVE('',#2031,#2039,#2041,.T.);
#2039 = VERTEX_POINT('',#2040);
#2040 = CARTESIAN_POINT('',(-21.153194735,276.25,-64.5));
#2041 = LINE('',#2042,#2043);
#2042 = CARTESIAN_POINT('',(-40.98075326039,276.25,-64.5));
#2043 = VECTOR('',#2044,1.);
#2044 = DIRECTION('',(1.,0.,0.));
#2045 = ORIENTED_EDGE('',*,*,#2046,.T.);
#2046 = EDGE_CURVE('',#2039,#2047,#2049,.T.);
#2047 = VERTEX_POINT('',#2048);
#2048 = CARTESIAN_POINT('',(50.736275695932,276.25,-16.));
#2049 = LINE('',#2050,#2051);
#2050 = CARTESIAN_POINT('',(-21.153194735,276.25,-64.5));
#2051 = VECTOR('',#2052,1.);
#2052 = DIRECTION('',(0.828984431452,-3.104581482574E-16,0.559271680323)
  );
#2053 = ORIENTED_EDGE('',*,*,#2054,.T.);
#2054 = EDGE_CURVE('',#2047,#2029,#2055,.T.);
#2055 = LINE('',#2056,#2057);
#2056 = CARTESIAN_POINT('',(50.736275695932,276.25,-16.));
#2057 = VECTOR('',#2058,1.);
#2058 = DIRECTION('',(-1.,2.010304319203E-32,-3.621442313146E-17));
#2059 = PLANE('',#2060);
#2060 = AXIS2_PLACEMENT_3D('',#2061,#2062,#2063);
#2061 = CARTESIAN_POINT('',(-4.601800957117,276.25,-26.95995082705));
#2062 = DIRECTION('',(0.,1.,1.33226762955E-15));
#2063 = DIRECTION('',(0.,-1.33226762955E-15,1.));
#2064 = ADVANCED_FACE('',(#2065,#2123),#2157,.T.);
#2065 = FACE_BOUND('',#2066,.T.);
#2066 = EDGE_LOOP('',(#2067,#2068,#2076,#2085,#2092,#2099,#2108,#2116,
    #2122));
#2067 = ORIENTED_EDGE('',*,*,#1977,.F.);
#2068 = ORIENTED_EDGE('',*,*,#2069,.T.);
#2069 = EDGE_CURVE('',#1978,#2070,#2072,.T.);
#2070 = VERTEX_POINT('',#2071);
#2071 = CARTESIAN_POINT('',(-54.98113874298,232.41158504803,
    -4.320930232558));
#2072 = LINE('',#2073,#2074);
#2073 = CARTESIAN_POINT('',(-54.98113874298,119.75,-4.320930232558));
#2074 = VECTOR('',#2075,1.);
#2075 = DIRECTION('',(-5.130533921651E-17,-1.,-1.164609493117E-15));
#2076 = ORIENTED_EDGE('',*,*,#2077,.T.);
#2077 = EDGE_CURVE('',#2070,#2078,#2080,.T.);
#2078 = VERTEX_POINT('',#2079);
#2079 = CARTESIAN_POINT('',(-54.02177145702,232.47172338023,
    -11.60804824045));
#2080 = CIRCLE('',#2081,9.899428571429);
#2081 = AXIS2_PLACEMENT_3D('',#2082,#2083,#2084);
#2082 = CARTESIAN_POINT('',(-54.49163862669,223.25,-8.039052754024));
#2083 = DIRECTION('',(-0.991444861374,2.427535531561E-16,-0.13052619222)
  );
#2084 = DIRECTION('',(1.110223024625E-16,1.,1.016509097715E-15));
#2085 = ORIENTED_EDGE('',*,*,#2086,.F.);
#2086 = EDGE_CURVE('',#2087,#2078,#2089,.T.);
#2087 = VERTEX_POINT('',#2088);
#2088 = CARTESIAN_POINT('',(-50.93826815609,223.25,-35.02958112014));
#2089 = B_SPLINE_CURVE_WITH_KNOTS('',1,(#2090,#2091),.UNSPECIFIED.,.F.,
  .F.,(2,2),(0.,1.),.PIECEWISE_BEZIER_KNOTS.);
#2090 = CARTESIAN_POINT('',(-50.93826815609,223.25,-35.02958112014));
#2091 = CARTESIAN_POINT('',(-54.02177145702,232.47172338023,
    -11.60804824045));
#2092 = ORIENTED_EDGE('',*,*,#2093,.F.);
#2093 = EDGE_CURVE('',#2094,#2087,#2096,.T.);
#2094 = VERTEX_POINT('',#2095);
#2095 = CARTESIAN_POINT('',(-54.02177145702,214.02827661976,
    -11.60804824045));
#2096 = B_SPLINE_CURVE_WITH_KNOTS('',1,(#2097,#2098),.UNSPECIFIED.,.F.,
  .F.,(2,2),(0.,1.),.PIECEWISE_BEZIER_KNOTS.);
#2097 = CARTESIAN_POINT('',(-54.02177145702,214.02827661976,
    -11.60804824045));
#2098 = CARTESIAN_POINT('',(-50.93826815609,223.25,-35.02958112014));
#2099 = ORIENTED_EDGE('',*,*,#2100,.T.);
#2100 = EDGE_CURVE('',#2094,#2101,#2103,.T.);
#2101 = VERTEX_POINT('',#2102);
#2102 = CARTESIAN_POINT('',(-54.98113874298,214.08841495196,
    -4.320930232558));
#2103 = CIRCLE('',#2104,9.899428571429);
#2104 = AXIS2_PLACEMENT_3D('',#2105,#2106,#2107);
#2105 = CARTESIAN_POINT('',(-54.49163862669,223.25,-8.039052754024));
#2106 = DIRECTION('',(-0.991444861374,2.427535531561E-16,-0.13052619222)
  );
#2107 = DIRECTION('',(1.110223024625E-16,1.,1.016509097715E-15));
#2108 = ORIENTED_EDGE('',*,*,#2109,.T.);
#2109 = EDGE_CURVE('',#2101,#2110,#2112,.T.);
#2110 = VERTEX_POINT('',#2111);
#2111 = CARTESIAN_POINT('',(-54.98113874298,201.,-4.320930232558));
#2112 = LINE('',#2113,#2114);
#2113 = CARTESIAN_POINT('',(-54.98113874298,119.75,-4.320930232558));
#2114 = VECTOR('',#2115,1.);
#2115 = DIRECTION('',(-5.130533921651E-17,-1.,-1.164609493117E-15));
#2116 = ORIENTED_EDGE('',*,*,#2117,.T.);
#2117 = EDGE_CURVE('',#2110,#1300,#2118,.T.);
#2118 = LINE('',#2119,#2120);
#2119 = CARTESIAN_POINT('',(-48.73080783166,201.,-51.79690695809));
#2120 = VECTOR('',#2121,1.);
#2121 = DIRECTION('',(0.13052619222,1.320869895292E-15,-0.991444861374)
  );
#2122 = ORIENTED_EDGE('',*,*,#1299,.T.);
#2123 = FACE_BOUND('',#2124,.T.);
#2124 = EDGE_LOOP('',(#2125,#2135,#2143,#2151));
#2125 = ORIENTED_EDGE('',*,*,#2126,.T.);
#2126 = EDGE_CURVE('',#2127,#2129,#2131,.T.);
#2127 = VERTEX_POINT('',#2128);
#2128 = CARTESIAN_POINT('',(-46.98638257404,207.,-65.04713228301));
#2129 = VERTEX_POINT('',#2130);
#2130 = CARTESIAN_POINT('',(-50.90216834064,207.,-35.3037864418));
#2131 = LINE('',#2132,#2133);
#2132 = CARTESIAN_POINT('',(-46.98638257404,207.,-65.04713228301));
#2133 = VECTOR('',#2134,1.);
#2134 = DIRECTION('',(-0.13052619222,-2.209348573315E-16,0.991444861374)
  );
#2135 = ORIENTED_EDGE('',*,*,#2136,.T.);
#2136 = EDGE_CURVE('',#2129,#2137,#2139,.T.);
#2137 = VERTEX_POINT('',#2138);
#2138 = CARTESIAN_POINT('',(-50.90216834064,270.25,-35.3037864418));
#2139 = LINE('',#2140,#2141);
#2140 = CARTESIAN_POINT('',(-50.90216834064,207.,-35.3037864418));
#2141 = VECTOR('',#2142,1.);
#2142 = DIRECTION('',(1.218375533595E-16,1.,2.393529804771E-16));
#2143 = ORIENTED_EDGE('',*,*,#2144,.T.);
#2144 = EDGE_CURVE('',#2137,#2145,#2147,.T.);
#2145 = VERTEX_POINT('',#2146);
#2146 = CARTESIAN_POINT('',(-46.98638257404,270.25,-65.04713228301));
#2147 = LINE('',#2148,#2149);
#2148 = CARTESIAN_POINT('',(-50.90216834064,270.25,-35.3037864418));
#2149 = VECTOR('',#2150,1.);
#2150 = DIRECTION('',(0.13052619222,2.209348573315E-16,-0.991444861374)
  );
#2151 = ORIENTED_EDGE('',*,*,#2152,.T.);
#2152 = EDGE_CURVE('',#2145,#2127,#2153,.T.);
#2153 = LINE('',#2154,#2155);
#2154 = CARTESIAN_POINT('',(-46.98638257404,270.25,-65.04713228301));
#2155 = VECTOR('',#2156,1.);
#2156 = DIRECTION('',(-1.218375533595E-16,-1.,-2.393529804771E-16));
#2157 = PLANE('',#2158);
#2158 = AXIS2_PLACEMENT_3D('',#2159,#2160,#2161);
#2159 = CARTESIAN_POINT('',(-46.26849892008,119.75,-70.5));
#2160 = DIRECTION('',(0.991444861374,-2.028784574871E-16,0.13052619222)
  );
#2161 = DIRECTION('',(-0.13052619222,-1.541014877841E-15,0.991444861374)
  );
#2162 = ADVANCED_FACE('',(#2163,#2207),#2249,.T.);
#2163 = FACE_BOUND('',#2164,.T.);
#2164 = EDGE_LOOP('',(#2165,#2166,#2172,#2173,#2174,#2182,#2190,#2198,
    #2204,#2205,#2206));
#2165 = ORIENTED_EDGE('',*,*,#2117,.F.);
#2166 = ORIENTED_EDGE('',*,*,#2167,.T.);
#2167 = EDGE_CURVE('',#2110,#1775,#2168,.T.);
#2168 = LINE('',#2169,#2170);
#2169 = CARTESIAN_POINT('',(-47.01508881873,201.,4.123518821339));
#2170 = VECTOR('',#2171,1.);
#2171 = DIRECTION('',(0.686201674044,-9.69106586209E-16,0.727411343422)
  );
#2172 = ORIENTED_EDGE('',*,*,#1782,.T.);
#2173 = ORIENTED_EDGE('',*,*,#1823,.T.);
#2174 = ORIENTED_EDGE('',*,*,#2175,.T.);
#2175 = EDGE_CURVE('',#1824,#2176,#2178,.T.);
#2176 = VERTEX_POINT('',#2177);
#2177 = CARTESIAN_POINT('',(53.3,201.,-1.));
#2178 = LINE('',#2179,#2180);
#2179 = CARTESIAN_POINT('',(24.349099521441,201.,-1.));
#2180 = VECTOR('',#2181,1.);
#2181 = DIRECTION('',(1.,0.,0.));
#2182 = ORIENTED_EDGE('',*,*,#2183,.T.);
#2183 = EDGE_CURVE('',#2176,#2184,#2186,.T.);
#2184 = VERTEX_POINT('',#2185);
#2185 = CARTESIAN_POINT('',(53.5,201.,-0.8));
#2186 = LINE('',#2187,#2188);
#2187 = CARTESIAN_POINT('',(32.434562053957,201.,-21.86543794604));
#2188 = VECTOR('',#2189,1.);
#2189 = DIRECTION('',(0.707106781187,-9.420554752103E-16,0.707106781187)
  );
#2190 = ORIENTED_EDGE('',*,*,#2191,.T.);
#2191 = EDGE_CURVE('',#2184,#2192,#2194,.T.);
#2192 = VERTEX_POINT('',#2193);
#2193 = CARTESIAN_POINT('',(58.5,201.,-0.8));
#2194 = LINE('',#2195,#2196);
#2195 = CARTESIAN_POINT('',(26.949099521441,201.,-0.8));
#2196 = VECTOR('',#2197,1.);
#2197 = DIRECTION('',(1.,1.774937036747E-31,-1.33226762955E-16));
#2198 = ORIENTED_EDGE('',*,*,#2199,.T.);
#2199 = EDGE_CURVE('',#2192,#1722,#2200,.T.);
#2200 = LINE('',#2201,#2202);
#2201 = CARTESIAN_POINT('',(58.5,201.,-22.47997541352));
#2202 = VECTOR('',#2203,1.);
#2203 = DIRECTION('',(0.,1.33226762955E-15,-1.));
#2204 = ORIENTED_EDGE('',*,*,#1721,.T.);
#2205 = ORIENTED_EDGE('',*,*,#1638,.T.);
#2206 = ORIENTED_EDGE('',*,*,#1307,.T.);
#2207 = FACE_BOUND('',#2208,.T.);
#2208 = EDGE_LOOP('',(#2209,#2219,#2227,#2235,#2243));
#2209 = ORIENTED_EDGE('',*,*,#2210,.T.);
#2210 = EDGE_CURVE('',#2211,#2213,#2215,.T.);
#2211 = VERTEX_POINT('',#2212);
#2212 = CARTESIAN_POINT('',(-48.6034328707,201.,-6.6));
#2213 = VERTEX_POINT('',#2214);
#2214 = CARTESIAN_POINT('',(-40.98075326039,201.,-64.5));
#2215 = LINE('',#2216,#2217);
#2216 = CARTESIAN_POINT('',(-48.6034328707,201.,-6.6));
#2217 = VECTOR('',#2218,1.);
#2218 = DIRECTION('',(0.13052619222,6.604349476461E-16,-0.991444861374)
  );
#2219 = ORIENTED_EDGE('',*,*,#2220,.T.);
#2220 = EDGE_CURVE('',#2213,#2221,#2223,.T.);
#2221 = VERTEX_POINT('',#2222);
#2222 = CARTESIAN_POINT('',(-21.153194735,201.,-64.5));
#2223 = LINE('',#2224,#2225);
#2224 = CARTESIAN_POINT('',(-40.98075326039,201.,-64.5));
#2225 = VECTOR('',#2226,1.);
#2226 = DIRECTION('',(1.,0.,0.));
#2227 = ORIENTED_EDGE('',*,*,#2228,.T.);
#2228 = EDGE_CURVE('',#2221,#2229,#2231,.T.);
#2229 = VERTEX_POINT('',#2230);
#2230 = CARTESIAN_POINT('',(35.913704473058,201.,-26.));
#2231 = LINE('',#2232,#2233);
#2232 = CARTESIAN_POINT('',(-21.153194735,201.,-64.5));
#2233 = VECTOR('',#2234,1.);
#2234 = DIRECTION('',(0.828984431452,-3.725497779089E-16,0.559271680323)
  );
#2235 = ORIENTED_EDGE('',*,*,#2236,.T.);
#2236 = EDGE_CURVE('',#2229,#2237,#2239,.T.);
#2237 = VERTEX_POINT('',#2238);
#2238 = CARTESIAN_POINT('',(27.333704473058,201.,-6.6));
#2239 = LINE('',#2240,#2241);
#2240 = CARTESIAN_POINT('',(35.913704473058,201.,-26.));
#2241 = VECTOR('',#2242,1.);
#2242 = DIRECTION('',(-0.404475685229,-6.092118490672E-16,0.91454875215)
  );
#2243 = ORIENTED_EDGE('',*,*,#2244,.T.);
#2244 = EDGE_CURVE('',#2237,#2211,#2245,.T.);
#2245 = LINE('',#2246,#2247);
#2246 = CARTESIAN_POINT('',(27.333704473058,201.,-6.6));
#2247 = VECTOR('',#2248,1.);
#2248 = DIRECTION('',(-1.,-1.558251205171E-32,2.339246515653E-17));
#2249 = PLANE('',#2250);
#2250 = AXIS2_PLACEMENT_3D('',#2251,#2252,#2253);
#2251 = CARTESIAN_POINT('',(-4.601800957117,201.,-26.95995082705));
#2252 = DIRECTION('',(0.,1.,1.33226762955E-15));
#2253 = DIRECTION('',(0.,-1.33226762955E-15,1.));
#2254 = ADVANCED_FACE('',(#2255),#2262,.F.);
#2255 = FACE_BOUND('',#2256,.F.);
#2256 = EDGE_LOOP('',(#2257,#2258,#2259,#2260,#2261));
#2257 = ORIENTED_EDGE('',*,*,#1513,.T.);
#2258 = ORIENTED_EDGE('',*,*,#1490,.T.);
#2259 = ORIENTED_EDGE('',*,*,#1467,.T.);
#2260 = ORIENTED_EDGE('',*,*,#1444,.T.);
#2261 = ORIENTED_EDGE('',*,*,#1421,.T.);
#2262 = PLANE('',#2263);
#2263 = AXIS2_PLACEMENT_3D('',#2264,#2265,#2266);
#2264 = CARTESIAN_POINT('',(-38.83839460897,121.55,-63.06989568888));
#2265 = DIRECTION('',(0.,-1.,-6.661338147751E-16));
#2266 = DIRECTION('',(0.8528770742,-3.47796302494E-16,0.522111766104));
#2267 = ADVANCED_FACE('',(#2268),#2295,.F.);
#2268 = FACE_BOUND('',#2269,.T.);
#2269 = EDGE_LOOP('',(#2270,#2271,#2279,#2288));
#2270 = ORIENTED_EDGE('',*,*,#1579,.F.);
#2271 = ORIENTED_EDGE('',*,*,#2272,.T.);
#2272 = EDGE_CURVE('',#1580,#2273,#2275,.T.);
#2273 = VERTEX_POINT('',#2274);
#2274 = CARTESIAN_POINT('',(-54.65522702882,136.75,-8.06058957574));
#2275 = LINE('',#2276,#2277);
#2276 = CARTESIAN_POINT('',(-53.06891525062,135.15,-7.851747668188));
#2277 = VECTOR('',#2278,1.);
#2278 = DIRECTION('',(-0.70105738465,0.707106781187,-9.229595564126E-02)
  );
#2279 = ORIENTED_EDGE('',*,*,#2280,.F.);
#2280 = EDGE_CURVE('',#2281,#2273,#2283,.T.);
#2281 = VERTEX_POINT('',#2282);
#2282 = CARTESIAN_POINT('',(-54.37052172646,141.80968784643,
    -10.22314104705));
#2283 = CIRCLE('',#2284,3.);
#2284 = AXIS2_PLACEMENT_3D('',#2285,#2286,#2287);
#2285 = CARTESIAN_POINT('',(-54.65522702882,139.75,-8.06058957574));
#2286 = DIRECTION('',(0.991444861374,-2.817693086276E-16,0.13052619222)
  );
#2287 = DIRECTION('',(-1.681392619741E-16,-1.,-8.815740304002E-16));
#2288 = ORIENTED_EDGE('',*,*,#2289,.T.);
#2289 = EDGE_CURVE('',#2281,#1582,#2290,.T.);
#2290 = HYPERBOLA('',#2291,2.958902671178,2.958902671178);
#2291 = AXIS2_PLACEMENT_3D('',#2292,#2293,#2294);
#2292 = CARTESIAN_POINT('',(-57.39634313938,142.10851808634,
    -10.22363833207));
#2293 = DIRECTION('',(7.881924465685E-02,0.797092148154,-0.598691601764)
  );
#2294 = DIRECTION('',(0.991444861374,-1.890778014121E-16,0.13052619222)
  );
#2295 = CONICAL_SURFACE('',#2296,4.6,0.785398163397);
#2296 = AXIS2_PLACEMENT_3D('',#2297,#2298,#2299);
#2297 = CARTESIAN_POINT('',(-53.06891525062,139.75,-7.851747668188));
#2298 = DIRECTION('',(0.991444861374,-2.817693086276E-16,0.13052619222)
  );
#2299 = DIRECTION('',(-1.672697776277E-16,-1.,-8.881784197001E-16));
#2300 = ADVANCED_FACE('',(#2301),#2327,.F.);
#2301 = FACE_BOUND('',#2302,.F.);
#2302 = EDGE_LOOP('',(#2303,#2304,#2305,#2313,#2321));
#2303 = ORIENTED_EDGE('',*,*,#2289,.T.);
#2304 = ORIENTED_EDGE('',*,*,#1607,.T.);
#2305 = ORIENTED_EDGE('',*,*,#2306,.T.);
#2306 = EDGE_CURVE('',#1600,#2307,#2309,.T.);
#2307 = VERTEX_POINT('',#2308);
#2308 = CARTESIAN_POINT('',(-55.80950416287,139.75,-13.15483495018));
#2309 = LINE('',#2310,#2311);
#2310 = CARTESIAN_POINT('',(-52.42933690874,139.75,-12.70982748891));
#2311 = VECTOR('',#2312,1.);
#2312 = DIRECTION('',(-0.991444861374,1.042562859037E-16,-0.13052619222)
  );
#2313 = ORIENTED_EDGE('',*,*,#2314,.F.);
#2314 = EDGE_CURVE('',#2315,#2307,#2317,.T.);
#2315 = VERTEX_POINT('',#2316);
#2316 = CARTESIAN_POINT('',(-56.16437720239,141.80968784643,
    -10.45930660076));
#2317 = LINE('',#2318,#2319);
#2318 = CARTESIAN_POINT('',(-57.32418104373,148.54120478413,
    -1.649721802954));
#2319 = VECTOR('',#2320,1.);
#2320 = DIRECTION('',(0.104041402947,-0.603857687995,-0.790272914329));
#2321 = ORIENTED_EDGE('',*,*,#2322,.F.);
#2322 = EDGE_CURVE('',#2281,#2315,#2323,.T.);
#2323 = LINE('',#2324,#2325);
#2324 = CARTESIAN_POINT('',(-54.37052172646,141.80968784643,
    -10.22314104705));
#2325 = VECTOR('',#2326,1.);
#2326 = DIRECTION('',(-0.991444861374,2.817693086276E-16,-0.13052619222)
  );
#2327 = PLANE('',#2328);
#2328 = AXIS2_PLACEMENT_3D('',#2329,#2330,#2331);
#2329 = CARTESIAN_POINT('',(-52.42933690874,139.75,-12.70982748891));
#2330 = DIRECTION('',(7.881924465685E-02,0.797092148154,-0.598691601764)
  );
#2331 = DIRECTION('',(-0.104041402947,0.603857687995,0.790272914329));
#2332 = ADVANCED_FACE('',(#2333),#2360,.F.);
#2333 = FACE_BOUND('',#2334,.F.);
#2334 = EDGE_LOOP('',(#2335,#2336,#2337,#2346,#2354));
#2335 = ORIENTED_EDGE('',*,*,#2306,.F.);
#2336 = ORIENTED_EDGE('',*,*,#1599,.T.);
#2337 = ORIENTED_EDGE('',*,*,#2338,.T.);
#2338 = EDGE_CURVE('',#1591,#2339,#2341,.T.);
#2339 = VERTEX_POINT('',#2340);
#2340 = CARTESIAN_POINT('',(-54.37052172646,137.69031215356,
    -10.22314104705));
#2341 = HYPERBOLA('',#2342,2.958902671178,2.958902671178);
#2342 = AXIS2_PLACEMENT_3D('',#2343,#2344,#2345);
#2343 = CARTESIAN_POINT('',(-57.39634313938,137.39148191365,
    -10.22363833207));
#2344 = DIRECTION('',(7.881924465685E-02,-0.797092148154,-0.598691601764
    ));
#2345 = DIRECTION('',(0.991444861374,-1.328796503603E-16,0.13052619222)
  );
#2346 = ORIENTED_EDGE('',*,*,#2347,.T.);
#2347 = EDGE_CURVE('',#2339,#2348,#2350,.T.);
#2348 = VERTEX_POINT('',#2349);
#2349 = CARTESIAN_POINT('',(-56.16437720239,137.69031215356,
    -10.45930660076));
#2350 = LINE('',#2351,#2352);
#2351 = CARTESIAN_POINT('',(-54.37052172646,137.69031215356,
    -10.22314104705));
#2352 = VECTOR('',#2353,1.);
#2353 = DIRECTION('',(-0.991444861374,2.817693086276E-16,-0.13052619222)
  );
#2354 = ORIENTED_EDGE('',*,*,#2355,.F.);
#2355 = EDGE_CURVE('',#2307,#2348,#2356,.T.);
#2356 = LINE('',#2357,#2358);
#2357 = CARTESIAN_POINT('',(-54.9165553675,144.93268669778,
    -19.93745443509));
#2358 = VECTOR('',#2359,1.);
#2359 = DIRECTION('',(-0.104041402947,-0.603857687995,0.790272914329));
#2360 = PLANE('',#2361);
#2361 = AXIS2_PLACEMENT_3D('',#2362,#2363,#2364);
#2362 = CARTESIAN_POINT('',(-52.86007334307,137.25,-9.438059446386));
#2363 = DIRECTION('',(7.881924465685E-02,-0.797092148154,-0.598691601764
    ));
#2364 = DIRECTION('',(0.104041402947,0.603857687995,-0.790272914329));
#2365 = ADVANCED_FACE('',(#2366),#2378,.F.);
#2366 = FACE_BOUND('',#2367,.T.);
#2367 = EDGE_LOOP('',(#2368,#2369,#2370,#2371));
#2368 = ORIENTED_EDGE('',*,*,#2272,.F.);
#2369 = ORIENTED_EDGE('',*,*,#1590,.F.);
#2370 = ORIENTED_EDGE('',*,*,#2338,.T.);
#2371 = ORIENTED_EDGE('',*,*,#2372,.F.);
#2372 = EDGE_CURVE('',#2273,#2339,#2373,.T.);
#2373 = CIRCLE('',#2374,3.);
#2374 = AXIS2_PLACEMENT_3D('',#2375,#2376,#2377);
#2375 = CARTESIAN_POINT('',(-54.65522702882,139.75,-8.06058957574));
#2376 = DIRECTION('',(0.991444861374,-2.817693086276E-16,0.13052619222)
  );
#2377 = DIRECTION('',(-1.681392619741E-16,-1.,-8.815740304002E-16));
#2378 = CONICAL_SURFACE('',#2379,4.6,0.785398163397);
#2379 = AXIS2_PLACEMENT_3D('',#2380,#2381,#2382);
#2380 = CARTESIAN_POINT('',(-53.06891525062,139.75,-7.851747668188));
#2381 = DIRECTION('',(0.991444861374,-2.817693086276E-16,0.13052619222)
  );
#2382 = DIRECTION('',(-1.672697776277E-16,-1.,-8.881784197001E-16));
#2383 = ADVANCED_FACE('',(#2384,#2387),#2398,.F.);
#2384 = FACE_BOUND('',#2385,.F.);
#2385 = EDGE_LOOP('',(#2386));
#2386 = ORIENTED_EDGE('',*,*,#1679,.F.);
#2387 = FACE_BOUND('',#2388,.F.);
#2388 = EDGE_LOOP('',(#2389,#2390,#2397));
#2389 = ORIENTED_EDGE('',*,*,#2355,.T.);
#2390 = ORIENTED_EDGE('',*,*,#2391,.T.);
#2391 = EDGE_CURVE('',#2348,#2315,#2392,.T.);
#2392 = CIRCLE('',#2393,3.);
#2393 = AXIS2_PLACEMENT_3D('',#2394,#2395,#2396);
#2394 = CARTESIAN_POINT('',(-56.44908250475,139.75,-8.296755129457));
#2395 = DIRECTION('',(-0.991444861374,2.817693086276E-16,-0.13052619222)
  );
#2396 = DIRECTION('',(-1.681392619741E-16,-1.,-8.815740304002E-16));
#2397 = ORIENTED_EDGE('',*,*,#2314,.T.);
#2398 = PLANE('',#2399);
#2399 = AXIS2_PLACEMENT_3D('',#2400,#2401,#2402);
#2400 = CARTESIAN_POINT('',(-56.44908250475,181.5,-8.296755129457));
#2401 = DIRECTION('',(0.991444861374,-1.449131839194E-17,0.13052619222)
  );
#2402 = DIRECTION('',(-0.13052619222,-1.100724912744E-16,0.991444861374)
  );
#2403 = ADVANCED_FACE('',(#2404,#2407),#2434,.F.);
#2404 = FACE_BOUND('',#2405,.F.);
#2405 = EDGE_LOOP('',(#2406));
#2406 = ORIENTED_EDGE('',*,*,#1704,.F.);
#2407 = FACE_BOUND('',#2408,.F.);
#2408 = EDGE_LOOP('',(#2409,#2419,#2428));
#2409 = ORIENTED_EDGE('',*,*,#2410,.T.);
#2410 = EDGE_CURVE('',#2411,#2413,#2415,.T.);
#2411 = VERTEX_POINT('',#2412);
#2412 = CARTESIAN_POINT('',(-55.80950416287,223.25,-13.15483495018));
#2413 = VERTEX_POINT('',#2414);
#2414 = CARTESIAN_POINT('',(-56.16437720239,221.19031215356,
    -10.45930660076));
#2415 = LINE('',#2416,#2417);
#2416 = CARTESIAN_POINT('',(-57.5395492609,213.20879521586,
    -1.383778168735E-02));
#2417 = VECTOR('',#2418,1.);
#2418 = DIRECTION('',(-0.104041402947,-0.603857687995,0.790272914329));
#2419 = ORIENTED_EDGE('',*,*,#2420,.T.);
#2420 = EDGE_CURVE('',#2413,#2421,#2423,.T.);
#2421 = VERTEX_POINT('',#2422);
#2422 = CARTESIAN_POINT('',(-56.16437720239,225.30968784643,
    -10.45930660076));
#2423 = CIRCLE('',#2424,3.);
#2424 = AXIS2_PLACEMENT_3D('',#2425,#2426,#2427);
#2425 = CARTESIAN_POINT('',(-56.44908250475,223.25,-8.296755129457));
#2426 = DIRECTION('',(-0.991444861374,2.817693086276E-16,-0.13052619222)
  );
#2427 = DIRECTION('',(-1.681392619741E-16,-1.,-8.815740304002E-16));
#2428 = ORIENTED_EDGE('',*,*,#2429,.T.);
#2429 = EDGE_CURVE('',#2421,#2411,#2430,.T.);
#2430 = LINE('',#2431,#2432);
#2431 = CARTESIAN_POINT('',(-54.70118715034,216.81731330221,
    -21.57333845636));
#2432 = VECTOR('',#2433,1.);
#2433 = DIRECTION('',(0.104041402947,-0.603857687995,-0.790272914329));
#2434 = PLANE('',#2435);
#2435 = AXIS2_PLACEMENT_3D('',#2436,#2437,#2438);
#2436 = CARTESIAN_POINT('',(-56.44908250475,181.5,-8.296755129457));
#2437 = DIRECTION('',(0.991444861374,-1.449131839194E-17,0.13052619222)
  );
#2438 = DIRECTION('',(-0.13052619222,-1.100724912744E-16,0.991444861374)
  );
#2439 = ADVANCED_FACE('',(#2440),#2451,.F.);
#2440 = FACE_BOUND('',#2441,.F.);
#2441 = EDGE_LOOP('',(#2442,#2443,#2444,#2445));
#2442 = ORIENTED_EDGE('',*,*,#2199,.T.);
#2443 = ORIENTED_EDGE('',*,*,#1738,.T.);
#2444 = ORIENTED_EDGE('',*,*,#2017,.F.);
#2445 = ORIENTED_EDGE('',*,*,#2446,.F.);
#2446 = EDGE_CURVE('',#2192,#2010,#2447,.T.);
#2447 = LINE('',#2448,#2449);
#2448 = CARTESIAN_POINT('',(58.5,119.75,-0.8));
#2449 = VECTOR('',#2450,1.);
#2450 = DIRECTION('',(0.,1.,1.554312234475E-15));
#2451 = PLANE('',#2452);
#2452 = AXIS2_PLACEMENT_3D('',#2453,#2454,#2455);
#2453 = CARTESIAN_POINT('',(58.5,119.75,-18.));
#2454 = DIRECTION('',(1.,0.,0.));
#2455 = DIRECTION('',(0.,-1.554312234475E-15,1.));
#2456 = ADVANCED_FACE('',(#2457),#2488,.F.);
#2457 = FACE_BOUND('',#2458,.F.);
#2458 = EDGE_LOOP('',(#2459,#2460,#2461,#2462,#2463,#2472,#2480,#2487));
#2459 = ORIENTED_EDGE('',*,*,#2167,.T.);
#2460 = ORIENTED_EDGE('',*,*,#1774,.T.);
#2461 = ORIENTED_EDGE('',*,*,#1985,.F.);
#2462 = ORIENTED_EDGE('',*,*,#2069,.T.);
#2463 = ORIENTED_EDGE('',*,*,#2464,.T.);
#2464 = EDGE_CURVE('',#2070,#2465,#2467,.T.);
#2465 = VERTEX_POINT('',#2466);
#2466 = CARTESIAN_POINT('',(-53.75526865833,229.59031188703,
    -3.021440827531));
#2467 = HYPERBOLA('',#2468,13.998141227612,11.972535788548);
#2468 = AXIS2_PLACEMENT_3D('',#2469,#2470,#2471);
#2469 = CARTESIAN_POINT('',(-42.8859393773,223.25,8.500643296544));
#2470 = DIRECTION('',(-0.727411343422,-7.618368980599E-16,0.686201674044
    ));
#2471 = DIRECTION('',(-0.686201674044,9.337892950329E-16,-0.727411343422
    ));
#2472 = ORIENTED_EDGE('',*,*,#2473,.F.);
#2473 = EDGE_CURVE('',#2474,#2465,#2476,.T.);
#2474 = VERTEX_POINT('',#2475);
#2475 = CARTESIAN_POINT('',(-53.75526865833,216.90968811296,
    -3.021440827532));
#2476 = LINE('',#2477,#2478);
#2477 = CARTESIAN_POINT('',(-53.75526865833,171.5,-3.021440827532));
#2478 = VECTOR('',#2479,1.);
#2479 = DIRECTION('',(8.659897596952E-17,1.,1.20202268037E-15));
#2480 = ORIENTED_EDGE('',*,*,#2481,.T.);
#2481 = EDGE_CURVE('',#2474,#2101,#2482,.T.);
#2482 = HYPERBOLA('',#2483,13.998141227612,11.972535788548);
#2483 = AXIS2_PLACEMENT_3D('',#2484,#2485,#2486);
#2484 = CARTESIAN_POINT('',(-42.8859393773,223.25,8.500643296544));
#2485 = DIRECTION('',(-0.727411343422,-7.618368980599E-16,0.686201674044
    ));
#2486 = DIRECTION('',(-0.686201674044,9.337892950329E-16,-0.727411343422
    ));
#2487 = ORIENTED_EDGE('',*,*,#2109,.T.);
#2488 = PLANE('',#2489);
#2489 = AXIS2_PLACEMENT_3D('',#2490,#2491,#2492);
#2490 = CARTESIAN_POINT('',(-51.47100850144,119.75,-0.6));
#2491 = DIRECTION('',(-0.727411343422,-7.618368980599E-16,0.686201674044
    ));
#2492 = DIRECTION('',(-0.686201674044,8.075888218409E-16,-0.727411343422
    ));
#2493 = ADVANCED_FACE('',(#2494),#2505,.F.);
#2494 = FACE_BOUND('',#2495,.F.);
#2495 = EDGE_LOOP('',(#2496,#2497,#2503,#2504));
#2496 = ORIENTED_EDGE('',*,*,#2175,.T.);
#2497 = ORIENTED_EDGE('',*,*,#2498,.T.);
#2498 = EDGE_CURVE('',#2176,#1994,#2499,.T.);
#2499 = LINE('',#2500,#2501);
#2500 = CARTESIAN_POINT('',(53.3,119.75,-1.));
#2501 = VECTOR('',#2502,1.);
#2502 = DIRECTION('',(0.,1.,1.554312234475E-15));
#2503 = ORIENTED_EDGE('',*,*,#1993,.F.);
#2504 = ORIENTED_EDGE('',*,*,#1831,.F.);
#2505 = PLANE('',#2506);
#2506 = AXIS2_PLACEMENT_3D('',#2507,#2508,#2509);
#2507 = CARTESIAN_POINT('',(53.3,119.75,-1.));
#2508 = DIRECTION('',(0.,-1.554312234475E-15,1.));
#2509 = DIRECTION('',(-1.,0.,0.));
#2510 = ADVANCED_FACE('',(#2511),#2517,.F.);
#2511 = FACE_BOUND('',#2512,.F.);
#2512 = EDGE_LOOP('',(#2513,#2514,#2515,#2516));
#2513 = ORIENTED_EDGE('',*,*,#1962,.T.);
#2514 = ORIENTED_EDGE('',*,*,#1939,.T.);
#2515 = ORIENTED_EDGE('',*,*,#1916,.T.);
#2516 = ORIENTED_EDGE('',*,*,#1893,.T.);
#2517 = PLANE('',#2518);
#2518 = AXIS2_PLACEMENT_3D('',#2519,#2520,#2521);
#2519 = CARTESIAN_POINT('',(-51.82585269278,130.5933360594,
    -37.28463392734));
#2520 = DIRECTION('',(-0.991444861374,1.838451437794E-16,-0.13052619222)
  );
#2521 = DIRECTION('',(5.274499255005E-02,0.914716985441,-0.400637994088)
  );
#2522 = ADVANCED_FACE('',(#2523),#2534,.F.);
#2523 = FACE_BOUND('',#2524,.F.);
#2524 = EDGE_LOOP('',(#2525,#2526,#2532,#2533));
#2525 = ORIENTED_EDGE('',*,*,#2183,.T.);
#2526 = ORIENTED_EDGE('',*,*,#2527,.T.);
#2527 = EDGE_CURVE('',#2184,#2002,#2528,.T.);
#2528 = LINE('',#2529,#2530);
#2529 = CARTESIAN_POINT('',(53.5,119.75,-0.8));
#2530 = VECTOR('',#2531,1.);
#2531 = DIRECTION('',(0.,1.,1.554312234475E-15));
#2532 = ORIENTED_EDGE('',*,*,#2001,.F.);
#2533 = ORIENTED_EDGE('',*,*,#2498,.F.);
#2534 = PLANE('',#2535);
#2535 = AXIS2_PLACEMENT_3D('',#2536,#2537,#2538);
#2536 = CARTESIAN_POINT('',(53.5,119.75,-0.8));
#2537 = DIRECTION('',(-0.707106781187,-1.099064721079E-15,0.707106781187
    ));
#2538 = DIRECTION('',(-0.707106781187,1.099064721079E-15,-0.707106781187
    ));
#2539 = ADVANCED_FACE('',(#2540),#2546,.F.);
#2540 = FACE_BOUND('',#2541,.F.);
#2541 = EDGE_LOOP('',(#2542,#2543,#2544,#2545));
#2542 = ORIENTED_EDGE('',*,*,#2191,.T.);
#2543 = ORIENTED_EDGE('',*,*,#2446,.T.);
#2544 = ORIENTED_EDGE('',*,*,#2009,.F.);
#2545 = ORIENTED_EDGE('',*,*,#2527,.F.);
#2546 = PLANE('',#2547);
#2547 = AXIS2_PLACEMENT_3D('',#2548,#2549,#2550);
#2548 = CARTESIAN_POINT('',(58.5,119.75,-0.8));
#2549 = DIRECTION('',(1.33226762955E-16,-1.554312234475E-15,1.));
#2550 = DIRECTION('',(-1.,-2.070759876205E-31,1.33226762955E-16));
#2551 = ADVANCED_FACE('',(#2552),#2575,.T.);
#2552 = FACE_BOUND('',#2553,.T.);
#2553 = EDGE_LOOP('',(#2554,#2555,#2562,#2570));
#2554 = ORIENTED_EDGE('',*,*,#2028,.T.);
#2555 = ORIENTED_EDGE('',*,*,#2556,.T.);
#2556 = EDGE_CURVE('',#2031,#2557,#2559,.T.);
#2557 = VERTEX_POINT('',#2558);
#2558 = CARTESIAN_POINT('',(-39.72658543992,277.45,-63.06989568888));
#2559 = B_SPLINE_CURVE_WITH_KNOTS('',1,(#2560,#2561),.UNSPECIFIED.,.F.,
  .F.,(2,2),(0.,1.),.PIECEWISE_BEZIER_KNOTS.);
#2560 = CARTESIAN_POINT('',(-40.98075326039,276.25,-64.5));
#2561 = CARTESIAN_POINT('',(-39.72658543992,277.45,-63.06989568888));
#2562 = ORIENTED_EDGE('',*,*,#2563,.F.);
#2563 = EDGE_CURVE('',#2564,#2557,#2566,.T.);
#2564 = VERTEX_POINT('',#2565);
#2565 = CARTESIAN_POINT('',(-45.73517796417,277.45,-17.43010431111));
#2566 = LINE('',#2567,#2568);
#2567 = CARTESIAN_POINT('',(-45.94802982289,277.45,-15.81333392979));
#2568 = VECTOR('',#2569,1.);
#2569 = DIRECTION('',(0.13052619222,4.402899650974E-16,-0.991444861374)
  );
#2570 = ORIENTED_EDGE('',*,*,#2571,.F.);
#2571 = EDGE_CURVE('',#2029,#2564,#2572,.T.);
#2572 = B_SPLINE_CURVE_WITH_KNOTS('',1,(#2573,#2574),.UNSPECIFIED.,.F.,
  .F.,(2,2),(0.,1.),.PIECEWISE_BEZIER_KNOTS.);
#2573 = CARTESIAN_POINT('',(-47.36589939338,276.25,-16.));
#2574 = CARTESIAN_POINT('',(-45.73517796417,277.45,-17.43010431111));
#2575 = B_SPLINE_SURFACE_WITH_KNOTS('',1,1,(
    (#2576,#2577)
    ,(#2578,#2579
    )),.UNSPECIFIED.,.F.,.F.,.F.,(2,2),(2,2),(0.,48.918504588137),(0.,1.
    ),.PIECEWISE_BEZIER_KNOTS.);
#2576 = CARTESIAN_POINT('',(-47.36589939338,276.25,-16.));
#2577 = CARTESIAN_POINT('',(-45.73517796417,277.45,-17.43010431111));
#2578 = CARTESIAN_POINT('',(-40.98075326039,276.25,-64.5));
#2579 = CARTESIAN_POINT('',(-39.72658543992,277.45,-63.06989568888));
#2580 = ADVANCED_FACE('',(#2581),#2598,.T.);
#2581 = FACE_BOUND('',#2582,.T.);
#2582 = EDGE_LOOP('',(#2583,#2584,#2585,#2593));
#2583 = ORIENTED_EDGE('',*,*,#2054,.T.);
#2584 = ORIENTED_EDGE('',*,*,#2571,.T.);
#2585 = ORIENTED_EDGE('',*,*,#2586,.F.);
#2586 = EDGE_CURVE('',#2587,#2564,#2589,.T.);
#2587 = VERTEX_POINT('',#2588);
#2588 = CARTESIAN_POINT('',(46.05941002866,277.45,-17.43010431111));
#2589 = LINE('',#2590,#2591);
#2590 = CARTESIAN_POINT('',(50.736275695932,277.45,-17.43010431111));
#2591 = VECTOR('',#2592,1.);
#2592 = DIRECTION('',(-1.,1.608243455362E-32,-3.621442313146E-17));
#2593 = ORIENTED_EDGE('',*,*,#2594,.F.);
#2594 = EDGE_CURVE('',#2047,#2587,#2595,.T.);
#2595 = B_SPLINE_CURVE_WITH_KNOTS('',1,(#2596,#2597),.UNSPECIFIED.,.F.,
  .F.,(2,2),(0.,1.),.PIECEWISE_BEZIER_KNOTS.);
#2596 = CARTESIAN_POINT('',(50.736275695932,276.25,-16.));
#2597 = CARTESIAN_POINT('',(46.05941002866,277.45,-17.43010431111));
#2598 = B_SPLINE_SURFACE_WITH_KNOTS('',1,1,(
    (#2599,#2600)
    ,(#2601,#2602
    )),.UNSPECIFIED.,.F.,.F.,.F.,(2,2),(2,2),(0.,98.102175089312),(0.,1.
    ),.PIECEWISE_BEZIER_KNOTS.);
#2599 = CARTESIAN_POINT('',(50.736275695932,276.25,-16.));
#2600 = CARTESIAN_POINT('',(46.05941002866,277.45,-17.43010431111));
#2601 = CARTESIAN_POINT('',(-47.36589939338,276.25,-16.));
#2602 = CARTESIAN_POINT('',(-45.73517796417,277.45,-17.43010431111));
#2603 = ADVANCED_FACE('',(#2604),#2621,.T.);
#2604 = FACE_BOUND('',#2605,.T.);
#2605 = EDGE_LOOP('',(#2606,#2607,#2608,#2616));
#2606 = ORIENTED_EDGE('',*,*,#2046,.T.);
#2607 = ORIENTED_EDGE('',*,*,#2594,.T.);
#2608 = ORIENTED_EDGE('',*,*,#2609,.F.);
#2609 = EDGE_CURVE('',#2610,#2587,#2612,.T.);
#2610 = VERTEX_POINT('',#2611);
#2611 = CARTESIAN_POINT('',(-21.59049580075,277.45,-63.06989568888));
#2612 = LINE('',#2613,#2614);
#2613 = CARTESIAN_POINT('',(-21.95301157611,277.45,-63.31446579073));
#2614 = VECTOR('',#2615,1.);
#2615 = DIRECTION('',(0.828984431452,-2.483665186059E-16,0.559271680323)
  );
#2616 = ORIENTED_EDGE('',*,*,#2617,.F.);
#2617 = EDGE_CURVE('',#2039,#2610,#2618,.T.);
#2618 = B_SPLINE_CURVE_WITH_KNOTS('',1,(#2619,#2620),.UNSPECIFIED.,.F.,
  .F.,(2,2),(0.,1.),.PIECEWISE_BEZIER_KNOTS.);
#2619 = CARTESIAN_POINT('',(-21.153194735,276.25,-64.5));
#2620 = CARTESIAN_POINT('',(-21.59049580075,277.45,-63.06989568888));
#2621 = B_SPLINE_SURFACE_WITH_KNOTS('',1,1,(
    (#2622,#2623)
    ,(#2624,#2625
    )),.UNSPECIFIED.,.F.,.F.,.F.,(2,2),(2,2),(0.,86.719928268195),(0.,1.
    ),.PIECEWISE_BEZIER_KNOTS.);
#2622 = CARTESIAN_POINT('',(-21.153194735,276.25,-64.5));
#2623 = CARTESIAN_POINT('',(-21.59049580075,277.45,-63.06989568888));
#2624 = CARTESIAN_POINT('',(50.736275695932,276.25,-16.));
#2625 = CARTESIAN_POINT('',(46.05941002866,277.45,-17.43010431111));
#2626 = ADVANCED_FACE('',(#2627),#2638,.T.);
#2627 = FACE_BOUND('',#2628,.T.);
#2628 = EDGE_LOOP('',(#2629,#2630,#2631,#2637));
#2629 = ORIENTED_EDGE('',*,*,#2038,.T.);
#2630 = ORIENTED_EDGE('',*,*,#2617,.T.);
#2631 = ORIENTED_EDGE('',*,*,#2632,.F.);
#2632 = EDGE_CURVE('',#2557,#2610,#2633,.T.);
#2633 = LINE('',#2634,#2635);
#2634 = CARTESIAN_POINT('',(-40.98075326039,277.45,-63.06989568888));
#2635 = VECTOR('',#2636,1.);
#2636 = DIRECTION('',(1.,0.,0.));
#2637 = ORIENTED_EDGE('',*,*,#2556,.F.);
#2638 = B_SPLINE_SURFACE_WITH_KNOTS('',1,1,(
    (#2639,#2640)
    ,(#2641,#2642
    )),.UNSPECIFIED.,.F.,.F.,.F.,(2,2),(2,2),(0.,19.827558525385),(0.,1.
    ),.PIECEWISE_BEZIER_KNOTS.);
#2639 = CARTESIAN_POINT('',(-40.98075326039,276.25,-64.5));
#2640 = CARTESIAN_POINT('',(-39.72658543992,277.45,-63.06989568888));
#2641 = CARTESIAN_POINT('',(-21.153194735,276.25,-64.5));
#2642 = CARTESIAN_POINT('',(-21.59049580075,277.45,-63.06989568888));
#2643 = ADVANCED_FACE('',(#2644),#2662,.T.);
#2644 = FACE_BOUND('',#2645,.T.);
#2645 = EDGE_LOOP('',(#2646,#2647,#2648,#2657));
#2646 = ORIENTED_EDGE('',*,*,#2077,.F.);
#2647 = ORIENTED_EDGE('',*,*,#2464,.T.);
#2648 = ORIENTED_EDGE('',*,*,#2649,.T.);
#2649 = EDGE_CURVE('',#2465,#2650,#2652,.T.);
#2650 = VERTEX_POINT('',#2651);
#2651 = CARTESIAN_POINT('',(-52.7387749345,230.70232782978,
    -10.74247721088));
#2652 = CIRCLE('',#2653,8.);
#2653 = AXIS2_PLACEMENT_3D('',#2654,#2655,#2656);
#2654 = CARTESIAN_POINT('',(-53.11848749369,223.25,-7.858273977799));
#2655 = DIRECTION('',(-0.991444861374,2.534762780824E-16,-0.13052619222)
  );
#2656 = DIRECTION('',(1.218375533595E-16,1.,1.016509097715E-15));
#2657 = ORIENTED_EDGE('',*,*,#2658,.T.);
#2658 = EDGE_CURVE('',#2650,#2078,#2659,.T.);
#2659 = B_SPLINE_CURVE_WITH_KNOTS('',1,(#2660,#2661),.UNSPECIFIED.,.F.,
  .F.,(2,2),(0.,1.),.PIECEWISE_BEZIER_KNOTS.);
#2660 = CARTESIAN_POINT('',(-52.7387749345,230.70232782978,
    -10.74247721088));
#2661 = CARTESIAN_POINT('',(-54.35988967415,232.93802617872,
    -11.83615901719));
#2662 = CONICAL_SURFACE('',#2663,8.,0.940762417249);
#2663 = AXIS2_PLACEMENT_3D('',#2664,#2665,#2666);
#2664 = CARTESIAN_POINT('',(-53.11848749369,223.25,-7.858273977799));
#2665 = DIRECTION('',(-0.991444861374,2.427535531561E-16,-0.13052619222)
  );
#2666 = DIRECTION('',(1.110223024625E-16,1.,1.016509097715E-15));
#2667 = ADVANCED_FACE('',(#2668),#2685,.T.);
#2668 = FACE_BOUND('',#2669,.T.);
#2669 = EDGE_LOOP('',(#2670,#2671,#2679,#2684));
#2670 = ORIENTED_EDGE('',*,*,#2658,.F.);
#2671 = ORIENTED_EDGE('',*,*,#2672,.T.);
#2672 = EDGE_CURVE('',#2650,#2673,#2675,.T.);
#2673 = VERTEX_POINT('',#2674);
#2674 = CARTESIAN_POINT('',(-50.24691126485,223.25,-29.67006092802));
#2675 = LINE('',#2676,#2677);
#2676 = CARTESIAN_POINT('',(-52.7387749345,230.70232782978,
    -10.74247721088));
#2677 = VECTOR('',#2678,1.);
#2678 = DIRECTION('',(0.12159049685,-0.363636363636,-0.923571516515));
#2679 = ORIENTED_EDGE('',*,*,#2680,.T.);
#2680 = EDGE_CURVE('',#2673,#2087,#2681,.T.);
#2681 = B_SPLINE_CURVE_WITH_KNOTS('',1,(#2682,#2683),.UNSPECIFIED.,.F.,
  .F.,(2,2),(0.,1.),.PIECEWISE_BEZIER_KNOTS.);
#2682 = CARTESIAN_POINT('',(-50.24691126485,223.25,-29.67006092802));
#2683 = CARTESIAN_POINT('',(-51.1204669036,223.25,-36.44201784947));
#2684 = ORIENTED_EDGE('',*,*,#2086,.T.);
#2685 = B_SPLINE_SURFACE_WITH_KNOTS('',1,1,(
    (#2686,#2687)
    ,(#2688,#2689
    )),.UNSPECIFIED.,.F.,.F.,.F.,(2,2),(2,2),(3.043428722449E-15,
    26.642071991495),(0.,1.),.PIECEWISE_BEZIER_KNOTS.);
#2686 = CARTESIAN_POINT('',(-52.7387749345,230.70232782978,
    -10.74247721088));
#2687 = CARTESIAN_POINT('',(-54.35988967415,232.93802617872,
    -11.83615901719));
#2688 = CARTESIAN_POINT('',(-50.24691126485,223.25,-29.67006092802));
#2689 = CARTESIAN_POINT('',(-51.1204669036,223.25,-36.44201784947));
#2690 = ADVANCED_FACE('',(#2691),#2708,.T.);
#2691 = FACE_BOUND('',#2692,.T.);
#2692 = EDGE_LOOP('',(#2693,#2694,#2702,#2707));
#2693 = ORIENTED_EDGE('',*,*,#2680,.F.);
#2694 = ORIENTED_EDGE('',*,*,#2695,.T.);
#2695 = EDGE_CURVE('',#2673,#2696,#2698,.T.);
#2696 = VERTEX_POINT('',#2697);
#2697 = CARTESIAN_POINT('',(-52.7387749345,215.79767217021,
    -10.74247721088));
#2698 = LINE('',#2699,#2700);
#2699 = CARTESIAN_POINT('',(-50.24691126485,223.25,-29.67006092802));
#2700 = VECTOR('',#2701,1.);
#2701 = DIRECTION('',(-0.12159049685,-0.363636363636,0.923571516515));
#2702 = ORIENTED_EDGE('',*,*,#2703,.T.);
#2703 = EDGE_CURVE('',#2696,#2094,#2704,.T.);
#2704 = B_SPLINE_CURVE_WITH_KNOTS('',1,(#2705,#2706),.UNSPECIFIED.,.F.,
  .F.,(2,2),(0.,1.),.PIECEWISE_BEZIER_KNOTS.);
#2705 = CARTESIAN_POINT('',(-52.7387749345,215.79767217021,
    -10.74247721088));
#2706 = CARTESIAN_POINT('',(-54.35988967415,213.56197382127,
    -11.83615901719));
#2707 = ORIENTED_EDGE('',*,*,#2093,.T.);
#2708 = B_SPLINE_SURFACE_WITH_KNOTS('',1,1,(
    (#2709,#2710)
    ,(#2711,#2712
    )),.UNSPECIFIED.,.F.,.F.,.F.,(2,2),(2,2),(-6.148170459576,
    20.493901531919),(0.,1.),.PIECEWISE_BEZIER_KNOTS.);
#2709 = CARTESIAN_POINT('',(-50.24691126485,223.25,-29.67006092802));
#2710 = CARTESIAN_POINT('',(-51.1204669036,223.25,-36.44201784947));
#2711 = CARTESIAN_POINT('',(-52.7387749345,215.79767217021,
    -10.74247721088));
#2712 = CARTESIAN_POINT('',(-54.35988967415,213.56197382127,
    -11.83615901719));
#2713 = ADVANCED_FACE('',(#2714),#2726,.T.);
#2714 = FACE_BOUND('',#2715,.T.);
#2715 = EDGE_LOOP('',(#2716,#2717,#2724,#2725));
#2716 = ORIENTED_EDGE('',*,*,#2703,.F.);
#2717 = ORIENTED_EDGE('',*,*,#2718,.T.);
#2718 = EDGE_CURVE('',#2696,#2474,#2719,.T.);
#2719 = CIRCLE('',#2720,8.);
#2720 = AXIS2_PLACEMENT_3D('',#2721,#2722,#2723);
#2721 = CARTESIAN_POINT('',(-53.11848749369,223.25,-7.858273977799));
#2722 = DIRECTION('',(-0.991444861374,2.534762780824E-16,-0.13052619222)
  );
#2723 = DIRECTION('',(1.218375533595E-16,1.,1.016509097715E-15));
#2724 = ORIENTED_EDGE('',*,*,#2481,.T.);
#2725 = ORIENTED_EDGE('',*,*,#2100,.F.);
#2726 = CONICAL_SURFACE('',#2727,8.,0.940762417249);
#2727 = AXIS2_PLACEMENT_3D('',#2728,#2729,#2730);
#2728 = CARTESIAN_POINT('',(-53.11848749369,223.25,-7.858273977799));
#2729 = DIRECTION('',(-0.991444861374,2.427535531561E-16,-0.13052619222)
  );
#2730 = DIRECTION('',(1.110223024625E-16,1.,1.016509097715E-15));
#2731 = ADVANCED_FACE('',(#2732),#2755,.F.);
#2732 = FACE_BOUND('',#2733,.F.);
#2733 = EDGE_LOOP('',(#2734,#2735,#2742,#2750));
#2734 = ORIENTED_EDGE('',*,*,#2126,.T.);
#2735 = ORIENTED_EDGE('',*,*,#2736,.T.);
#2736 = EDGE_CURVE('',#2129,#2737,#2739,.T.);
#2737 = VERTEX_POINT('',#2738);
#2738 = CARTESIAN_POINT('',(-51.82585269278,208.8433360594,
    -37.28463392734));
#2739 = B_SPLINE_CURVE_WITH_KNOTS('',1,(#2740,#2741),.UNSPECIFIED.,.F.,
  .F.,(2,2),(0.,1.),.PIECEWISE_BEZIER_KNOTS.);
#2740 = CARTESIAN_POINT('',(-50.90216834064,207.,-35.3037864418));
#2741 = CARTESIAN_POINT('',(-51.82585269278,208.8433360594,
    -37.28463392734));
#2742 = ORIENTED_EDGE('',*,*,#2743,.F.);
#2743 = EDGE_CURVE('',#2744,#2737,#2746,.T.);
#2744 = VERTEX_POINT('',#2745);
#2745 = CARTESIAN_POINT('',(-48.39127419982,208.8433360594,
    -63.37284764079));
#2746 = LINE('',#2747,#2748);
#2747 = CARTESIAN_POINT('',(-48.150670563,208.8433360594,-65.20041370467
    ));
#2748 = VECTOR('',#2749,1.);
#2749 = DIRECTION('',(-0.13052619222,-2.228139641566E-16,0.991444861374)
  );
#2750 = ORIENTED_EDGE('',*,*,#2751,.F.);
#2751 = EDGE_CURVE('',#2127,#2744,#2752,.T.);
#2752 = B_SPLINE_CURVE_WITH_KNOTS('',1,(#2753,#2754),.UNSPECIFIED.,.F.,
  .F.,(2,2),(0.,1.),.PIECEWISE_BEZIER_KNOTS.);
#2753 = CARTESIAN_POINT('',(-46.98638257404,207.,-65.04713228301));
#2754 = CARTESIAN_POINT('',(-48.39127419982,208.8433360594,
    -63.37284764079));
#2755 = B_SPLINE_SURFACE_WITH_KNOTS('',1,1,(
    (#2756,#2757)
    ,(#2758,#2759
    )),.UNSPECIFIED.,.F.,.F.,.F.,(2,2),(2,2),(0.,30.),(0.,1.),
  .PIECEWISE_BEZIER_KNOTS.);
#2756 = CARTESIAN_POINT('',(-46.98638257404,207.,-65.04713228301));
#2757 = CARTESIAN_POINT('',(-48.39127419982,208.8433360594,
    -63.37284764079));
#2758 = CARTESIAN_POINT('',(-50.90216834064,207.,-35.3037864418));
#2759 = CARTESIAN_POINT('',(-51.82585269278,208.8433360594,
    -37.28463392734));
#2760 = ADVANCED_FACE('',(#2761),#2778,.F.);
#2761 = FACE_BOUND('',#2762,.F.);
#2762 = EDGE_LOOP('',(#2763,#2764,#2765,#2773));
#2763 = ORIENTED_EDGE('',*,*,#2152,.T.);
#2764 = ORIENTED_EDGE('',*,*,#2751,.T.);
#2765 = ORIENTED_EDGE('',*,*,#2766,.F.);
#2766 = EDGE_CURVE('',#2767,#2744,#2769,.T.);
#2767 = VERTEX_POINT('',#2768);
#2768 = CARTESIAN_POINT('',(-48.39127419982,268.40666394059,
    -63.37284764079));
#2769 = LINE('',#2770,#2771);
#2770 = CARTESIAN_POINT('',(-48.39127419982,270.25,-63.37284764079));
#2771 = VECTOR('',#2772,1.);
#2772 = DIRECTION('',(-1.401897114783E-17,-1.,-2.265822496352E-16));
#2773 = ORIENTED_EDGE('',*,*,#2774,.F.);
#2774 = EDGE_CURVE('',#2145,#2767,#2775,.T.);
#2775 = B_SPLINE_CURVE_WITH_KNOTS('',1,(#2776,#2777),.UNSPECIFIED.,.F.,
  .F.,(2,2),(0.,1.),.PIECEWISE_BEZIER_KNOTS.);
#2776 = CARTESIAN_POINT('',(-46.98638257404,270.25,-65.04713228301));
#2777 = CARTESIAN_POINT('',(-48.39127419982,268.40666394059,
    -63.37284764079));
#2778 = B_SPLINE_SURFACE_WITH_KNOTS('',1,1,(
    (#2779,#2780)
    ,(#2781,#2782
    )),.UNSPECIFIED.,.F.,.F.,.F.,(2,2),(2,2),(0.,63.25),(0.,1.),
  .PIECEWISE_BEZIER_KNOTS.);
#2779 = CARTESIAN_POINT('',(-46.98638257404,270.25,-65.04713228301));
#2780 = CARTESIAN_POINT('',(-48.39127419982,268.40666394059,
    -63.37284764079));
#2781 = CARTESIAN_POINT('',(-46.98638257404,207.,-65.04713228301));
#2782 = CARTESIAN_POINT('',(-48.39127419982,208.8433360594,
    -63.37284764079));
#2783 = ADVANCED_FACE('',(#2784),#2801,.F.);
#2784 = FACE_BOUND('',#2785,.F.);
#2785 = EDGE_LOOP('',(#2786,#2787,#2788,#2796));
#2786 = ORIENTED_EDGE('',*,*,#2144,.T.);
#2787 = ORIENTED_EDGE('',*,*,#2774,.T.);
#2788 = ORIENTED_EDGE('',*,*,#2789,.F.);
#2789 = EDGE_CURVE('',#2790,#2767,#2792,.T.);
#2790 = VERTEX_POINT('',#2791);
#2791 = CARTESIAN_POINT('',(-51.82585269278,268.40666394059,
    -37.28463392734));
#2792 = LINE('',#2793,#2794);
#2793 = CARTESIAN_POINT('',(-52.0664563296,268.40666394059,
    -35.45706786346));
#2794 = VECTOR('',#2795,1.);
#2795 = DIRECTION('',(0.13052619222,2.228139641566E-16,-0.991444861374)
  );
#2796 = ORIENTED_EDGE('',*,*,#2797,.F.);
#2797 = EDGE_CURVE('',#2137,#2790,#2798,.T.);
#2798 = B_SPLINE_CURVE_WITH_KNOTS('',1,(#2799,#2800),.UNSPECIFIED.,.F.,
  .F.,(2,2),(0.,1.),.PIECEWISE_BEZIER_KNOTS.);
#2799 = CARTESIAN_POINT('',(-50.90216834064,270.25,-35.3037864418));
#2800 = CARTESIAN_POINT('',(-51.82585269278,268.40666394059,
    -37.28463392734));
#2801 = B_SPLINE_SURFACE_WITH_KNOTS('',1,1,(
    (#2802,#2803)
    ,(#2804,#2805
    )),.UNSPECIFIED.,.F.,.F.,.F.,(2,2),(2,2),(0.,30.),(0.,1.),
  .PIECEWISE_BEZIER_KNOTS.);
#2802 = CARTESIAN_POINT('',(-50.90216834064,270.25,-35.3037864418));
#2803 = CARTESIAN_POINT('',(-51.82585269278,268.40666394059,
    -37.28463392734));
#2804 = CARTESIAN_POINT('',(-46.98638257404,270.25,-65.04713228301));
#2805 = CARTESIAN_POINT('',(-48.39127419982,268.40666394059,
    -63.37284764079));
#2806 = ADVANCED_FACE('',(#2807),#2818,.F.);
#2807 = FACE_BOUND('',#2808,.F.);
#2808 = EDGE_LOOP('',(#2809,#2810,#2811,#2817));
#2809 = ORIENTED_EDGE('',*,*,#2136,.T.);
#2810 = ORIENTED_EDGE('',*,*,#2797,.T.);
#2811 = ORIENTED_EDGE('',*,*,#2812,.F.);
#2812 = EDGE_CURVE('',#2737,#2790,#2813,.T.);
#2813 = LINE('',#2814,#2815);
#2814 = CARTESIAN_POINT('',(-51.82585269278,207.,-37.28463392734));
#2815 = VECTOR('',#2816,1.);
#2816 = DIRECTION('',(1.401897114783E-17,1.,2.265822496352E-16));
#2817 = ORIENTED_EDGE('',*,*,#2736,.F.);
#2818 = B_SPLINE_SURFACE_WITH_KNOTS('',1,1,(
    (#2819,#2820)
    ,(#2821,#2822
    )),.UNSPECIFIED.,.F.,.F.,.F.,(2,2),(2,2),(0.,63.25),(0.,1.),
  .PIECEWISE_BEZIER_KNOTS.);
#2819 = CARTESIAN_POINT('',(-50.90216834064,207.,-35.3037864418));
#2820 = CARTESIAN_POINT('',(-51.82585269278,208.8433360594,
    -37.28463392734));
#2821 = CARTESIAN_POINT('',(-50.90216834064,270.25,-35.3037864418));
#2822 = CARTESIAN_POINT('',(-51.82585269278,268.40666394059,
    -37.28463392734));
#2823 = ADVANCED_FACE('',(#2824),#2847,.F.);
#2824 = FACE_BOUND('',#2825,.F.);
#2825 = EDGE_LOOP('',(#2826,#2827,#2834,#2842));
#2826 = ORIENTED_EDGE('',*,*,#2210,.T.);
#2827 = ORIENTED_EDGE('',*,*,#2828,.T.);
#2828 = EDGE_CURVE('',#2213,#2829,#2831,.T.);
#2829 = VERTEX_POINT('',#2830);
#2830 = CARTESIAN_POINT('',(-40.35366935015,200.4,-63.78494784444));
#2831 = B_SPLINE_CURVE_WITH_KNOTS('',1,(#2832,#2833),.UNSPECIFIED.,.F.,
  .F.,(2,2),(0.,1.),.PIECEWISE_BEZIER_KNOTS.);
#2832 = CARTESIAN_POINT('',(-40.98075326039,201.,-64.5));
#2833 = CARTESIAN_POINT('',(-40.35366935015,200.4,-63.78494784444));
#2834 = ORIENTED_EDGE('',*,*,#2835,.F.);
#2835 = EDGE_CURVE('',#2836,#2829,#2838,.T.);
#2836 = VERTEX_POINT('',#2837);
#2837 = CARTESIAN_POINT('',(-47.78807215609,200.4,-7.315052155556));
#2838 = LINE('',#2839,#2840);
#2839 = CARTESIAN_POINT('',(-47.89449808546,200.4,-6.506666964896));
#2840 = VECTOR('',#2841,1.);
#2841 = DIRECTION('',(0.13052619222,7.886790408298E-16,-0.991444861374)
  );
#2842 = ORIENTED_EDGE('',*,*,#2843,.F.);
#2843 = EDGE_CURVE('',#2211,#2836,#2844,.T.);
#2844 = B_SPLINE_CURVE_WITH_KNOTS('',1,(#2845,#2846),.UNSPECIFIED.,.F.,
  .F.,(2,2),(0.,1.),.PIECEWISE_BEZIER_KNOTS.);
#2845 = CARTESIAN_POINT('',(-48.6034328707,201.,-6.6));
#2846 = CARTESIAN_POINT('',(-47.78807215609,200.4,-7.315052155556));
#2847 = B_SPLINE_SURFACE_WITH_KNOTS('',1,1,(
    (#2848,#2849)
    ,(#2850,#2851
    )),.UNSPECIFIED.,.F.,.F.,.F.,(2,2),(2,2),(0.,58.399616817591),(0.,1.
    ),.PIECEWISE_BEZIER_KNOTS.);
#2848 = CARTESIAN_POINT('',(-48.6034328707,201.,-6.6));
#2849 = CARTESIAN_POINT('',(-47.78807215609,200.4,-7.315052155556));
#2850 = CARTESIAN_POINT('',(-40.98075326039,201.,-64.5));
#2851 = CARTESIAN_POINT('',(-40.35366935015,200.4,-63.78494784444));
#2852 = ADVANCED_FACE('',(#2853),#2870,.F.);
#2853 = FACE_BOUND('',#2854,.F.);
#2854 = EDGE_LOOP('',(#2855,#2856,#2857,#2865));
#2855 = ORIENTED_EDGE('',*,*,#2244,.T.);
#2856 = ORIENTED_EDGE('',*,*,#2843,.T.);
#2857 = ORIENTED_EDGE('',*,*,#2858,.F.);
#2858 = EDGE_CURVE('',#2859,#2836,#2861,.T.);
#2859 = VERTEX_POINT('',#2860);
#2860 = CARTESIAN_POINT('',(26.868085834399,200.4,-7.315052155556));
#2861 = LINE('',#2862,#2863);
#2862 = CARTESIAN_POINT('',(27.333704473058,200.4,-7.315052155556));
#2863 = VECTOR('',#2864,1.);
#2864 = DIRECTION('',(-1.,-1.860834394434E-32,2.339246515653E-17));
#2865 = ORIENTED_EDGE('',*,*,#2866,.F.);
#2866 = EDGE_CURVE('',#2237,#2859,#2867,.T.);
#2867 = B_SPLINE_CURVE_WITH_KNOTS('',1,(#2868,#2869),.UNSPECIFIED.,.F.,
  .F.,(2,2),(0.,1.),.PIECEWISE_BEZIER_KNOTS.);
#2868 = CARTESIAN_POINT('',(27.333704473058,201.,-6.6));
#2869 = CARTESIAN_POINT('',(26.868085834399,200.4,-7.315052155556));
#2870 = B_SPLINE_SURFACE_WITH_KNOTS('',1,1,(
    (#2871,#2872)
    ,(#2873,#2874
    )),.UNSPECIFIED.,.F.,.F.,.F.,(2,2),(2,2),(0.,75.93713734376),(0.,1.)
  ,.PIECEWISE_BEZIER_KNOTS.);
#2871 = CARTESIAN_POINT('',(27.333704473058,201.,-6.6));
#2872 = CARTESIAN_POINT('',(26.868085834399,200.4,-7.315052155556));
#2873 = CARTESIAN_POINT('',(-48.6034328707,201.,-6.6));
#2874 = CARTESIAN_POINT('',(-47.78807215609,200.4,-7.315052155556));
#2875 = ADVANCED_FACE('',(#2876),#2893,.F.);
#2876 = FACE_BOUND('',#2877,.F.);
#2877 = EDGE_LOOP('',(#2878,#2879,#2880,#2888));
#2878 = ORIENTED_EDGE('',*,*,#2236,.T.);
#2879 = ORIENTED_EDGE('',*,*,#2866,.T.);
#2880 = ORIENTED_EDGE('',*,*,#2881,.F.);
#2881 = EDGE_CURVE('',#2882,#2859,#2884,.T.);
#2882 = VERTEX_POINT('',#2883);
#2883 = CARTESIAN_POINT('',(35.017701300431,200.4,-25.7419216242));
#2884 = LINE('',#2885,#2886);
#2885 = CARTESIAN_POINT('',(35.259754416472,200.4,-26.28922121059));
#2886 = VECTOR('',#2887,1.);
#2887 = DIRECTION('',(-0.404475685229,-7.275093762027E-16,0.91454875215)
  );
#2888 = ORIENTED_EDGE('',*,*,#2889,.F.);
#2889 = EDGE_CURVE('',#2229,#2882,#2890,.T.);
#2890 = B_SPLINE_CURVE_WITH_KNOTS('',1,(#2891,#2892),.UNSPECIFIED.,.F.,
  .F.,(2,2),(0.,1.),.PIECEWISE_BEZIER_KNOTS.);
#2891 = CARTESIAN_POINT('',(35.913704473058,201.,-26.));
#2892 = CARTESIAN_POINT('',(35.017701300431,200.4,-25.7419216242));
#2893 = B_SPLINE_SURFACE_WITH_KNOTS('',1,1,(
    (#2894,#2895)
    ,(#2896,#2897
    )),.UNSPECIFIED.,.F.,.F.,.F.,(2,2),(2,2),(0.,21.212647170969),(0.,1.
    ),.PIECEWISE_BEZIER_KNOTS.);
#2894 = CARTESIAN_POINT('',(35.913704473058,201.,-26.));
#2895 = CARTESIAN_POINT('',(35.017701300431,200.4,-25.7419216242));
#2896 = CARTESIAN_POINT('',(27.333704473058,201.,-6.6));
#2897 = CARTESIAN_POINT('',(26.868085834399,200.4,-7.315052155556));
#2898 = ADVANCED_FACE('',(#2899),#2916,.F.);
#2899 = FACE_BOUND('',#2900,.F.);
#2900 = EDGE_LOOP('',(#2901,#2902,#2903,#2911));
#2901 = ORIENTED_EDGE('',*,*,#2228,.T.);
#2902 = ORIENTED_EDGE('',*,*,#2889,.T.);
#2903 = ORIENTED_EDGE('',*,*,#2904,.F.);
#2904 = EDGE_CURVE('',#2905,#2882,#2907,.T.);
#2905 = VERTEX_POINT('',#2906);
#2906 = CARTESIAN_POINT('',(-21.37184526788,200.4,-63.78494784444));
#2907 = LINE('',#2908,#2909);
#2908 = CARTESIAN_POINT('',(-21.55310315556,200.4,-63.90723289536));
#2909 = VECTOR('',#2910,1.);
#2910 = DIRECTION('',(0.828984431452,-4.448919648328E-16,0.559271680323)
  );
#2911 = ORIENTED_EDGE('',*,*,#2912,.F.);
#2912 = EDGE_CURVE('',#2221,#2905,#2913,.T.);
#2913 = B_SPLINE_CURVE_WITH_KNOTS('',1,(#2914,#2915),.UNSPECIFIED.,.F.,
  .F.,(2,2),(0.,1.),.PIECEWISE_BEZIER_KNOTS.);
#2914 = CARTESIAN_POINT('',(-21.153194735,201.,-64.5));
#2915 = CARTESIAN_POINT('',(-21.37184526788,200.4,-63.78494784444));
#2916 = B_SPLINE_SURFACE_WITH_KNOTS('',1,1,(
    (#2917,#2918)
    ,(#2919,#2920
    )),.UNSPECIFIED.,.F.,.F.,.F.,(2,2),(2,2),(0.,68.839530687124),(0.,1.
    ),.PIECEWISE_BEZIER_KNOTS.);
#2917 = CARTESIAN_POINT('',(-21.153194735,201.,-64.5));
#2918 = CARTESIAN_POINT('',(-21.37184526788,200.4,-63.78494784444));
#2919 = CARTESIAN_POINT('',(35.913704473058,201.,-26.));
#2920 = CARTESIAN_POINT('',(35.017701300431,200.4,-25.7419216242));
#2921 = ADVANCED_FACE('',(#2922),#2933,.F.);
#2922 = FACE_BOUND('',#2923,.F.);
#2923 = EDGE_LOOP('',(#2924,#2925,#2926,#2932));
#2924 = ORIENTED_EDGE('',*,*,#2220,.T.);
#2925 = ORIENTED_EDGE('',*,*,#2912,.T.);
#2926 = ORIENTED_EDGE('',*,*,#2927,.F.);
#2927 = EDGE_CURVE('',#2829,#2905,#2928,.T.);
#2928 = LINE('',#2929,#2930);
#2929 = CARTESIAN_POINT('',(-40.98075326039,200.4,-63.78494784444));
#2930 = VECTOR('',#2931,1.);
#2931 = DIRECTION('',(1.,0.,0.));
#2932 = ORIENTED_EDGE('',*,*,#2828,.F.);
#2933 = B_SPLINE_SURFACE_WITH_KNOTS('',1,1,(
    (#2934,#2935)
    ,(#2936,#2937
    )),.UNSPECIFIED.,.F.,.F.,.F.,(2,2),(2,2),(0.,19.827558525385),(0.,1.
    ),.PIECEWISE_BEZIER_KNOTS.);
#2934 = CARTESIAN_POINT('',(-40.98075326039,201.,-64.5));
#2935 = CARTESIAN_POINT('',(-40.35366935015,200.4,-63.78494784444));
#2936 = CARTESIAN_POINT('',(-21.153194735,201.,-64.5));
#2937 = CARTESIAN_POINT('',(-21.37184526788,200.4,-63.78494784444));
#2938 = ADVANCED_FACE('',(#2939),#2946,.F.);
#2939 = FACE_BOUND('',#2940,.T.);
#2940 = EDGE_LOOP('',(#2941,#2942,#2943,#2944,#2945));
#2941 = ORIENTED_EDGE('',*,*,#2280,.T.);
#2942 = ORIENTED_EDGE('',*,*,#2372,.T.);
#2943 = ORIENTED_EDGE('',*,*,#2347,.T.);
#2944 = ORIENTED_EDGE('',*,*,#2391,.T.);
#2945 = ORIENTED_EDGE('',*,*,#2322,.F.);
#2946 = CYLINDRICAL_SURFACE('',#2947,3.);
#2947 = AXIS2_PLACEMENT_3D('',#2948,#2949,#2950);
#2948 = CARTESIAN_POINT('',(-54.65522702882,139.75,-8.06058957574));
#2949 = DIRECTION('',(-0.991444861374,2.817693086276E-16,-0.13052619222)
  );
#2950 = DIRECTION('',(-1.681392619741E-16,-1.,-8.815740304002E-16));
#2951 = ADVANCED_FACE('',(#2952),#2986,.F.);
#2952 = FACE_BOUND('',#2953,.F.);
#2953 = EDGE_LOOP('',(#2954,#2962,#2970,#2979,#2985));
#2954 = ORIENTED_EDGE('',*,*,#2955,.F.);
#2955 = EDGE_CURVE('',#2956,#2411,#2958,.T.);
#2956 = VERTEX_POINT('',#2957);
#2957 = CARTESIAN_POINT('',(-52.47890915181,223.25,-12.71635379853));
#2958 = LINE('',#2959,#2960);
#2959 = CARTESIAN_POINT('',(-52.42933690874,223.25,-12.70982748891));
#2960 = VECTOR('',#2961,1.);
#2961 = DIRECTION('',(-0.991444861374,1.042562859037E-16,-0.13052619222)
  );
#2962 = ORIENTED_EDGE('',*,*,#2963,.T.);
#2963 = EDGE_CURVE('',#2956,#2964,#2966,.T.);
#2964 = VERTEX_POINT('',#2965);
#2965 = CARTESIAN_POINT('',(-52.52564986972,222.97871625089,
    -12.36132279821));
#2966 = LINE('',#2967,#2968);
#2967 = CARTESIAN_POINT('',(-52.89745730313,220.82074095682,
    -9.537164956734));
#2968 = VECTOR('',#2969,1.);
#2969 = DIRECTION('',(-0.104041402947,-0.603857687995,0.790272914329));
#2970 = ORIENTED_EDGE('',*,*,#2971,.T.);
#2971 = EDGE_CURVE('',#2964,#2972,#2974,.T.);
#2972 = VERTEX_POINT('',#2973);
#2973 = CARTESIAN_POINT('',(-54.37052172646,221.19031215356,
    -10.22314104705));
#2974 = HYPERBOLA('',#2975,2.958902671178,2.958902671178);
#2975 = AXIS2_PLACEMENT_3D('',#2976,#2977,#2978);
#2976 = CARTESIAN_POINT('',(-57.39634313938,220.89148191365,
    -10.22363833207));
#2977 = DIRECTION('',(7.881924465685E-02,-0.797092148154,-0.598691601764
    ));
#2978 = DIRECTION('',(0.991444861374,-1.328796503603E-16,0.13052619222)
  );
#2979 = ORIENTED_EDGE('',*,*,#2980,.T.);
#2980 = EDGE_CURVE('',#2972,#2413,#2981,.T.);
#2981 = LINE('',#2982,#2983);
#2982 = CARTESIAN_POINT('',(-54.37052172646,221.19031215356,
    -10.22314104705));
#2983 = VECTOR('',#2984,1.);
#2984 = DIRECTION('',(-0.991444861374,2.817693086276E-16,-0.13052619222)
  );
#2985 = ORIENTED_EDGE('',*,*,#2410,.F.);
#2986 = PLANE('',#2987);
#2987 = AXIS2_PLACEMENT_3D('',#2988,#2989,#2990);
#2988 = CARTESIAN_POINT('',(-52.86007334307,220.75,-9.438059446386));
#2989 = DIRECTION('',(7.881924465685E-02,-0.797092148154,-0.598691601764
    ));
#2990 = DIRECTION('',(0.104041402947,0.603857687995,-0.790272914329));
#2991 = ADVANCED_FACE('',(#2992),#3019,.F.);
#2992 = FACE_BOUND('',#2993,.F.);
#2993 = EDGE_LOOP('',(#2994,#3005,#3011,#3012,#3013));
#2994 = ORIENTED_EDGE('',*,*,#2995,.T.);
#2995 = EDGE_CURVE('',#2996,#2998,#3000,.T.);
#2996 = VERTEX_POINT('',#2997);
#2997 = CARTESIAN_POINT('',(-54.37052172646,225.30968784643,
    -10.22314104705));
#2998 = VERTEX_POINT('',#2999);
#2999 = CARTESIAN_POINT('',(-52.52564986972,223.5212837491,
    -12.36132279821));
#3000 = HYPERBOLA('',#3001,2.958902671178,2.958902671178);
#3001 = AXIS2_PLACEMENT_3D('',#3002,#3003,#3004);
#3002 = CARTESIAN_POINT('',(-57.39634313938,225.60851808634,
    -10.22363833207));
#3003 = DIRECTION('',(7.881924465685E-02,0.797092148154,-0.598691601764)
  );
#3004 = DIRECTION('',(0.991444861374,-1.890778014121E-16,0.13052619222)
  );
#3005 = ORIENTED_EDGE('',*,*,#3006,.T.);
#3006 = EDGE_CURVE('',#2998,#2956,#3007,.T.);
#3007 = LINE('',#3008,#3009);
#3008 = CARTESIAN_POINT('',(-52.68208908597,224.42925904317,
    -11.173048978));
#3009 = VECTOR('',#3010,1.);
#3010 = DIRECTION('',(0.104041402947,-0.603857687995,-0.790272914329));
#3011 = ORIENTED_EDGE('',*,*,#2955,.T.);
#3012 = ORIENTED_EDGE('',*,*,#2429,.F.);
#3013 = ORIENTED_EDGE('',*,*,#3014,.F.);
#3014 = EDGE_CURVE('',#2996,#2421,#3015,.T.);
#3015 = LINE('',#3016,#3017);
#3016 = CARTESIAN_POINT('',(-54.37052172646,225.30968784643,
    -10.22314104705));
#3017 = VECTOR('',#3018,1.);
#3018 = DIRECTION('',(-0.991444861374,2.817693086276E-16,-0.13052619222)
  );
#3019 = PLANE('',#3020);
#3020 = AXIS2_PLACEMENT_3D('',#3021,#3022,#3023);
#3021 = CARTESIAN_POINT('',(-52.42933690874,223.25,-12.70982748891));
#3022 = DIRECTION('',(7.881924465685E-02,0.797092148154,-0.598691601764)
  );
#3023 = DIRECTION('',(-0.104041402947,0.603857687995,0.790272914329));
#3024 = ADVANCED_FACE('',(#3025),#3046,.F.);
#3025 = FACE_BOUND('',#3026,.T.);
#3026 = EDGE_LOOP('',(#3027,#3036,#3043,#3044,#3045));
#3027 = ORIENTED_EDGE('',*,*,#3028,.T.);
#3028 = EDGE_CURVE('',#2996,#3029,#3031,.T.);
#3029 = VERTEX_POINT('',#3030);
#3030 = CARTESIAN_POINT('',(-54.65522702882,220.25,-8.06058957574));
#3031 = CIRCLE('',#3032,3.);
#3032 = AXIS2_PLACEMENT_3D('',#3033,#3034,#3035);
#3033 = CARTESIAN_POINT('',(-54.65522702882,223.25,-8.06058957574));
#3034 = DIRECTION('',(0.991444861374,-2.817693086276E-16,0.13052619222)
  );
#3035 = DIRECTION('',(-1.681392619741E-16,-1.,-8.815740304002E-16));
#3036 = ORIENTED_EDGE('',*,*,#3037,.T.);
#3037 = EDGE_CURVE('',#3029,#2972,#3038,.T.);
#3038 = CIRCLE('',#3039,3.);
#3039 = AXIS2_PLACEMENT_3D('',#3040,#3041,#3042);
#3040 = CARTESIAN_POINT('',(-54.65522702882,223.25,-8.06058957574));
#3041 = DIRECTION('',(0.991444861374,-2.817693086276E-16,0.13052619222)
  );
#3042 = DIRECTION('',(-1.681392619741E-16,-1.,-8.815740304002E-16));
#3043 = ORIENTED_EDGE('',*,*,#2980,.T.);
#3044 = ORIENTED_EDGE('',*,*,#2420,.T.);
#3045 = ORIENTED_EDGE('',*,*,#3014,.F.);
#3046 = CYLINDRICAL_SURFACE('',#3047,3.);
#3047 = AXIS2_PLACEMENT_3D('',#3048,#3049,#3050);
#3048 = CARTESIAN_POINT('',(-54.65522702882,223.25,-8.06058957574));
#3049 = DIRECTION('',(-0.991444861374,2.817693086276E-16,-0.13052619222)
  );
#3050 = DIRECTION('',(-1.681392619741E-16,-1.,-8.815740304002E-16));
#3051 = ADVANCED_FACE('',(#3052,#3059),#3079,.F.);
#3052 = FACE_BOUND('',#3053,.F.);
#3053 = EDGE_LOOP('',(#3054,#3055,#3056,#3057,#3058));
#3054 = ORIENTED_EDGE('',*,*,#2672,.T.);
#3055 = ORIENTED_EDGE('',*,*,#2695,.T.);
#3056 = ORIENTED_EDGE('',*,*,#2718,.T.);
#3057 = ORIENTED_EDGE('',*,*,#2473,.T.);
#3058 = ORIENTED_EDGE('',*,*,#2649,.T.);
#3059 = FACE_BOUND('',#3060,.F.);
#3060 = EDGE_LOOP('',(#3061,#3070,#3077,#3078));
#3061 = ORIENTED_EDGE('',*,*,#3062,.F.);
#3062 = EDGE_CURVE('',#3063,#2998,#3065,.T.);
#3063 = VERTEX_POINT('',#3064);
#3064 = CARTESIAN_POINT('',(-53.11848749369,218.7,-7.858273977799));
#3065 = CIRCLE('',#3066,4.55);
#3066 = AXIS2_PLACEMENT_3D('',#3067,#3068,#3069);
#3067 = CARTESIAN_POINT('',(-53.11848749369,223.25,-7.858273977799));
#3068 = DIRECTION('',(-0.991444861374,2.817693086276E-16,-0.13052619222)
  );
#3069 = DIRECTION('',(-1.672697776277E-16,-1.,-8.881784197001E-16));
#3070 = ORIENTED_EDGE('',*,*,#3071,.F.);
#3071 = EDGE_CURVE('',#2964,#3063,#3072,.T.);
#3072 = CIRCLE('',#3073,4.55);
#3073 = AXIS2_PLACEMENT_3D('',#3074,#3075,#3076);
#3074 = CARTESIAN_POINT('',(-53.11848749369,223.25,-7.858273977799));
#3075 = DIRECTION('',(-0.991444861374,2.817693086276E-16,-0.13052619222)
  );
#3076 = DIRECTION('',(-1.672697776277E-16,-1.,-8.881784197001E-16));
#3077 = ORIENTED_EDGE('',*,*,#2963,.F.);
#3078 = ORIENTED_EDGE('',*,*,#3006,.F.);
#3079 = PLANE('',#3080);
#3080 = AXIS2_PLACEMENT_3D('',#3081,#3082,#3083);
#3081 = CARTESIAN_POINT('',(-53.11848749369,223.25,-7.858273977799));
#3082 = DIRECTION('',(-0.991444861374,2.427535531561E-16,-0.13052619222)
  );
#3083 = DIRECTION('',(1.110223024625E-16,1.,1.016509097715E-15));
#3084 = ADVANCED_FACE('',(#3085),#3091,.T.);
#3085 = FACE_BOUND('',#3086,.T.);
#3086 = EDGE_LOOP('',(#3087,#3088,#3089,#3090));
#3087 = ORIENTED_EDGE('',*,*,#2632,.T.);
#3088 = ORIENTED_EDGE('',*,*,#2609,.T.);
#3089 = ORIENTED_EDGE('',*,*,#2586,.T.);
#3090 = ORIENTED_EDGE('',*,*,#2563,.T.);
#3091 = PLANE('',#3092);
#3092 = AXIS2_PLACEMENT_3D('',#3093,#3094,#3095);
#3093 = CARTESIAN_POINT('',(-39.72658543992,277.45,-63.06989568888));
#3094 = DIRECTION('',(0.,-1.,-4.440892098501E-16));
#3095 = DIRECTION('',(0.882834229601,-2.085819099639E-16,0.469684705995)
  );
#3096 = ADVANCED_FACE('',(#3097),#3103,.T.);
#3097 = FACE_BOUND('',#3098,.F.);
#3098 = EDGE_LOOP('',(#3099,#3100,#3101,#3102));
#3099 = ORIENTED_EDGE('',*,*,#2812,.T.);
#3100 = ORIENTED_EDGE('',*,*,#2789,.T.);
#3101 = ORIENTED_EDGE('',*,*,#2766,.T.);
#3102 = ORIENTED_EDGE('',*,*,#2743,.T.);
#3103 = PLANE('',#3104);
#3104 = AXIS2_PLACEMENT_3D('',#3105,#3106,#3107);
#3105 = CARTESIAN_POINT('',(-51.82585269278,208.8433360594,
    -37.28463392734));
#3106 = DIRECTION('',(0.991444861374,-4.347395517581E-17,0.13052619222)
  );
#3107 = DIRECTION('',(5.274499255005E-02,0.914716985441,-0.400637994088)
  );
#3108 = ADVANCED_FACE('',(#3109),#3116,.F.);
#3109 = FACE_BOUND('',#3110,.F.);
#3110 = EDGE_LOOP('',(#3111,#3112,#3113,#3114,#3115));
#3111 = ORIENTED_EDGE('',*,*,#2927,.T.);
#3112 = ORIENTED_EDGE('',*,*,#2904,.T.);
#3113 = ORIENTED_EDGE('',*,*,#2881,.T.);
#3114 = ORIENTED_EDGE('',*,*,#2858,.T.);
#3115 = ORIENTED_EDGE('',*,*,#2835,.T.);
#3116 = PLANE('',#3117);
#3117 = AXIS2_PLACEMENT_3D('',#3118,#3119,#3120);
#3118 = CARTESIAN_POINT('',(-40.35366935015,200.4,-63.78494784444));
#3119 = DIRECTION('',(1.55655651468E-32,-1.,-8.067651508016E-16));
#3120 = DIRECTION('',(0.765684549694,-5.189244712946E-16,0.643216270285)
  );
#3121 = ADVANCED_FACE('',(#3122),#3133,.F.);
#3122 = FACE_BOUND('',#3123,.T.);
#3123 = EDGE_LOOP('',(#3124,#3130,#3131,#3132));
#3124 = ORIENTED_EDGE('',*,*,#3125,.F.);
#3125 = EDGE_CURVE('',#3063,#3029,#3126,.T.);
#3126 = LINE('',#3127,#3128);
#3127 = CARTESIAN_POINT('',(-53.06891525062,218.65,-7.851747668188));
#3128 = VECTOR('',#3129,1.);
#3129 = DIRECTION('',(-0.70105738465,0.707106781187,-9.229595564126E-02)
  );
#3130 = ORIENTED_EDGE('',*,*,#3071,.F.);
#3131 = ORIENTED_EDGE('',*,*,#2971,.T.);
#3132 = ORIENTED_EDGE('',*,*,#3037,.F.);
#3133 = CONICAL_SURFACE('',#3134,4.6,0.785398163397);
#3134 = AXIS2_PLACEMENT_3D('',#3135,#3136,#3137);
#3135 = CARTESIAN_POINT('',(-53.06891525062,223.25,-7.851747668188));
#3136 = DIRECTION('',(0.991444861374,-2.817693086276E-16,0.13052619222)
  );
#3137 = DIRECTION('',(-1.672697776277E-16,-1.,-8.881784197001E-16));
#3138 = ADVANCED_FACE('',(#3139),#3145,.F.);
#3139 = FACE_BOUND('',#3140,.T.);
#3140 = EDGE_LOOP('',(#3141,#3142,#3143,#3144));
#3141 = ORIENTED_EDGE('',*,*,#3062,.F.);
#3142 = ORIENTED_EDGE('',*,*,#3125,.T.);
#3143 = ORIENTED_EDGE('',*,*,#3028,.F.);
#3144 = ORIENTED_EDGE('',*,*,#2995,.T.);
#3145 = CONICAL_SURFACE('',#3146,4.6,0.785398163397);
#3146 = AXIS2_PLACEMENT_3D('',#3147,#3148,#3149);
#3147 = CARTESIAN_POINT('',(-53.06891525062,223.25,-7.851747668188));
#3148 = DIRECTION('',(0.991444861374,-2.817693086276E-16,0.13052619222)
  );
#3149 = DIRECTION('',(-1.672697776277E-16,-1.,-8.881784197001E-16));
#3150 = ( GEOMETRIC_REPRESENTATION_CONTEXT(3) 
GLOBAL_UNCERTAINTY_ASSIGNED_CONTEXT((#3154)) 
GLOBAL_UNIT_ASSIGNED_CONTEXT((#3151,#3152,#3153)) REPRESENTATION_CONTEXT
('Context #1','3D Context with UNIT and UNCERTAINTY') );
#3151 = ( LENGTH_UNIT() NAMED_UNIT(*) SI_UNIT(.MILLI.,.METRE.) );
#3152 = ( NAMED_UNIT(*) PLANE_ANGLE_UNIT() SI_UNIT($,.RADIAN.) );
#3153 = ( NAMED_UNIT(*) SI_UNIT($,.STERADIAN.) SOLID_ANGLE_UNIT() );
#3154 = UNCERTAINTY_MEASURE_WITH_UNIT(LENGTH_MEASURE(2.E-07),#3151,
  'distance_accuracy_value','confusion accuracy');
#3155 = PRODUCT_RELATED_PRODUCT_CATEGORY('part',$,(#7));
ENDSEC;
END-ISO-10303-21;
